{"model": {"model_name": "GPT_2-6B", "num_layers": 34, "parameters": {"total_parameters_bytes": 11119165440, "parameters_per_layer_bytes": [524288000, 314705920, 314705920, 314705920, 314705920, 314705920, 314705920, 314705920, 314705920, 314705920, 314705920, 314705920, 314705920, 314705920, 314705920, 314705920, 314705920, 314705920, 314705920, 314705920, 314705920, 314705920, 314705920, 314705920, 314705920, 314705920, 314705920, 314705920, 314705920, 314705920, 314705920, 314705920, 314705920, 524288000]}}, "execution_time": {"batch_generator_time_ms": 0, "optimizer_time_ms": 0, "layer_compute_total_ms": [586.064599609375, 2341.63095703125, 2341.63095703125, 2341.63095703125, 2341.63095703125, 2341.63095703125, 2341.63095703125, 2341.63095703125, 2341.63095703125, 2341.63095703125, 2341.63095703125, 2341.63095703125, 2341.63095703125, 2341.63095703125, 2341.63095703125, 2341.63095703125, 2341.63095703125, 2341.63095703125, 2341.63095703125, 2341.63095703125, 2341.63095703125, 2341.63095703125, 2341.63095703125, 2341.63095703125, 2341.63095703125, 2341.63095703125, 2341.63095703125, 2341.63095703125, 2341.63095703125, 2341.63095703125, 2341.63095703125, 2341.63095703125, 2341.63095703125, 20000.0], "forward_backward_time_ms": 95518.25522460937}, "execution_memory": {"layer_memory_total_mb": [4908.0, 4531.45703125, 4531.45703125, 4531.45703125, 4531.45703125, 4531.45703125, 4531.45703125, 4531.45703125, 4531.45703125, 4531.45703125, 4531.45703125, 4531.45703125, 4531.45703125, 4531.45703125, 4531.45703125, 4531.45703125, 4531.45703125, 4531.45703125, 4531.45703125, 4531.45703125, 4531.45703125, 4531.45703125, 4531.45703125, 4531.45703125, 4531.45703125, 4531.45703125, 4531.45703125, 4531.45703125, 4531.45703125, 4531.45703125, 4531.45703125, 4531.45703125, 4531.45703125, 110000000.0], "total_memory": 110149914.625}}