{"model": {"model_name": "GPT_2-6B", "num_layers": 34, "parameters": {"total_parameters_bytes": 11119165440, "parameters_per_layer_bytes": [524288000, 314705920, 314705920, 314705920, 314705920, 314705920, 314705920, 314705920, 314705920, 314705920, 314705920, 314705920, 314705920, 314705920, 314705920, 314705920, 314705920, 314705920, 314705920, 314705920, 314705920, 314705920, 314705920, 314705920, 314705920, 314705920, 314705920, 314705920, 314705920, 314705920, 314705920, 314705920, 314705920, 524288000]}}, "execution_time": {"batch_generator_time_ms": 0, "optimizer_time_ms": 0, "layer_compute_total_ms": [153.17974853515625, 497.2164794921875, 497.2164794921875, 497.2164794921875, 497.2164794921875, 497.2164794921875, 497.2164794921875, 497.2164794921875, 497.2164794921875, 497.2164794921875, 497.2164794921875, 497.2164794921875, 497.2164794921875, 497.2164794921875, 497.2164794921875, 497.2164794921875, 497.2164794921875, 497.2164794921875, 497.2164794921875, 497.2164794921875, 497.2164794921875, 497.2164794921875, 497.2164794921875, 497.2164794921875, 497.2164794921875, 497.2164794921875, 497.2164794921875, 497.2164794921875, 497.2164794921875, 497.2164794921875, 497.2164794921875, 497.2164794921875, 497.2164794921875, 166.23677978515624], "forward_backward_time_ms": 16230.343872070322}, "execution_memory": {"layer_memory_total_mb": [2544.0, 998.5634765625, 998.5634765625, 998.5634765625, 998.5634765625, 998.5634765625, 998.5634765625, 998.5634765625, 998.5634765625, 998.5634765625, 998.5634765625, 998.5634765625, 998.5634765625, 998.5634765625, 998.5634765625, 998.5634765625, 998.5634765625, 998.5634765625, 998.5634765625, 998.5634765625, 998.5634765625, 998.5634765625, 998.5634765625, 998.5634765625, 998.5634765625, 998.5634765625, 998.5634765625, 998.5634765625, 998.5634765625, 998.5634765625, 998.5634765625, 998.5634765625, 998.5634765625, 2250.0], "total_memory": 36748.03125}}