{"model": {"model_name": "GPT_2-6B", "num_layers": 34, "parameters": {"total_parameters_bytes": 11119165440, "parameters_per_layer_bytes": [524288000, 314705920, 314705920, 314705920, 314705920, 314705920, 314705920, 314705920, 314705920, 314705920, 314705920, 314705920, 314705920, 314705920, 314705920, 314705920, 314705920, 314705920, 314705920, 314705920, 314705920, 314705920, 314705920, 314705920, 314705920, 314705920, 314705920, 314705920, 314705920, 314705920, 314705920, 314705920, 314705920, 524288000]}}, "execution_time": {"batch_generator_time_ms": 0, "optimizer_time_ms": 0, "layer_compute_total_ms": [37.57424621582031, 1514.590576171875, 1514.590576171875, 1514.590576171875, 1514.590576171875, 1514.590576171875, 1514.590576171875, 1514.590576171875, 1514.590576171875, 1514.590576171875, 1514.590576171875, 1514.590576171875, 1514.590576171875, 1514.590576171875, 1514.590576171875, 1514.590576171875, 1514.590576171875, 1514.590576171875, 1514.590576171875, 1514.590576171875, 1514.590576171875, 1514.590576171875, 1514.590576171875, 1514.590576171875, 1514.590576171875, 1514.590576171875, 1514.590576171875, 1514.590576171875, 1514.590576171875, 1514.590576171875, 1514.590576171875, 1514.590576171875, 1514.590576171875, 20000.0], "forward_backward_time_ms": 68504.47268371582}, "execution_memory": {"layer_memory_total_mb": [5906.0, 11280.5, 11280.5, 11280.5, 11280.5, 11280.5, 11280.5, 11280.5, 11280.5, 11280.5, 11280.5, 11280.5, 11280.5, 11280.5, 11280.5, 11280.5, 11280.5, 11280.5, 11280.5, 11280.5, 11280.5, 11280.5, 11280.5, 11280.5, 11280.5, 11280.5, 11280.5, 11280.5, 11280.5, 11280.5, 11280.5, 11280.5, 11280.5, 110000000.0], "total_memory": 110366882.0}}