{"model": {"model_name": "GPT_2-6B", "num_layers": 34, "parameters": {"total_parameters_bytes": 11119165440, "parameters_per_layer_bytes": [524288000, 314705920, 314705920, 314705920, 314705920, 314705920, 314705920, 314705920, 314705920, 314705920, 314705920, 314705920, 314705920, 314705920, 314705920, 314705920, 314705920, 314705920, 314705920, 314705920, 314705920, 314705920, 314705920, 314705920, 314705920, 314705920, 314705920, 314705920, 314705920, 314705920, 314705920, 314705920, 314705920, 524288000]}}, "execution_time": {"batch_generator_time_ms": 0, "optimizer_time_ms": 0, "layer_compute_total_ms": [252.47764892578124, 1196.817578125, 1196.817578125, 1196.817578125, 1196.817578125, 1196.817578125, 1196.817578125, 1196.817578125, 1196.817578125, 1196.817578125, 1196.817578125, 1196.817578125, 1196.817578125, 1196.817578125, 1196.817578125, 1196.817578125, 1196.817578125, 1196.817578125, 1196.817578125, 1196.817578125, 1196.817578125, 1196.817578125, 1196.817578125, 1196.817578125, 1196.817578125, 1196.817578125, 1196.817578125, 1196.817578125, 1196.817578125, 1196.817578125, 1196.817578125, 1196.817578125, 1196.817578125, 20000.0], "forward_backward_time_ms": 58550.640148925784}, "execution_memory": {"layer_memory_total_mb": [4908.0, 5564.5009765625, 5564.5009765625, 5564.5009765625, 5564.5009765625, 5564.5009765625, 5564.5009765625, 5564.5009765625, 5564.5009765625, 5564.5009765625, 5564.5009765625, 5564.5009765625, 5564.5009765625, 5564.5009765625, 5564.5009765625, 5564.5009765625, 5564.5009765625, 5564.5009765625, 5564.5009765625, 5564.5009765625, 5564.5009765625, 5564.5009765625, 5564.5009765625, 5564.5009765625, 5564.5009765625, 5564.5009765625, 5564.5009765625, 5564.5009765625, 5564.5009765625, 5564.5009765625, 5564.5009765625, 5564.5009765625, 5564.5009765625, 110000000.0], "total_memory": 110182972.03125}}