{"model": {"model_name": "GPT_2-6B", "num_layers": 34, "parameters": {"total_parameters_bytes": 11119165440, "parameters_per_layer_bytes": [524288000, 314705920, 314705920, 314705920, 314705920, 314705920, 314705920, 314705920, 314705920, 314705920, 314705920, 314705920, 314705920, 314705920, 314705920, 314705920, 314705920, 314705920, 314705920, 314705920, 314705920, 314705920, 314705920, 314705920, 314705920, 314705920, 314705920, 314705920, 314705920, 314705920, 314705920, 314705920, 314705920, 524288000]}}, "execution_time": {"batch_generator_time_ms": 0, "optimizer_time_ms": 0, "layer_compute_total_ms": [407.9076293945312, 1366.184765625, 1366.184765625, 1366.184765625, 1366.184765625, 1366.184765625, 1366.184765625, 1366.184765625, 1366.184765625, 1366.184765625, 1366.184765625, 1366.184765625, 1366.184765625, 1366.184765625, 1366.184765625, 1366.184765625, 1366.184765625, 1366.184765625, 1366.184765625, 1366.184765625, 1366.184765625, 1366.184765625, 1366.184765625, 1366.184765625, 1366.184765625, 1366.184765625, 1366.184765625, 1366.184765625, 1366.184765625, 1366.184765625, 1366.184765625, 1366.184765625, 1366.184765625, 442.861474609375], "forward_backward_time_ms": 44568.68160400392}, "execution_memory": {"layer_memory_total_mb": [2774.0, 1566.0625, 1566.0625, 1566.0625, 1566.0625, 1566.0625, 1566.0625, 1566.0625, 1566.0625, 1566.0625, 1566.0625, 1566.0625, 1566.0625, 1566.0625, 1566.0625, 1566.0625, 1566.0625, 1566.0625, 1566.0625, 1566.0625, 1566.0625, 1566.0625, 1566.0625, 1566.0625, 1566.0625, 1566.0625, 1566.0625, 1566.0625, 1566.0625, 1566.0625, 1566.0625, 1566.0625, 1566.0625, 4500.0], "total_memory": 57388.0}}