{"model": {"model_name": "GPT_2-6B", "num_layers": 34, "parameters": {"total_parameters_bytes": 11119165440, "parameters_per_layer_bytes": [524288000, 314705920, 314705920, 314705920, 314705920, 314705920, 314705920, 314705920, 314705920, 314705920, 314705920, 314705920, 314705920, 314705920, 314705920, 314705920, 314705920, 314705920, 314705920, 314705920, 314705920, 314705920, 314705920, 314705920, 314705920, 314705920, 314705920, 314705920, 314705920, 314705920, 314705920, 314705920, 314705920, 524288000]}}, "execution_time": {"batch_generator_time_ms": 0, "optimizer_time_ms": 0, "layer_compute_total_ms": [19.31141052246094, 761.1789306640625, 761.1789306640625, 761.1789306640625, 761.1789306640625, 761.1789306640625, 761.1789306640625, 761.1789306640625, 761.1789306640625, 761.1789306640625, 761.1789306640625, 761.1789306640625, 761.1789306640625, 761.1789306640625, 761.1789306640625, 761.1789306640625, 761.1789306640625, 761.1789306640625, 761.1789306640625, 761.1789306640625, 761.1789306640625, 761.1789306640625, 761.1789306640625, 761.1789306640625, 761.1789306640625, 761.1789306640625, 761.1789306640625, 761.1789306640625, 761.1789306640625, 761.1789306640625, 761.1789306640625, 761.1789306640625, 761.1789306640625, 20000.0], "forward_backward_time_ms": 44377.03719177247}, "execution_memory": {"layer_memory_total_mb": [4674.0, 5920.25, 5920.25, 5920.25, 5920.25, 5920.25, 5920.25, 5920.25, 5920.25, 5920.25, 5920.25, 5920.25, 5920.25, 5920.25, 5920.25, 5920.25, 5920.25, 5920.25, 5920.25, 5920.25, 5920.25, 5920.25, 5920.25, 5920.25, 5920.25, 5920.25, 5920.25, 5920.25, 5920.25, 5920.25, 5920.25, 5920.25, 5920.25, 110000000.0], "total_memory": 110194122.0}}