{"model": {"model_name": "GPT_2-6B", "num_layers": 34, "parameters": {"total_parameters_bytes": 11119165440, "parameters_per_layer_bytes": [524288000, 314705920, 314705920, 314705920, 314705920, 314705920, 314705920, 314705920, 314705920, 314705920, 314705920, 314705920, 314705920, 314705920, 314705920, 314705920, 314705920, 314705920, 314705920, 314705920, 314705920, 314705920, 314705920, 314705920, 314705920, 314705920, 314705920, 314705920, 314705920, 314705920, 314705920, 314705920, 314705920, 524288000]}}, "execution_time": {"batch_generator_time_ms": 0, "optimizer_time_ms": 0, "layer_compute_total_ms": [910.593115234375, 2975.0701171875, 2975.0701171875, 2975.0701171875, 2975.0701171875, 2975.0701171875, 2975.0701171875, 2975.0701171875, 2975.0701171875, 2975.0701171875, 2975.0701171875, 2975.0701171875, 2975.0701171875, 2975.0701171875, 2975.0701171875, 2975.0701171875, 2975.0701171875, 2975.0701171875, 2975.0701171875, 2975.0701171875, 2975.0701171875, 2975.0701171875, 2975.0701171875, 2975.0701171875, 2975.0701171875, 2975.0701171875, 2975.0701171875, 2975.0701171875, 2975.0701171875, 2975.0701171875, 2975.0701171875, 2975.0701171875, 2975.0701171875, 921.75029296875], "forward_backward_time_ms": 97034.58715820307}, "execution_memory": {"layer_memory_total_mb": [3678.0, 2139.0634765625, 2139.0634765625, 2139.0634765625, 2139.0634765625, 2139.0634765625, 2139.0634765625, 2139.0634765625, 2139.0634765625, 2139.0634765625, 2139.0634765625, 2139.0634765625, 2139.0634765625, 2139.0634765625, 2139.0634765625, 2139.0634765625, 2139.0634765625, 2139.0634765625, 2139.0634765625, 2139.0634765625, 2139.0634765625, 2139.0634765625, 2139.0634765625, 2139.0634765625, 2139.0634765625, 2139.0634765625, 2139.0634765625, 2139.0634765625, 2139.0634765625, 2139.0634765625, 2139.0634765625, 2139.0634765625, 2139.0634765625, 4572.0], "total_memory": 76700.03125}}