{"model": {"model_name": "GPT_2-6B", "num_layers": 34, "parameters": {"total_parameters_bytes": 11119165440, "parameters_per_layer_bytes": [524288000, 314705920, 314705920, 314705920, 314705920, 314705920, 314705920, 314705920, 314705920, 314705920, 314705920, 314705920, 314705920, 314705920, 314705920, 314705920, 314705920, 314705920, 314705920, 314705920, 314705920, 314705920, 314705920, 314705920, 314705920, 314705920, 314705920, 314705920, 314705920, 314705920, 314705920, 314705920, 314705920, 524288000]}}, "execution_time": {"batch_generator_time_ms": 0, "optimizer_time_ms": 0, "layer_compute_total_ms": [117.26707763671877, 404.73109130859376, 404.73109130859376, 404.73109130859376, 404.73109130859376, 404.73109130859376, 404.73109130859376, 404.73109130859376, 404.73109130859376, 404.73109130859376, 404.73109130859376, 404.73109130859376, 404.73109130859376, 404.73109130859376, 404.73109130859376, 404.73109130859376, 404.73109130859376, 404.73109130859376, 404.73109130859376, 404.73109130859376, 404.73109130859376, 404.73109130859376, 404.73109130859376, 404.73109130859376, 404.73109130859376, 404.73109130859376, 404.73109130859376, 404.73109130859376, 404.73109130859376, 404.73109130859376, 404.73109130859376, 404.73109130859376, 404.73109130859376, 210.998681640625], "forward_backward_time_ms": 13279.660681152338}, "execution_memory": {"layer_memory_total_mb": [2774.0, 1018.6259765625, 1018.6259765625, 1018.6259765625, 1018.6259765625, 1018.6259765625, 1018.6259765625, 1018.6259765625, 1018.6259765625, 1018.6259765625, 1018.6259765625, 1018.6259765625, 1018.6259765625, 1018.6259765625, 1018.6259765625, 1018.6259765625, 1018.6259765625, 1018.6259765625, 1018.6259765625, 1018.6259765625, 1018.6259765625, 1018.6259765625, 1018.6259765625, 1018.6259765625, 1018.6259765625, 1018.6259765625, 1018.6259765625, 1018.6259765625, 1018.6259765625, 1018.6259765625, 1018.6259765625, 1018.6259765625, 1018.6259765625, 4500.0], "total_memory": 39870.03125}}