{"model": {"model_name": "GPT_2-6B", "num_layers": 34, "parameters": {"total_parameters_bytes": 11119165440, "parameters_per_layer_bytes": [524288000, 314705920, 314705920, 314705920, 314705920, 314705920, 314705920, 314705920, 314705920, 314705920, 314705920, 314705920, 314705920, 314705920, 314705920, 314705920, 314705920, 314705920, 314705920, 314705920, 314705920, 314705920, 314705920, 314705920, 314705920, 314705920, 314705920, 314705920, 314705920, 314705920, 314705920, 314705920, 314705920, 524288000]}}, "execution_time": {"batch_generator_time_ms": 0, "optimizer_time_ms": 0, "layer_compute_total_ms": [92.45818786621093, 348.52720947265624, 348.52720947265624, 348.52720947265624, 348.52720947265624, 348.52720947265624, 348.52720947265624, 348.52720947265624, 348.52720947265624, 348.52720947265624, 348.52720947265624, 348.52720947265624, 348.52720947265624, 348.52720947265624, 348.52720947265624, 348.52720947265624, 348.52720947265624, 348.52720947265624, 348.52720947265624, 348.52720947265624, 348.52720947265624, 348.52720947265624, 348.52720947265624, 348.52720947265624, 348.52720947265624, 348.52720947265624, 348.52720947265624, 348.52720947265624, 348.52720947265624, 348.52720947265624, 348.52720947265624, 348.52720947265624, 348.52720947265624, 177.797119140625], "forward_backward_time_ms": 11423.126010131838}, "execution_memory": {"layer_memory_total_mb": [3594.0, 2762.2509765625, 2762.2509765625, 2762.2509765625, 2762.2509765625, 2762.2509765625, 2762.2509765625, 2762.2509765625, 2762.2509765625, 2762.2509765625, 2762.2509765625, 2762.2509765625, 2762.2509765625, 2762.2509765625, 2762.2509765625, 2762.2509765625, 2762.2509765625, 2762.2509765625, 2762.2509765625, 2762.2509765625, 2762.2509765625, 2762.2509765625, 2762.2509765625, 2762.2509765625, 2762.2509765625, 2762.2509765625, 2762.2509765625, 2762.2509765625, 2762.2509765625, 2762.2509765625, 2762.2509765625, 2762.2509765625, 2762.2509765625, 9000.0], "total_memory": 100986.03125}}