{"model": {"model_name": "GPT_2-6B", "num_layers": 34, "parameters": {"total_parameters_bytes": 11119165440, "parameters_per_layer_bytes": [524288000, 314705920, 314705920, 314705920, 314705920, 314705920, 314705920, 314705920, 314705920, 314705920, 314705920, 314705920, 314705920, 314705920, 314705920, 314705920, 314705920, 314705920, 314705920, 314705920, 314705920, 314705920, 314705920, 314705920, 314705920, 314705920, 314705920, 314705920, 314705920, 314705920, 314705920, 314705920, 314705920, 524288000]}}, "execution_time": {"batch_generator_time_ms": 0, "optimizer_time_ms": 0, "layer_compute_total_ms": [343.5311279296875, 1083.9908203125, 1083.9908203125, 1083.9908203125, 1083.9908203125, 1083.9908203125, 1083.9908203125, 1083.9908203125, 1083.9908203125, 1083.9908203125, 1083.9908203125, 1083.9908203125, 1083.9908203125, 1083.9908203125, 1083.9908203125, 1083.9908203125, 1083.9908203125, 1083.9908203125, 1083.9908203125, 1083.9908203125, 1083.9908203125, 1083.9908203125, 1083.9908203125, 1083.9908203125, 1083.9908203125, 1083.9908203125, 1083.9908203125, 1083.9908203125, 1083.9908203125, 1083.9908203125, 1083.9908203125, 1083.9908203125, 1083.9908203125, 408.981298828125], "forward_backward_time_ms": 35440.21867675783}, "execution_memory": {"layer_memory_total_mb": [3678.0, 1733.0634765625, 1733.0634765625, 1733.0634765625, 1733.0634765625, 1733.0634765625, 1733.0634765625, 1733.0634765625, 1733.0634765625, 1733.0634765625, 1733.0634765625, 1733.0634765625, 1733.0634765625, 1733.0634765625, 1733.0634765625, 1733.0634765625, 1733.0634765625, 1733.0634765625, 1733.0634765625, 1733.0634765625, 1733.0634765625, 1733.0634765625, 1733.0634765625, 1733.0634765625, 1733.0634765625, 1733.0634765625, 1733.0634765625, 1733.0634765625, 1733.0634765625, 1733.0634765625, 1733.0634765625, 1733.0634765625, 1733.0634765625, 4572.0], "total_memory": 63708.03125}}