{"model": {"model_name": "GPT_2-6B", "num_layers": 34, "parameters": {"total_parameters_bytes": 11119165440, "parameters_per_layer_bytes": [524288000, 314705920, 314705920, 314705920, 314705920, 314705920, 314705920, 314705920, 314705920, 314705920, 314705920, 314705920, 314705920, 314705920, 314705920, 314705920, 314705920, 314705920, 314705920, 314705920, 314705920, 314705920, 314705920, 314705920, 314705920, 314705920, 314705920, 314705920, 314705920, 314705920, 314705920, 314705920, 314705920, 524288000]}}, "execution_time": {"batch_generator_time_ms": 0, "optimizer_time_ms": 0, "layer_compute_total_ms": [815.6604248046875, 2776.72333984375, 2776.72333984375, 2776.72333984375, 2776.72333984375, 2776.72333984375, 2776.72333984375, 2776.72333984375, 2776.72333984375, 2776.72333984375, 2776.72333984375, 2776.72333984375, 2776.72333984375, 2776.72333984375, 2776.72333984375, 2776.72333984375, 2776.72333984375, 2776.72333984375, 2776.72333984375, 2776.72333984375, 2776.72333984375, 2776.72333984375, 2776.72333984375, 2776.72333984375, 2776.72333984375, 2776.72333984375, 2776.72333984375, 2776.72333984375, 2776.72333984375, 2776.72333984375, 2776.72333984375, 2776.72333984375, 2776.72333984375, 898.27890625], "forward_backward_time_ms": 90569.08620605474}, "execution_memory": {"layer_memory_total_mb": [3928.0, 2994.1259765625, 2994.1259765625, 2994.1259765625, 2994.1259765625, 2994.1259765625, 2994.1259765625, 2994.1259765625, 2994.1259765625, 2994.1259765625, 2994.1259765625, 2994.1259765625, 2994.1259765625, 2994.1259765625, 2994.1259765625, 2994.1259765625, 2994.1259765625, 2994.1259765625, 2994.1259765625, 2994.1259765625, 2994.1259765625, 2994.1259765625, 2994.1259765625, 2994.1259765625, 2994.1259765625, 2994.1259765625, 2994.1259765625, 2994.1259765625, 2994.1259765625, 2994.1259765625, 2994.1259765625, 2994.1259765625, 2994.1259765625, 8902.0], "total_memory": 108642.03125}}