{"model": {"model_name": "GPT_2-6B", "num_layers": 34, "parameters": {"total_parameters_bytes": 11119165440, "parameters_per_layer_bytes": [524288000, 314705920, 314705920, 314705920, 314705920, 314705920, 314705920, 314705920, 314705920, 314705920, 314705920, 314705920, 314705920, 314705920, 314705920, 314705920, 314705920, 314705920, 314705920, 314705920, 314705920, 314705920, 314705920, 314705920, 314705920, 314705920, 314705920, 314705920, 314705920, 314705920, 314705920, 314705920, 314705920, 524288000]}}, "execution_time": {"batch_generator_time_ms": 0, "optimizer_time_ms": 0, "layer_compute_total_ms": [191.81117553710936, 697.62333984375, 697.62333984375, 697.62333984375, 697.62333984375, 697.62333984375, 697.62333984375, 697.62333984375, 697.62333984375, 697.62333984375, 697.62333984375, 697.62333984375, 697.62333984375, 697.62333984375, 697.62333984375, 697.62333984375, 697.62333984375, 697.62333984375, 697.62333984375, 697.62333984375, 697.62333984375, 697.62333984375, 697.62333984375, 697.62333984375, 697.62333984375, 697.62333984375, 697.62333984375, 697.62333984375, 697.62333984375, 697.62333984375, 697.62333984375, 697.62333984375, 697.62333984375, 348.453662109375], "forward_backward_time_ms": 22864.2117126465}, "execution_memory": {"layer_memory_total_mb": [4908.0, 5564.5009765625, 5564.5009765625, 5564.5009765625, 5564.5009765625, 5564.5009765625, 5564.5009765625, 5564.5009765625, 5564.5009765625, 5564.5009765625, 5564.5009765625, 5564.5009765625, 5564.5009765625, 5564.5009765625, 5564.5009765625, 5564.5009765625, 5564.5009765625, 5564.5009765625, 5564.5009765625, 5564.5009765625, 5564.5009765625, 5564.5009765625, 5564.5009765625, 5564.5009765625, 5564.5009765625, 5564.5009765625, 5564.5009765625, 5564.5009765625, 5564.5009765625, 5564.5009765625, 5564.5009765625, 5564.5009765625, 5564.5009765625, 17002.0], "total_memory": 199974.03125}}