{"model": {"model_name": "GPT_2-6B", "num_layers": 34, "parameters": {"total_parameters_bytes": 11119165440, "parameters_per_layer_bytes": [524288000, 314705920, 314705920, 314705920, 314705920, 314705920, 314705920, 314705920, 314705920, 314705920, 314705920, 314705920, 314705920, 314705920, 314705920, 314705920, 314705920, 314705920, 314705920, 314705920, 314705920, 314705920, 314705920, 314705920, 314705920, 314705920, 314705920, 314705920, 314705920, 314705920, 314705920, 314705920, 314705920, 524288000]}}, "execution_time": {"batch_generator_time_ms": 0, "optimizer_time_ms": 0, "layer_compute_total_ms": [125.35684814453126, 596.9158203125, 596.9158203125, 596.9158203125, 596.9158203125, 596.9158203125, 596.9158203125, 596.9158203125, 596.9158203125, 596.9158203125, 596.9158203125, 596.9158203125, 596.9158203125, 596.9158203125, 596.9158203125, 596.9158203125, 596.9158203125, 596.9158203125, 596.9158203125, 596.9158203125, 596.9158203125, 596.9158203125, 596.9158203125, 596.9158203125, 596.9158203125, 596.9158203125, 596.9158203125, 596.9158203125, 596.9158203125, 596.9158203125, 596.9158203125, 596.9158203125, 596.9158203125, 409.03740234375], "forward_backward_time_ms": 19635.700500488292}, "execution_memory": {"layer_memory_total_mb": [3594.0, 2763.0107421875, 2763.0107421875, 2763.0107421875, 2763.0107421875, 2763.0107421875, 2763.0107421875, 2763.0107421875, 2763.0107421875, 2763.0107421875, 2763.0107421875, 2763.0107421875, 2763.0107421875, 2763.0107421875, 2763.0107421875, 2763.0107421875, 2763.0107421875, 2763.0107421875, 2763.0107421875, 2763.0107421875, 2763.0107421875, 2763.0107421875, 2763.0107421875, 2763.0107421875, 2763.0107421875, 2763.0107421875, 2763.0107421875, 2763.0107421875, 2763.0107421875, 2763.0107421875, 2763.0107421875, 2763.0107421875, 2763.0107421875, 9000.0], "total_memory": 101010.34375}}