{"model": {"model_name": "GPT_2-6B", "num_layers": 34, "parameters": {"total_parameters_bytes": 11119165440, "parameters_per_layer_bytes": [524288000, 314705920, 314705920, 314705920, 314705920, 314705920, 314705920, 314705920, 314705920, 314705920, 314705920, 314705920, 314705920, 314705920, 314705920, 314705920, 314705920, 314705920, 314705920, 314705920, 314705920, 314705920, 314705920, 314705920, 314705920, 314705920, 314705920, 314705920, 314705920, 314705920, 314705920, 314705920, 314705920, 524288000]}}, "execution_time": {"batch_generator_time_ms": 0, "optimizer_time_ms": 0, "layer_compute_total_ms": [6.823148918151856, 221.0998291015625, 221.0998291015625, 221.0998291015625, 221.0998291015625, 221.0998291015625, 221.0998291015625, 221.0998291015625, 221.0998291015625, 221.0998291015625, 221.0998291015625, 221.0998291015625, 221.0998291015625, 221.0998291015625, 221.0998291015625, 221.0998291015625, 221.0998291015625, 221.0998291015625, 221.0998291015625, 221.0998291015625, 221.0998291015625, 221.0998291015625, 221.0998291015625, 221.0998291015625, 221.0998291015625, 221.0998291015625, 221.0998291015625, 221.0998291015625, 221.0998291015625, 221.0998291015625, 221.0998291015625, 221.0998291015625, 221.0998291015625, 232.414404296875], "forward_backward_time_ms": 7314.432084465023}, "execution_memory": {"layer_memory_total_mb": [4674.0, 5970.25, 5970.25, 5970.25, 5970.25, 5970.25, 5970.25, 5970.25, 5970.25, 5970.25, 5970.25, 5970.25, 5970.25, 5970.25, 5970.25, 5970.25, 5970.25, 5970.25, 5970.25, 5970.25, 5970.25, 5970.25, 5970.25, 5970.25, 5970.25, 5970.25, 5970.25, 5970.25, 5970.25, 5970.25, 5970.25, 5970.25, 5970.25, 18000.0], "total_memory": 213722.0}}