{"model": {"model_name": "GPT_2-6B", "num_layers": 34, "parameters": {"total_parameters_bytes": 11119165440, "parameters_per_layer_bytes": [524288000, 314705920, 314705920, 314705920, 314705920, 314705920, 314705920, 314705920, 314705920, 314705920, 314705920, 314705920, 314705920, 314705920, 314705920, 314705920, 314705920, 314705920, 314705920, 314705920, 314705920, 314705920, 314705920, 314705920, 314705920, 314705920, 314705920, 314705920, 314705920, 314705920, 314705920, 314705920, 314705920, 524288000]}}, "execution_time": {"batch_generator_time_ms": 0, "optimizer_time_ms": 0, "layer_compute_total_ms": [454.0212158203125, 1487.83759765625, 1487.83759765625, 1487.83759765625, 1487.83759765625, 1487.83759765625, 1487.83759765625, 1487.83759765625, 1487.83759765625, 1487.83759765625, 1487.83759765625, 1487.83759765625, 1487.83759765625, 1487.83759765625, 1487.83759765625, 1487.83759765625, 1487.83759765625, 1487.83759765625, 1487.83759765625, 1487.83759765625, 1487.83759765625, 1487.83759765625, 1487.83759765625, 1487.83759765625, 1487.83759765625, 1487.83759765625, 1487.83759765625, 1487.83759765625, 1487.83759765625, 1487.83759765625, 1487.83759765625, 1487.83759765625, 1487.83759765625, 460.97265625], "forward_backward_time_ms": 48525.796997070334}, "execution_memory": {"layer_memory_total_mb": [2544.0, 932.5322265625, 932.5322265625, 932.5322265625, 932.5322265625, 932.5322265625, 932.5322265625, 932.5322265625, 932.5322265625, 932.5322265625, 932.5322265625, 932.5322265625, 932.5322265625, 932.5322265625, 932.5322265625, 932.5322265625, 932.5322265625, 932.5322265625, 932.5322265625, 932.5322265625, 932.5322265625, 932.5322265625, 932.5322265625, 932.5322265625, 932.5322265625, 932.5322265625, 932.5322265625, 932.5322265625, 932.5322265625, 932.5322265625, 932.5322265625, 932.5322265625, 932.5322265625, 2250.0], "total_memory": 34635.03125}}