{"model": {"model_name": "GPT_2-6B", "num_layers": 34, "parameters": {"total_parameters_bytes": 11119165440, "parameters_per_layer_bytes": [524288000, 314705920, 314705920, 314705920, 314705920, 314705920, 314705920, 314705920, 314705920, 314705920, 314705920, 314705920, 314705920, 314705920, 314705920, 314705920, 314705920, 314705920, 314705920, 314705920, 314705920, 314705920, 314705920, 314705920, 314705920, 314705920, 314705920, 314705920, 314705920, 314705920, 314705920, 314705920, 314705920, 524288000]}}, "execution_time": {"batch_generator_time_ms": 0, "optimizer_time_ms": 0, "layer_compute_total_ms": [197.12077636718752, 623.3862060546875, 623.3862060546875, 623.3862060546875, 623.3862060546875, 623.3862060546875, 623.3862060546875, 623.3862060546875, 623.3862060546875, 623.3862060546875, 623.3862060546875, 623.3862060546875, 623.3862060546875, 623.3862060546875, 623.3862060546875, 623.3862060546875, 623.3862060546875, 623.3862060546875, 623.3862060546875, 623.3862060546875, 623.3862060546875, 623.3862060546875, 623.3862060546875, 623.3862060546875, 623.3862060546875, 623.3862060546875, 623.3862060546875, 623.3862060546875, 623.3862060546875, 623.3862060546875, 623.3862060546875, 623.3862060546875, 623.3862060546875, 243.68864746093746], "forward_backward_time_ms": 20389.16801757813}, "execution_memory": {"layer_memory_total_mb": [3928.0, 2810.2509765625, 2810.2509765625, 2810.2509765625, 2810.2509765625, 2810.2509765625, 2810.2509765625, 2810.2509765625, 2810.2509765625, 2810.2509765625, 2810.2509765625, 2810.2509765625, 2810.2509765625, 2810.2509765625, 2810.2509765625, 2810.2509765625, 2810.2509765625, 2810.2509765625, 2810.2509765625, 2810.2509765625, 2810.2509765625, 2810.2509765625, 2810.2509765625, 2810.2509765625, 2810.2509765625, 2810.2509765625, 2810.2509765625, 2810.2509765625, 2810.2509765625, 2810.2509765625, 2810.2509765625, 2810.2509765625, 2810.2509765625, 8902.0], "total_memory": 102758.03125}}