{"model": {"model_name": "GPT_2-6B", "num_layers": 34, "parameters": {"total_parameters_bytes": 11119165440, "parameters_per_layer_bytes": [524288000, 314705920, 314705920, 314705920, 314705920, 314705920, 314705920, 314705920, 314705920, 314705920, 314705920, 314705920, 314705920, 314705920, 314705920, 314705920, 314705920, 314705920, 314705920, 314705920, 314705920, 314705920, 314705920, 314705920, 314705920, 314705920, 314705920, 314705920, 314705920, 314705920, 314705920, 314705920, 314705920, 524288000]}}, "execution_time": {"batch_generator_time_ms": 0, "optimizer_time_ms": 0, "layer_compute_total_ms": [291.8255615234375, 1141.492626953125, 1141.492626953125, 1141.492626953125, 1141.492626953125, 1141.492626953125, 1141.492626953125, 1141.492626953125, 1141.492626953125, 1141.492626953125, 1141.492626953125, 1141.492626953125, 1141.492626953125, 1141.492626953125, 1141.492626953125, 1141.492626953125, 1141.492626953125, 1141.492626953125, 1141.492626953125, 1141.492626953125, 1141.492626953125, 1141.492626953125, 1141.492626953125, 1141.492626953125, 1141.492626953125, 1141.492626953125, 1141.492626953125, 1141.492626953125, 1141.492626953125, 1141.492626953125, 1141.492626953125, 1141.492626953125, 1141.492626953125, 523.61513671875], "forward_backward_time_ms": 37343.204760742185}, "execution_memory": {"layer_memory_total_mb": [3594.0, 2037.2509765625, 2037.2509765625, 2037.2509765625, 2037.2509765625, 2037.2509765625, 2037.2509765625, 2037.2509765625, 2037.2509765625, 2037.2509765625, 2037.2509765625, 2037.2509765625, 2037.2509765625, 2037.2509765625, 2037.2509765625, 2037.2509765625, 2037.2509765625, 2037.2509765625, 2037.2509765625, 2037.2509765625, 2037.2509765625, 2037.2509765625, 2037.2509765625, 2037.2509765625, 2037.2509765625, 2037.2509765625, 2037.2509765625, 2037.2509765625, 2037.2509765625, 2037.2509765625, 2037.2509765625, 2037.2509765625, 2037.2509765625, 9000.0], "total_memory": 77786.03125}}