{"model": {"model_name": "GPT_2-6B", "num_layers": 34, "parameters": {"total_parameters_bytes": 11119165440, "parameters_per_layer_bytes": [524288000, 314705920, 314705920, 314705920, 314705920, 314705920, 314705920, 314705920, 314705920, 314705920, 314705920, 314705920, 314705920, 314705920, 314705920, 314705920, 314705920, 314705920, 314705920, 314705920, 314705920, 314705920, 314705920, 314705920, 314705920, 314705920, 314705920, 314705920, 314705920, 314705920, 314705920, 314705920, 314705920, 524288000]}}, "execution_time": {"batch_generator_time_ms": 0, "optimizer_time_ms": 0, "layer_compute_total_ms": [13.092250061035156, 438.7057739257813, 438.7057739257813, 438.7057739257813, 438.7057739257813, 438.7057739257813, 438.7057739257813, 438.7057739257813, 438.7057739257813, 438.7057739257813, 438.7057739257813, 438.7057739257813, 438.7057739257813, 438.7057739257813, 438.7057739257813, 438.7057739257813, 438.7057739257813, 438.7057739257813, 438.7057739257813, 438.7057739257813, 438.7057739257813, 438.7057739257813, 438.7057739257813, 438.7057739257813, 438.7057739257813, 438.7057739257813, 438.7057739257813, 438.7057739257813, 438.7057739257813, 438.7057739257813, 438.7057739257813, 438.7057739257813, 438.7057739257813, 20000.0], "forward_backward_time_ms": 34051.677015686044}, "execution_memory": {"layer_memory_total_mb": [5906.0, 11330.5, 11330.5, 11330.5, 11330.5, 11330.5, 11330.5, 11330.5, 11330.5, 11330.5, 11330.5, 11330.5, 11330.5, 11330.5, 11330.5, 11330.5, 11330.5, 11330.5, 11330.5, 11330.5, 11330.5, 11330.5, 11330.5, 11330.5, 11330.5, 11330.5, 11330.5, 11330.5, 11330.5, 11330.5, 11330.5, 11330.5, 11330.5, 110000000.0], "total_memory": 110368482.0}}