{"model": {"model_name": "GPT_2-6B", "num_layers": 34, "parameters": {"total_parameters_bytes": 11119165440, "parameters_per_layer_bytes": [524288000, 314705920, 314705920, 314705920, 314705920, 314705920, 314705920, 314705920, 314705920, 314705920, 314705920, 314705920, 314705920, 314705920, 314705920, 314705920, 314705920, 314705920, 314705920, 314705920, 314705920, 314705920, 314705920, 314705920, 314705920, 314705920, 314705920, 314705920, 314705920, 314705920, 314705920, 314705920, 314705920, 524288000]}}, "execution_time": {"batch_generator_time_ms": 0, "optimizer_time_ms": 0, "layer_compute_total_ms": [168.93972778320312, 531.1561767578125, 531.1561767578125, 531.1561767578125, 531.1561767578125, 531.1561767578125, 531.1561767578125, 531.1561767578125, 531.1561767578125, 531.1561767578125, 531.1561767578125, 531.1561767578125, 531.1561767578125, 531.1561767578125, 531.1561767578125, 531.1561767578125, 531.1561767578125, 531.1561767578125, 531.1561767578125, 531.1561767578125, 531.1561767578125, 531.1561767578125, 531.1561767578125, 531.1561767578125, 531.1561767578125, 531.1561767578125, 531.1561767578125, 531.1561767578125, 531.1561767578125, 531.1561767578125, 531.1561767578125, 531.1561767578125, 531.1561767578125, 204.8976806640625], "forward_backward_time_ms": 17370.835064697276}, "execution_memory": {"layer_memory_total_mb": [2544.0, 810.5634765625, 810.5634765625, 810.5634765625, 810.5634765625, 810.5634765625, 810.5634765625, 810.5634765625, 810.5634765625, 810.5634765625, 810.5634765625, 810.5634765625, 810.5634765625, 810.5634765625, 810.5634765625, 810.5634765625, 810.5634765625, 810.5634765625, 810.5634765625, 810.5634765625, 810.5634765625, 810.5634765625, 810.5634765625, 810.5634765625, 810.5634765625, 810.5634765625, 810.5634765625, 810.5634765625, 810.5634765625, 810.5634765625, 810.5634765625, 810.5634765625, 810.5634765625, 2250.0], "total_memory": 30732.03125}}