{"model": {"model_name": "GPT_6-7B", "num_layers": 34, "parameters": {"total_parameters_bytes": 27454341120, "parameters_per_layer_bytes": [838860800, 805519360, 805519360, 805519360, 805519360, 805519360, 805519360, 805519360, 805519360, 805519360, 805519360, 805519360, 805519360, 805519360, 805519360, 805519360, 805519360, 805519360, 805519360, 805519360, 805519360, 805519360, 805519360, 805519360, 805519360, 805519360, 805519360, 805519360, 805519360, 805519360, 805519360, 805519360, 805519360, 838860800]}}, "execution_time": {"batch_generator_time_ms": 0, "optimizer_time_ms": 0, "layer_compute_total_ms": [1272.255517578125, 4476.669921875, 4476.669921875, 4476.669921875, 4476.669921875, 4476.669921875, 4476.669921875, 4476.669921875, 4476.669921875, 4476.669921875, 4476.669921875, 4476.669921875, 4476.669921875, 4476.669921875, 4476.669921875, 4476.669921875, 4476.669921875, 4476.669921875, 4476.669921875, 4476.669921875, 4476.669921875, 4476.669921875, 4476.669921875, 4476.669921875, 4476.669921875, 4476.669921875, 4476.669921875, 4476.669921875, 4476.669921875, 4476.669921875, 4476.669921875, 4476.669921875, 4476.669921875, 1396.1392578125], "forward_backward_time_ms": 145921.83227539062}, "execution_memory": {"layer_memory_total_mb": [6284.0, 5440.125, 5440.125, 5440.125, 5440.125, 5440.125, 5440.125, 5440.125, 5440.125, 5440.125, 5440.125, 5440.125, 5440.125, 5440.125, 5440.125, 5440.125, 5440.125, 5440.125, 5440.125, 5440.125, 5440.125, 5440.125, 5440.125, 5440.125, 5440.125, 5440.125, 5440.125, 5440.125, 5440.125, 5440.125, 5440.125, 5440.125, 5440.125, 9442.0], "total_memory": 189810.0}}