{"model": {"model_name": "GPT_6-7B", "num_layers": 34, "parameters": {"total_parameters_bytes": 27454341120, "parameters_per_layer_bytes": [838860800, 805519360, 805519360, 805519360, 805519360, 805519360, 805519360, 805519360, 805519360, 805519360, 805519360, 805519360, 805519360, 805519360, 805519360, 805519360, 805519360, 805519360, 805519360, 805519360, 805519360, 805519360, 805519360, 805519360, 805519360, 805519360, 805519360, 805519360, 805519360, 805519360, 805519360, 805519360, 805519360, 838860800]}}, "execution_time": {"batch_generator_time_ms": 0, "optimizer_time_ms": 0, "layer_compute_total_ms": [925.07568359375, 3940.9134765625, 3940.9134765625, 3940.9134765625, 3940.9134765625, 3940.9134765625, 3940.9134765625, 3940.9134765625, 3940.9134765625, 3940.9134765625, 3940.9134765625, 3940.9134765625, 3940.9134765625, 3940.9134765625, 3940.9134765625, 3940.9134765625, 3940.9134765625, 3940.9134765625, 3940.9134765625, 3940.9134765625, 3940.9134765625, 3940.9134765625, 3940.9134765625, 3940.9134765625, 3940.9134765625, 3940.9134765625, 3940.9134765625, 3940.9134765625, 3940.9134765625, 3940.9134765625, 3940.9134765625, 3940.9134765625, 3940.9134765625, 20000.0], "forward_backward_time_ms": 147034.30693359382}, "execution_memory": {"layer_memory_total_mb": [7852.0, 9600.25, 9600.25, 9600.25, 9600.25, 9600.25, 9600.25, 9600.25, 9600.25, 9600.25, 9600.25, 9600.25, 9600.25, 9600.25, 9600.25, 9600.25, 9600.25, 9600.25, 9600.25, 9600.25, 9600.25, 9600.25, 9600.25, 9600.25, 9600.25, 9600.25, 9600.25, 9600.25, 9600.25, 9600.25, 9600.25, 9600.25, 9600.25, 110000000.0], "total_memory": 110315060.0}}