{"model": {"model_name": "GPT_6-7B", "num_layers": 34, "parameters": {"total_parameters_bytes": 27454341120, "parameters_per_layer_bytes": [838860800, 805519360, 805519360, 805519360, 805519360, 805519360, 805519360, 805519360, 805519360, 805519360, 805519360, 805519360, 805519360, 805519360, 805519360, 805519360, 805519360, 805519360, 805519360, 805519360, 805519360, 805519360, 805519360, 805519360, 805519360, 805519360, 805519360, 805519360, 805519360, 805519360, 805519360, 805519360, 805519360, 838860800]}}, "execution_time": {"batch_generator_time_ms": 0, "optimizer_time_ms": 0, "layer_compute_total_ms": [235.48433837890624, 799.89248046875, 799.89248046875, 799.89248046875, 799.89248046875, 799.89248046875, 799.89248046875, 799.89248046875, 799.89248046875, 799.89248046875, 799.89248046875, 799.89248046875, 799.89248046875, 799.89248046875, 799.89248046875, 799.89248046875, 799.89248046875, 799.89248046875, 799.89248046875, 799.89248046875, 799.89248046875, 799.89248046875, 799.89248046875, 799.89248046875, 799.89248046875, 799.89248046875, 799.89248046875, 799.89248046875, 799.89248046875, 799.89248046875, 799.89248046875, 799.89248046875, 799.89248046875, 252.7623046875], "forward_backward_time_ms": 26084.806018066396}, "execution_memory": {"layer_memory_total_mb": [4070.0, 1616.03125, 1616.03125, 1616.03125, 1616.03125, 1616.03125, 1616.03125, 1616.03125, 1616.03125, 1616.03125, 1616.03125, 1616.03125, 1616.03125, 1616.03125, 1616.03125, 1616.03125, 1616.03125, 1616.03125, 1616.03125, 1616.03125, 1616.03125, 1616.03125, 1616.03125, 1616.03125, 1616.03125, 1616.03125, 1616.03125, 1616.03125, 1616.03125, 1616.03125, 1616.03125, 1616.03125, 1616.03125, 2400.0], "total_memory": 58183.0}}