{"model": {"model_name": "GPT_6-7B", "num_layers": 34, "parameters": {"total_parameters_bytes": 27454341120, "parameters_per_layer_bytes": [838860800, 805519360, 805519360, 805519360, 805519360, 805519360, 805519360, 805519360, 805519360, 805519360, 805519360, 805519360, 805519360, 805519360, 805519360, 805519360, 805519360, 805519360, 805519360, 805519360, 805519360, 805519360, 805519360, 805519360, 805519360, 805519360, 805519360, 805519360, 805519360, 805519360, 805519360, 805519360, 805519360, 838860800]}}, "execution_time": {"batch_generator_time_ms": 0, "optimizer_time_ms": 0, "layer_compute_total_ms": [624.0760009765625, 2116.511328125, 2116.511328125, 2116.511328125, 2116.511328125, 2116.511328125, 2116.511328125, 2116.511328125, 2116.511328125, 2116.511328125, 2116.511328125, 2116.511328125, 2116.511328125, 2116.511328125, 2116.511328125, 2116.511328125, 2116.511328125, 2116.511328125, 2116.511328125, 2116.511328125, 2116.511328125, 2116.511328125, 2116.511328125, 2116.511328125, 2116.511328125, 2116.511328125, 2116.511328125, 2116.511328125, 2116.511328125, 2116.511328125, 2116.511328125, 2116.511328125, 2116.511328125, 646.6693359375], "forward_backward_time_ms": 68999.10783691409}, "execution_memory": {"layer_memory_total_mb": [4070.0, 1872.03125, 1872.03125, 1872.03125, 1872.03125, 1872.03125, 1872.03125, 1872.03125, 1872.03125, 1872.03125, 1872.03125, 1872.03125, 1872.03125, 1872.03125, 1872.03125, 1872.03125, 1872.03125, 1872.03125, 1872.03125, 1872.03125, 1872.03125, 1872.03125, 1872.03125, 1872.03125, 1872.03125, 1872.03125, 1872.03125, 1872.03125, 1872.03125, 1872.03125, 1872.03125, 1872.03125, 1872.03125, 2400.0], "total_memory": 66375.0}}