{"model": {"model_name": "GPT_6-7B", "num_layers": 34, "parameters": {"total_parameters_bytes": 27454341120, "parameters_per_layer_bytes": [838860800, 805519360, 805519360, 805519360, 805519360, 805519360, 805519360, 805519360, 805519360, 805519360, 805519360, 805519360, 805519360, 805519360, 805519360, 805519360, 805519360, 805519360, 805519360, 805519360, 805519360, 805519360, 805519360, 805519360, 805519360, 805519360, 805519360, 805519360, 805519360, 805519360, 805519360, 805519360, 805519360, 838860800]}}, "execution_time": {"batch_generator_time_ms": 0, "optimizer_time_ms": 0, "layer_compute_total_ms": [352.27586669921874, 1348.818505859375, 1348.818505859375, 1348.818505859375, 1348.818505859375, 1348.818505859375, 1348.818505859375, 1348.818505859375, 1348.818505859375, 1348.818505859375, 1348.818505859375, 1348.818505859375, 1348.818505859375, 1348.818505859375, 1348.818505859375, 1348.818505859375, 1348.818505859375, 1348.818505859375, 1348.818505859375, 1348.818505859375, 1348.818505859375, 1348.818505859375, 1348.818505859375, 1348.818505859375, 1348.818505859375, 1348.818505859375, 1348.818505859375, 1348.818505859375, 1348.818505859375, 1348.818505859375, 1348.818505859375, 1348.818505859375, 1348.818505859375, 604.7078125], "forward_backward_time_ms": 44119.17586669919}, "execution_memory": {"layer_memory_total_mb": [6284.0, 5312.125, 5312.125, 5312.125, 5312.125, 5312.125, 5312.125, 5312.125, 5312.125, 5312.125, 5312.125, 5312.125, 5312.125, 5312.125, 5312.125, 5312.125, 5312.125, 5312.125, 5312.125, 5312.125, 5312.125, 5312.125, 5312.125, 5312.125, 5312.125, 5312.125, 5312.125, 5312.125, 5312.125, 5312.125, 5312.125, 5312.125, 5312.125, 9314.0], "total_memory": 185586.0}}