{"model": {"model_name": "GPT_6-7B", "num_layers": 34, "parameters": {"total_parameters_bytes": 27454341120, "parameters_per_layer_bytes": [838860800, 805519360, 805519360, 805519360, 805519360, 805519360, 805519360, 805519360, 805519360, 805519360, 805519360, 805519360, 805519360, 805519360, 805519360, 805519360, 805519360, 805519360, 805519360, 805519360, 805519360, 805519360, 805519360, 805519360, 805519360, 805519360, 805519360, 805519360, 805519360, 805519360, 805519360, 805519360, 805519360, 838860800]}}, "execution_time": {"batch_generator_time_ms": 0, "optimizer_time_ms": 0, "layer_compute_total_ms": [464.2039794921875, 1892.0861328125, 1892.0861328125, 1892.0861328125, 1892.0861328125, 1892.0861328125, 1892.0861328125, 1892.0861328125, 1892.0861328125, 1892.0861328125, 1892.0861328125, 1892.0861328125, 1892.0861328125, 1892.0861328125, 1892.0861328125, 1892.0861328125, 1892.0861328125, 1892.0861328125, 1892.0861328125, 1892.0861328125, 1892.0861328125, 1892.0861328125, 1892.0861328125, 1892.0861328125, 1892.0861328125, 1892.0861328125, 1892.0861328125, 1892.0861328125, 1892.0861328125, 1892.0861328125, 1892.0861328125, 1892.0861328125, 1892.0861328125, 793.997119140625], "forward_backward_time_ms": 61804.957348632845}, "execution_memory": {"layer_memory_total_mb": [5750.0, 5250.2509765625, 5250.2509765625, 5250.2509765625, 5250.2509765625, 5250.2509765625, 5250.2509765625, 5250.2509765625, 5250.2509765625, 5250.2509765625, 5250.2509765625, 5250.2509765625, 5250.2509765625, 5250.2509765625, 5250.2509765625, 5250.2509765625, 5250.2509765625, 5250.2509765625, 5250.2509765625, 5250.2509765625, 5250.2509765625, 5250.2509765625, 5250.2509765625, 5250.2509765625, 5250.2509765625, 5250.2509765625, 5250.2509765625, 5250.2509765625, 5250.2509765625, 5250.2509765625, 5250.2509765625, 5250.2509765625, 5250.2509765625, 9600.0], "total_memory": 183358.03125}}