{"model": {"model_name": "GPT_6-7B", "num_layers": 34, "parameters": {"total_parameters_bytes": 27454341120, "parameters_per_layer_bytes": [838860800, 805519360, 805519360, 805519360, 805519360, 805519360, 805519360, 805519360, 805519360, 805519360, 805519360, 805519360, 805519360, 805519360, 805519360, 805519360, 805519360, 805519360, 805519360, 805519360, 805519360, 805519360, 805519360, 805519360, 805519360, 805519360, 805519360, 805519360, 805519360, 805519360, 805519360, 805519360, 805519360, 838860800]}}, "execution_time": {"batch_generator_time_ms": 0, "optimizer_time_ms": 0, "layer_compute_total_ms": [638.4404541015625, 2213.07138671875, 2213.07138671875, 2213.07138671875, 2213.07138671875, 2213.07138671875, 2213.07138671875, 2213.07138671875, 2213.07138671875, 2213.07138671875, 2213.07138671875, 2213.07138671875, 2213.07138671875, 2213.07138671875, 2213.07138671875, 2213.07138671875, 2213.07138671875, 2213.07138671875, 2213.07138671875, 2213.07138671875, 2213.07138671875, 2213.07138671875, 2213.07138671875, 2213.07138671875, 2213.07138671875, 2213.07138671875, 2213.07138671875, 2213.07138671875, 2213.07138671875, 2213.07138671875, 2213.07138671875, 2213.07138671875, 2213.07138671875, 690.958935546875], "forward_backward_time_ms": 72147.68376464845}, "execution_memory": {"layer_memory_total_mb": [4438.0, 2784.0625, 2784.0625, 2784.0625, 2784.0625, 2784.0625, 2784.0625, 2784.0625, 2784.0625, 2784.0625, 2784.0625, 2784.0625, 2784.0625, 2784.0625, 2784.0625, 2784.0625, 2784.0625, 2784.0625, 2784.0625, 2784.0625, 2784.0625, 2784.0625, 2784.0625, 2784.0625, 2784.0625, 2784.0625, 2784.0625, 2784.0625, 2784.0625, 2784.0625, 2784.0625, 2784.0625, 2784.0625, 4800.0], "total_memory": 98328.0}}