{"model": {"model_name": "GPT_6-7B", "num_layers": 34, "parameters": {"total_parameters_bytes": 27454341120, "parameters_per_layer_bytes": [838860800, 805519360, 805519360, 805519360, 805519360, 805519360, 805519360, 805519360, 805519360, 805519360, 805519360, 805519360, 805519360, 805519360, 805519360, 805519360, 805519360, 805519360, 805519360, 805519360, 805519360, 805519360, 805519360, 805519360, 805519360, 805519360, 805519360, 805519360, 805519360, 805519360, 805519360, 805519360, 805519360, 838860800]}}, "execution_time": {"batch_generator_time_ms": 0, "optimizer_time_ms": 0, "layer_compute_total_ms": [21.13580780029297, 815.6391357421875, 815.6391357421875, 815.6391357421875, 815.6391357421875, 815.6391357421875, 815.6391357421875, 815.6391357421875, 815.6391357421875, 815.6391357421875, 815.6391357421875, 815.6391357421875, 815.6391357421875, 815.6391357421875, 815.6391357421875, 815.6391357421875, 815.6391357421875, 815.6391357421875, 815.6391357421875, 815.6391357421875, 815.6391357421875, 815.6391357421875, 815.6391357421875, 815.6391357421875, 815.6391357421875, 815.6391357421875, 815.6391357421875, 815.6391357421875, 815.6391357421875, 815.6391357421875, 815.6391357421875, 815.6391357421875, 815.6391357421875, 20000.0], "forward_backward_time_ms": 46121.588151550306}, "execution_memory": {"layer_memory_total_mb": [9450.0, 19200.5, 19200.5, 19200.5, 19200.5, 19200.5, 19200.5, 19200.5, 19200.5, 19200.5, 19200.5, 19200.5, 19200.5, 19200.5, 19200.5, 19200.5, 19200.5, 19200.5, 19200.5, 19200.5, 19200.5, 19200.5, 19200.5, 19200.5, 19200.5, 19200.5, 19200.5, 19200.5, 19200.5, 19200.5, 19200.5, 19200.5, 19200.5, 110000000.0], "total_memory": 110623866.0}}