{"model": {"model_name": "GPT_6-7B", "num_layers": 34, "parameters": {"total_parameters_bytes": 27454341120, "parameters_per_layer_bytes": [838860800, 805519360, 805519360, 805519360, 805519360, 805519360, 805519360, 805519360, 805519360, 805519360, 805519360, 805519360, 805519360, 805519360, 805519360, 805519360, 805519360, 805519360, 805519360, 805519360, 805519360, 805519360, 805519360, 805519360, 805519360, 805519360, 805519360, 805519360, 805519360, 805519360, 805519360, 805519360, 805519360, 838860800]}}, "execution_time": {"batch_generator_time_ms": 0, "optimizer_time_ms": 0, "layer_compute_total_ms": [294.93065185546874, 1173.368994140625, 1173.368994140625, 1173.368994140625, 1173.368994140625, 1173.368994140625, 1173.368994140625, 1173.368994140625, 1173.368994140625, 1173.368994140625, 1173.368994140625, 1173.368994140625, 1173.368994140625, 1173.368994140625, 1173.368994140625, 1173.368994140625, 1173.368994140625, 1173.368994140625, 1173.368994140625, 1173.368994140625, 1173.368994140625, 1173.368994140625, 1173.368994140625, 1173.368994140625, 1173.368994140625, 1173.368994140625, 1173.368994140625, 1173.368994140625, 1173.368994140625, 1173.368994140625, 1173.368994140625, 1173.368994140625, 1173.368994140625, 487.0623046875], "forward_backward_time_ms": 38329.80076904299}, "execution_memory": {"layer_memory_total_mb": [7852.0, 10368.25, 10368.25, 10368.25, 10368.25, 10368.25, 10368.25, 10368.25, 10368.25, 10368.25, 10368.25, 10368.25, 10368.25, 10368.25, 10368.25, 10368.25, 10368.25, 10368.25, 10368.25, 10368.25, 10368.25, 10368.25, 10368.25, 10368.25, 10368.25, 10368.25, 10368.25, 10368.25, 10368.25, 10368.25, 10368.25, 10368.25, 10368.25, 17602.0], "total_memory": 357238.0}}