{"model": {"model_name": "GPT_6-7B", "num_layers": 34, "parameters": {"total_parameters_bytes": 27454341120, "parameters_per_layer_bytes": [838860800, 805519360, 805519360, 805519360, 805519360, 805519360, 805519360, 805519360, 805519360, 805519360, 805519360, 805519360, 805519360, 805519360, 805519360, 805519360, 805519360, 805519360, 805519360, 805519360, 805519360, 805519360, 805519360, 805519360, 805519360, 805519360, 805519360, 805519360, 805519360, 805519360, 805519360, 805519360, 805519360, 838860800]}}, "execution_time": {"batch_generator_time_ms": 0, "optimizer_time_ms": 0, "layer_compute_total_ms": [176.71864624023436, 665.000537109375, 665.000537109375, 665.000537109375, 665.000537109375, 665.000537109375, 665.000537109375, 665.000537109375, 665.000537109375, 665.000537109375, 665.000537109375, 665.000537109375, 665.000537109375, 665.000537109375, 665.000537109375, 665.000537109375, 665.000537109375, 665.000537109375, 665.000537109375, 665.000537109375, 665.000537109375, 665.000537109375, 665.000537109375, 665.000537109375, 665.000537109375, 665.000537109375, 665.000537109375, 665.000537109375, 665.000537109375, 665.000537109375, 665.000537109375, 665.000537109375, 665.000537109375, 292.01982421875], "forward_backward_time_ms": 21748.755657959}, "execution_memory": {"layer_memory_total_mb": [4438.0, 2721.0634765625, 2721.0634765625, 2721.0634765625, 2721.0634765625, 2721.0634765625, 2721.0634765625, 2721.0634765625, 2721.0634765625, 2721.0634765625, 2721.0634765625, 2721.0634765625, 2721.0634765625, 2721.0634765625, 2721.0634765625, 2721.0634765625, 2721.0634765625, 2721.0634765625, 2721.0634765625, 2721.0634765625, 2721.0634765625, 2721.0634765625, 2721.0634765625, 2721.0634765625, 2721.0634765625, 2721.0634765625, 2721.0634765625, 2721.0634765625, 2721.0634765625, 2721.0634765625, 2721.0634765625, 2721.0634765625, 2721.0634765625, 4800.0], "total_memory": 96312.03125}}