{"model": {"model_name": "GPT_6-7B", "num_layers": 34, "parameters": {"total_parameters_bytes": 27454341120, "parameters_per_layer_bytes": [838860800, 805519360, 805519360, 805519360, 805519360, 805519360, 805519360, 805519360, 805519360, 805519360, 805519360, 805519360, 805519360, 805519360, 805519360, 805519360, 805519360, 805519360, 805519360, 805519360, 805519360, 805519360, 805519360, 805519360, 805519360, 805519360, 805519360, 805519360, 805519360, 805519360, 805519360, 805519360, 805519360, 838860800]}}, "execution_time": {"batch_generator_time_ms": 0, "optimizer_time_ms": 0, "layer_compute_total_ms": [259.938916015625, 869.6701171875, 869.6701171875, 869.6701171875, 869.6701171875, 869.6701171875, 869.6701171875, 869.6701171875, 869.6701171875, 869.6701171875, 869.6701171875, 869.6701171875, 869.6701171875, 869.6701171875, 869.6701171875, 869.6701171875, 869.6701171875, 869.6701171875, 869.6701171875, 869.6701171875, 869.6701171875, 869.6701171875, 869.6701171875, 869.6701171875, 869.6701171875, 869.6701171875, 869.6701171875, 869.6701171875, 869.6701171875, 869.6701171875, 869.6701171875, 869.6701171875, 869.6701171875, 300.4041259765625], "forward_backward_time_ms": 28389.786791992174}, "execution_memory": {"layer_memory_total_mb": [4070.0, 1616.5322265625, 1616.5322265625, 1616.5322265625, 1616.5322265625, 1616.5322265625, 1616.5322265625, 1616.5322265625, 1616.5322265625, 1616.5322265625, 1616.5322265625, 1616.5322265625, 1616.5322265625, 1616.5322265625, 1616.5322265625, 1616.5322265625, 1616.5322265625, 1616.5322265625, 1616.5322265625, 1616.5322265625, 1616.5322265625, 1616.5322265625, 1616.5322265625, 1616.5322265625, 1616.5322265625, 1616.5322265625, 1616.5322265625, 1616.5322265625, 1616.5322265625, 1616.5322265625, 1616.5322265625, 1616.5322265625, 1616.5322265625, 2400.0], "total_memory": 58199.03125}}