{"model": {"model_name": "GPT_6-7B", "num_layers": 34, "parameters": {"total_parameters_bytes": 27454341120, "parameters_per_layer_bytes": [838860800, 805519360, 805519360, 805519360, 805519360, 805519360, 805519360, 805519360, 805519360, 805519360, 805519360, 805519360, 805519360, 805519360, 805519360, 805519360, 805519360, 805519360, 805519360, 805519360, 805519360, 805519360, 805519360, 805519360, 805519360, 805519360, 805519360, 805519360, 805519360, 805519360, 805519360, 805519360, 805519360, 838860800]}}, "execution_time": {"batch_generator_time_ms": 0, "optimizer_time_ms": 0, "layer_compute_total_ms": [378.8484619140625, 2045.483203125, 2045.483203125, 2045.483203125, 2045.483203125, 2045.483203125, 2045.483203125, 2045.483203125, 2045.483203125, 2045.483203125, 2045.483203125, 2045.483203125, 2045.483203125, 2045.483203125, 2045.483203125, 2045.483203125, 2045.483203125, 2045.483203125, 2045.483203125, 2045.483203125, 2045.483203125, 2045.483203125, 2045.483203125, 2045.483203125, 2045.483203125, 2045.483203125, 2045.483203125, 2045.483203125, 2045.483203125, 2045.483203125, 2045.483203125, 2045.483203125, 2045.483203125, 20000.0], "forward_backward_time_ms": 85834.31096191403}, "execution_memory": {"layer_memory_total_mb": [7852.0, 10368.25, 10368.25, 10368.25, 10368.25, 10368.25, 10368.25, 10368.25, 10368.25, 10368.25, 10368.25, 10368.25, 10368.25, 10368.25, 10368.25, 10368.25, 10368.25, 10368.25, 10368.25, 10368.25, 10368.25, 10368.25, 10368.25, 10368.25, 10368.25, 10368.25, 10368.25, 10368.25, 10368.25, 10368.25, 10368.25, 10368.25, 10368.25, 110000000.0], "total_memory": 110339636.0}}