{"model": {"model_name": "GPT_6-7B", "num_layers": 34, "parameters": {"total_parameters_bytes": 27454341120, "parameters_per_layer_bytes": [838860800, 805519360, 805519360, 805519360, 805519360, 805519360, 805519360, 805519360, 805519360, 805519360, 805519360, 805519360, 805519360, 805519360, 805519360, 805519360, 805519360, 805519360, 805519360, 805519360, 805519360, 805519360, 805519360, 805519360, 805519360, 805519360, 805519360, 805519360, 805519360, 805519360, 805519360, 805519360, 805519360, 838860800]}}, "execution_time": {"batch_generator_time_ms": 0, "optimizer_time_ms": 0, "layer_compute_total_ms": [294.0860229492188, 1015.037109375, 1015.037109375, 1015.037109375, 1015.037109375, 1015.037109375, 1015.037109375, 1015.037109375, 1015.037109375, 1015.037109375, 1015.037109375, 1015.037109375, 1015.037109375, 1015.037109375, 1015.037109375, 1015.037109375, 1015.037109375, 1015.037109375, 1015.037109375, 1015.037109375, 1015.037109375, 1015.037109375, 1015.037109375, 1015.037109375, 1015.037109375, 1015.037109375, 1015.037109375, 1015.037109375, 1015.037109375, 1015.037109375, 1015.037109375, 1015.037109375, 1015.037109375, 348.1301025390625], "forward_backward_time_ms": 33123.40362548828}, "execution_memory": {"layer_memory_total_mb": [6284.0, 5184.125, 5184.125, 5184.125, 5184.125, 5184.125, 5184.125, 5184.125, 5184.125, 5184.125, 5184.125, 5184.125, 5184.125, 5184.125, 5184.125, 5184.125, 5184.125, 5184.125, 5184.125, 5184.125, 5184.125, 5184.125, 5184.125, 5184.125, 5184.125, 5184.125, 5184.125, 5184.125, 5184.125, 5184.125, 5184.125, 5184.125, 5184.125, 9314.0], "total_memory": 181490.0}}