{"model": {"model_name": "GPT_6-7B", "num_layers": 34, "parameters": {"total_parameters_bytes": 27454341120, "parameters_per_layer_bytes": [838860800, 805519360, 805519360, 805519360, 805519360, 805519360, 805519360, 805519360, 805519360, 805519360, 805519360, 805519360, 805519360, 805519360, 805519360, 805519360, 805519360, 805519360, 805519360, 805519360, 805519360, 805519360, 805519360, 805519360, 805519360, 805519360, 805519360, 805519360, 805519360, 805519360, 805519360, 805519360, 805519360, 838860800]}}, "execution_time": {"batch_generator_time_ms": 0, "optimizer_time_ms": 0, "layer_compute_total_ms": [1249.180859375, 4230.244921875, 4230.244921875, 4230.244921875, 4230.244921875, 4230.244921875, 4230.244921875, 4230.244921875, 4230.244921875, 4230.244921875, 4230.244921875, 4230.244921875, 4230.244921875, 4230.244921875, 4230.244921875, 4230.244921875, 4230.244921875, 4230.244921875, 4230.244921875, 4230.244921875, 4230.244921875, 4230.244921875, 4230.244921875, 4230.244921875, 4230.244921875, 4230.244921875, 4230.244921875, 4230.244921875, 4230.244921875, 4230.244921875, 4230.244921875, 4230.244921875, 4230.244921875, 1293.11865234375], "forward_backward_time_ms": 137910.1370117187}, "execution_memory": {"layer_memory_total_mb": [5884.0, 3552.0625, 3552.0625, 3552.0625, 3552.0625, 3552.0625, 3552.0625, 3552.0625, 3552.0625, 3552.0625, 3552.0625, 3552.0625, 3552.0625, 3552.0625, 3552.0625, 3552.0625, 3552.0625, 3552.0625, 3552.0625, 3552.0625, 3552.0625, 3552.0625, 3552.0625, 3552.0625, 3552.0625, 3552.0625, 3552.0625, 3552.0625, 3552.0625, 3552.0625, 3552.0625, 3552.0625, 3552.0625, 4914.0], "total_memory": 124464.0}}