{"model": {"model_name": "GPT_6-7B", "num_layers": 34, "parameters": {"total_parameters_bytes": 27454341120, "parameters_per_layer_bytes": [838860800, 805519360, 805519360, 805519360, 805519360, 805519360, 805519360, 805519360, 805519360, 805519360, 805519360, 805519360, 805519360, 805519360, 805519360, 805519360, 805519360, 805519360, 805519360, 805519360, 805519360, 805519360, 805519360, 805519360, 805519360, 805519360, 805519360, 805519360, 805519360, 805519360, 805519360, 805519360, 805519360, 838860800]}}, "execution_time": {"batch_generator_time_ms": 0, "optimizer_time_ms": 0, "layer_compute_total_ms": [147.56392822265624, 506.1760986328125, 506.1760986328125, 506.1760986328125, 506.1760986328125, 506.1760986328125, 506.1760986328125, 506.1760986328125, 506.1760986328125, 506.1760986328125, 506.1760986328125, 506.1760986328125, 506.1760986328125, 506.1760986328125, 506.1760986328125, 506.1760986328125, 506.1760986328125, 506.1760986328125, 506.1760986328125, 506.1760986328125, 506.1760986328125, 506.1760986328125, 506.1760986328125, 506.1760986328125, 506.1760986328125, 506.1760986328125, 506.1760986328125, 506.1760986328125, 506.1760986328125, 506.1760986328125, 506.1760986328125, 506.1760986328125, 506.1760986328125, 174.0930908203125], "forward_backward_time_ms": 16519.292175292958}, "execution_memory": {"layer_memory_total_mb": [4438.0, 2764.0625, 2764.0625, 2764.0625, 2764.0625, 2764.0625, 2764.0625, 2764.0625, 2764.0625, 2764.0625, 2764.0625, 2764.0625, 2764.0625, 2764.0625, 2764.0625, 2764.0625, 2764.0625, 2764.0625, 2764.0625, 2764.0625, 2764.0625, 2764.0625, 2764.0625, 2764.0625, 2764.0625, 2764.0625, 2764.0625, 2764.0625, 2764.0625, 2764.0625, 2764.0625, 2764.0625, 2764.0625, 4800.0], "total_memory": 97688.0}}