{"model": {"model_name": "GPT_6-7B", "num_layers": 34, "parameters": {"total_parameters_bytes": 27454341120, "parameters_per_layer_bytes": [838860800, 805519360, 805519360, 805519360, 805519360, 805519360, 805519360, 805519360, 805519360, 805519360, 805519360, 805519360, 805519360, 805519360, 805519360, 805519360, 805519360, 805519360, 805519360, 805519360, 805519360, 805519360, 805519360, 805519360, 805519360, 805519360, 805519360, 805519360, 805519360, 805519360, 805519360, 805519360, 805519360, 838860800]}}, "execution_time": {"batch_generator_time_ms": 0, "optimizer_time_ms": 0, "layer_compute_total_ms": [11.048345565795898, 419.4400146484375, 419.4400146484375, 419.4400146484375, 419.4400146484375, 419.4400146484375, 419.4400146484375, 419.4400146484375, 419.4400146484375, 419.4400146484375, 419.4400146484375, 419.4400146484375, 419.4400146484375, 419.4400146484375, 419.4400146484375, 419.4400146484375, 419.4400146484375, 419.4400146484375, 419.4400146484375, 419.4400146484375, 419.4400146484375, 419.4400146484375, 419.4400146484375, 419.4400146484375, 419.4400146484375, 419.4400146484375, 419.4400146484375, 419.4400146484375, 419.4400146484375, 419.4400146484375, 419.4400146484375, 419.4400146484375, 419.4400146484375, 299.2742431640625], "forward_backward_time_ms": 13732.40305747985}, "execution_memory": {"layer_memory_total_mb": [7478.0, 10624.25, 10624.25, 10624.25, 10624.25, 10624.25, 10624.25, 10624.25, 10624.25, 10624.25, 10624.25, 10624.25, 10624.25, 10624.25, 10624.25, 10624.25, 10624.25, 10624.25, 10624.25, 10624.25, 10624.25, 10624.25, 10624.25, 10624.25, 10624.25, 10624.25, 10624.25, 10624.25, 10624.25, 10624.25, 10624.25, 10624.25, 10624.25, 19200.0], "total_memory": 366654.0}}