{"model": {"model_name": "GPT_6-7B", "num_layers": 34, "parameters": {"total_parameters_bytes": 27454341120, "parameters_per_layer_bytes": [838860800, 805519360, 805519360, 805519360, 805519360, 805519360, 805519360, 805519360, 805519360, 805519360, 805519360, 805519360, 805519360, 805519360, 805519360, 805519360, 805519360, 805519360, 805519360, 805519360, 805519360, 805519360, 805519360, 805519360, 805519360, 805519360, 805519360, 805519360, 805519360, 805519360, 805519360, 805519360, 805519360, 838860800]}}, "execution_time": {"batch_generator_time_ms": 0, "optimizer_time_ms": 0, "layer_compute_total_ms": [474.38953857421876, 1593.662255859375, 1593.662255859375, 1593.662255859375, 1593.662255859375, 1593.662255859375, 1593.662255859375, 1593.662255859375, 1593.662255859375, 1593.662255859375, 1593.662255859375, 1593.662255859375, 1593.662255859375, 1593.662255859375, 1593.662255859375, 1593.662255859375, 1593.662255859375, 1593.662255859375, 1593.662255859375, 1593.662255859375, 1593.662255859375, 1593.662255859375, 1593.662255859375, 1593.662255859375, 1593.662255859375, 1593.662255859375, 1593.662255859375, 1593.662255859375, 1593.662255859375, 1593.662255859375, 1593.662255859375, 1593.662255859375, 1593.662255859375, 507.626904296875], "forward_backward_time_ms": 51979.20863037107}, "execution_memory": {"layer_memory_total_mb": [5884.0, 3360.0625, 3360.0625, 3360.0625, 3360.0625, 3360.0625, 3360.0625, 3360.0625, 3360.0625, 3360.0625, 3360.0625, 3360.0625, 3360.0625, 3360.0625, 3360.0625, 3360.0625, 3360.0625, 3360.0625, 3360.0625, 3360.0625, 3360.0625, 3360.0625, 3360.0625, 3360.0625, 3360.0625, 3360.0625, 3360.0625, 3360.0625, 3360.0625, 3360.0625, 3360.0625, 3360.0625, 3360.0625, 4914.0], "total_memory": 118320.0}}