{"model": {"model_name": "GPT_6-7B", "num_layers": 34, "parameters": {"total_parameters_bytes": 27454341120, "parameters_per_layer_bytes": [838860800, 805519360, 805519360, 805519360, 805519360, 805519360, 805519360, 805519360, 805519360, 805519360, 805519360, 805519360, 805519360, 805519360, 805519360, 805519360, 805519360, 805519360, 805519360, 805519360, 805519360, 805519360, 805519360, 805519360, 805519360, 805519360, 805519360, 805519360, 805519360, 805519360, 805519360, 805519360, 805519360, 838860800]}}, "execution_time": {"batch_generator_time_ms": 0, "optimizer_time_ms": 0, "layer_compute_total_ms": [149.16669311523438, 590.108056640625, 590.108056640625, 590.108056640625, 590.108056640625, 590.108056640625, 590.108056640625, 590.108056640625, 590.108056640625, 590.108056640625, 590.108056640625, 590.108056640625, 590.108056640625, 590.108056640625, 590.108056640625, 590.108056640625, 590.108056640625, 590.108056640625, 590.108056640625, 590.108056640625, 590.108056640625, 590.108056640625, 590.108056640625, 590.108056640625, 590.108056640625, 590.108056640625, 590.108056640625, 590.108056640625, 590.108056640625, 590.108056640625, 590.108056640625, 590.108056640625, 590.108056640625, 247.5683837890625], "forward_backward_time_ms": 19280.192889404294}, "execution_memory": {"layer_memory_total_mb": [5750.0, 5568.125, 5568.125, 5568.125, 5568.125, 5568.125, 5568.125, 5568.125, 5568.125, 5568.125, 5568.125, 5568.125, 5568.125, 5568.125, 5568.125, 5568.125, 5568.125, 5568.125, 5568.125, 5568.125, 5568.125, 5568.125, 5568.125, 5568.125, 5568.125, 5568.125, 5568.125, 5568.125, 5568.125, 5568.125, 5568.125, 5568.125, 5568.125, 9600.0], "total_memory": 193530.0}}