{"model": {"model_name": "GPT_2-6B", "num_layers": 34, "parameters": {"total_parameters_bytes": 11119165440, "parameters_per_layer_bytes": [524288000, 314705920, 314705920, 314705920, 314705920, 314705920, 314705920, 314705920, 314705920, 314705920, 314705920, 314705920, 314705920, 314705920, 314705920, 314705920, 314705920, 314705920, 314705920, 314705920, 314705920, 314705920, 314705920, 314705920, 314705920, 314705920, 314705920, 314705920, 314705920, 314705920, 314705920, 314705920, 314705920, 524288000]}}, "execution_time": {"batch_generator_time_ms": 0, "optimizer_time_ms": 0, "layer_compute_total_ms": [126.62804565429687, 481.2875732421875, 481.2875732421875, 481.2875732421875, 481.2875732421875, 481.2875732421875, 481.2875732421875, 481.2875732421875, 481.2875732421875, 481.2875732421875, 481.2875732421875, 481.2875732421875, 481.2875732421875, 481.2875732421875, 481.2875732421875, 481.2875732421875, 481.2875732421875, 481.2875732421875, 481.2875732421875, 481.2875732421875, 481.2875732421875, 481.2875732421875, 481.2875732421875, 481.2875732421875, 481.2875732421875, 481.2875732421875, 481.2875732421875, 481.2875732421875, 481.2875732421875, 481.2875732421875, 481.2875732421875, 481.2875732421875, 481.2875732421875, 407.4909423828125], "forward_backward_time_ms": 15935.321331787101}, "execution_memory": {"layer_memory_total_mb": [2954.0, 2683.0107421875, 2683.0107421875, 2683.0107421875, 2683.0107421875, 2683.0107421875, 2683.0107421875, 2683.0107421875, 2683.0107421875, 2683.0107421875, 2683.0107421875, 2683.0107421875, 2683.0107421875, 2683.0107421875, 2683.0107421875, 2683.0107421875, 2683.0107421875, 2683.0107421875, 2683.0107421875, 2683.0107421875, 2683.0107421875, 2683.0107421875, 2683.0107421875, 2683.0107421875, 2683.0107421875, 2683.0107421875, 2683.0107421875, 2683.0107421875, 2683.0107421875, 2683.0107421875, 2683.0107421875, 2683.0107421875, 2683.0107421875, 9240.0], "total_memory": 98050.34375}}