{"model": {"model_name": "GPT_2-6B", "num_layers": 34, "parameters": {"total_parameters_bytes": 11119165440, "parameters_per_layer_bytes": [524288000, 314705920, 314705920, 314705920, 314705920, 314705920, 314705920, 314705920, 314705920, 314705920, 314705920, 314705920, 314705920, 314705920, 314705920, 314705920, 314705920, 314705920, 314705920, 314705920, 314705920, 314705920, 314705920, 314705920, 314705920, 314705920, 314705920, 314705920, 314705920, 314705920, 314705920, 314705920, 314705920, 524288000]}}, "execution_time": {"batch_generator_time_ms": 0, "optimizer_time_ms": 0, "layer_compute_total_ms": [84.19942626953124, 255.2975341796875, 255.2975341796875, 255.2975341796875, 255.2975341796875, 255.2975341796875, 255.2975341796875, 255.2975341796875, 255.2975341796875, 255.2975341796875, 255.2975341796875, 255.2975341796875, 255.2975341796875, 255.2975341796875, 255.2975341796875, 255.2975341796875, 255.2975341796875, 255.2975341796875, 255.2975341796875, 255.2975341796875, 255.2975341796875, 255.2975341796875, 255.2975341796875, 255.2975341796875, 255.2975341796875, 255.2975341796875, 255.2975341796875, 255.2975341796875, 255.2975341796875, 255.2975341796875, 255.2975341796875, 255.2975341796875, 255.2975341796875, 102.05716552734376], "forward_backward_time_ms": 8355.777685546871}, "execution_memory": {"layer_memory_total_mb": [1306.0, 501.015625, 501.015625, 501.015625, 501.015625, 501.015625, 501.015625, 501.015625, 501.015625, 501.015625, 501.015625, 501.015625, 501.015625, 501.015625, 501.015625, 501.015625, 501.015625, 501.015625, 501.015625, 501.015625, 501.015625, 501.015625, 501.015625, 501.015625, 501.015625, 501.015625, 501.015625, 501.015625, 501.015625, 501.015625, 501.015625, 501.015625, 501.015625, 1050.0], "total_memory": 18388.5}}