{"model": {"model_name": "GPT_2-6B", "num_layers": 34, "parameters": {"total_parameters_bytes": 11119165440, "parameters_per_layer_bytes": [524288000, 314705920, 314705920, 314705920, 314705920, 314705920, 314705920, 314705920, 314705920, 314705920, 314705920, 314705920, 314705920, 314705920, 314705920, 314705920, 314705920, 314705920, 314705920, 314705920, 314705920, 314705920, 314705920, 314705920, 314705920, 314705920, 314705920, 314705920, 314705920, 314705920, 314705920, 314705920, 314705920, 524288000]}}, "execution_time": {"batch_generator_time_ms": 0, "optimizer_time_ms": 0, "layer_compute_total_ms": [11.817472076416015, 462.1281372070313, 462.1281372070313, 462.1281372070313, 462.1281372070313, 462.1281372070313, 462.1281372070313, 462.1281372070313, 462.1281372070313, 462.1281372070313, 462.1281372070313, 462.1281372070313, 462.1281372070313, 462.1281372070313, 462.1281372070313, 462.1281372070313, 462.1281372070313, 462.1281372070313, 462.1281372070313, 462.1281372070313, 462.1281372070313, 462.1281372070313, 462.1281372070313, 462.1281372070313, 462.1281372070313, 462.1281372070313, 462.1281372070313, 462.1281372070313, 462.1281372070313, 462.1281372070313, 462.1281372070313, 462.1281372070313, 462.1281372070313, 20000.0], "forward_backward_time_ms": 34799.917862701426}, "execution_memory": {"layer_memory_total_mb": [4204.0, 6326.25, 6326.25, 6326.25, 6326.25, 6326.25, 6326.25, 6326.25, 6326.25, 6326.25, 6326.25, 6326.25, 6326.25, 6326.25, 6326.25, 6326.25, 6326.25, 6326.25, 6326.25, 6326.25, 6326.25, 6326.25, 6326.25, 6326.25, 6326.25, 6326.25, 6326.25, 6326.25, 6326.25, 6326.25, 6326.25, 6326.25, 6326.25, 110000000.0], "total_memory": 110206644.0}}