{"model": {"model_name": "GPT_2-6B", "num_layers": 34, "parameters": {"total_parameters_bytes": 11119165440, "parameters_per_layer_bytes": [524288000, 314705920, 314705920, 314705920, 314705920, 314705920, 314705920, 314705920, 314705920, 314705920, 314705920, 314705920, 314705920, 314705920, 314705920, 314705920, 314705920, 314705920, 314705920, 314705920, 314705920, 314705920, 314705920, 314705920, 314705920, 314705920, 314705920, 314705920, 314705920, 314705920, 314705920, 314705920, 314705920, 524288000]}}, "execution_time": {"batch_generator_time_ms": 0, "optimizer_time_ms": 0, "layer_compute_total_ms": [48.144595336914065, 142.70194091796876, 142.70194091796876, 142.70194091796876, 142.70194091796876, 142.70194091796876, 142.70194091796876, 142.70194091796876, 142.70194091796876, 142.70194091796876, 142.70194091796876, 142.70194091796876, 142.70194091796876, 142.70194091796876, 142.70194091796876, 142.70194091796876, 142.70194091796876, 142.70194091796876, 142.70194091796876, 142.70194091796876, 142.70194091796876, 142.70194091796876, 142.70194091796876, 142.70194091796876, 142.70194091796876, 142.70194091796876, 142.70194091796876, 142.70194091796876, 142.70194091796876, 142.70194091796876, 142.70194091796876, 142.70194091796876, 142.70194091796876, 60.86287231445313], "forward_backward_time_ms": 4675.469577026368}, "execution_memory": {"layer_memory_total_mb": [1656.0, 678.0634765625, 678.0634765625, 678.0634765625, 678.0634765625, 678.0634765625, 678.0634765625, 678.0634765625, 678.0634765625, 678.0634765625, 678.0634765625, 678.0634765625, 678.0634765625, 678.0634765625, 678.0634765625, 678.0634765625, 678.0634765625, 678.0634765625, 678.0634765625, 678.0634765625, 678.0634765625, 678.0634765625, 678.0634765625, 678.0634765625, 678.0634765625, 678.0634765625, 678.0634765625, 678.0634765625, 678.0634765625, 678.0634765625, 678.0634765625, 678.0634765625, 678.0634765625, 2500.0], "total_memory": 25854.03125}}