{"model": {"model_name": "GPT_2-6B", "num_layers": 34, "parameters": {"total_parameters_bytes": 11119165440, "parameters_per_layer_bytes": [524288000, 314705920, 314705920, 314705920, 314705920, 314705920, 314705920, 314705920, 314705920, 314705920, 314705920, 314705920, 314705920, 314705920, 314705920, 314705920, 314705920, 314705920, 314705920, 314705920, 314705920, 314705920, 314705920, 314705920, 314705920, 314705920, 314705920, 314705920, 314705920, 314705920, 314705920, 314705920, 314705920, 524288000]}}, "execution_time": {"batch_generator_time_ms": 0, "optimizer_time_ms": 0, "layer_compute_total_ms": [203.56597900390625, 653.1437744140625, 653.1437744140625, 653.1437744140625, 653.1437744140625, 653.1437744140625, 653.1437744140625, 653.1437744140625, 653.1437744140625, 653.1437744140625, 653.1437744140625, 653.1437744140625, 653.1437744140625, 653.1437744140625, 653.1437744140625, 653.1437744140625, 653.1437744140625, 653.1437744140625, 653.1437744140625, 653.1437744140625, 653.1437744140625, 653.1437744140625, 653.1437744140625, 653.1437744140625, 653.1437744140625, 653.1437744140625, 653.1437744140625, 653.1437744140625, 653.1437744140625, 653.1437744140625, 653.1437744140625, 653.1437744140625, 653.1437744140625, 221.86435546875], "forward_backward_time_ms": 21326.03111572266}, "execution_memory": {"layer_memory_total_mb": [1576.0, 944.5634765625, 944.5634765625, 944.5634765625, 944.5634765625, 944.5634765625, 944.5634765625, 944.5634765625, 944.5634765625, 944.5634765625, 944.5634765625, 944.5634765625, 944.5634765625, 944.5634765625, 944.5634765625, 944.5634765625, 944.5634765625, 944.5634765625, 944.5634765625, 944.5634765625, 944.5634765625, 944.5634765625, 944.5634765625, 944.5634765625, 944.5634765625, 944.5634765625, 944.5634765625, 944.5634765625, 944.5634765625, 944.5634765625, 944.5634765625, 944.5634765625, 944.5634765625, 2500.0], "total_memory": 34302.03125}}