{"model": {"model_name": "GPT_2-6B", "num_layers": 34, "parameters": {"total_parameters_bytes": 11119165440, "parameters_per_layer_bytes": [524288000, 314705920, 314705920, 314705920, 314705920, 314705920, 314705920, 314705920, 314705920, 314705920, 314705920, 314705920, 314705920, 314705920, 314705920, 314705920, 314705920, 314705920, 314705920, 314705920, 314705920, 314705920, 314705920, 314705920, 314705920, 314705920, 314705920, 314705920, 314705920, 314705920, 314705920, 314705920, 314705920, 524288000]}}, "execution_time": {"batch_generator_time_ms": 0, "optimizer_time_ms": 0, "layer_compute_total_ms": [118.0389404296875, 354.58765869140626, 354.58765869140626, 354.58765869140626, 354.58765869140626, 354.58765869140626, 354.58765869140626, 354.58765869140626, 354.58765869140626, 354.58765869140626, 354.58765869140626, 354.58765869140626, 354.58765869140626, 354.58765869140626, 354.58765869140626, 354.58765869140626, 354.58765869140626, 354.58765869140626, 354.58765869140626, 354.58765869140626, 354.58765869140626, 354.58765869140626, 354.58765869140626, 354.58765869140626, 354.58765869140626, 354.58765869140626, 354.58765869140626, 354.58765869140626, 354.58765869140626, 354.58765869140626, 354.58765869140626, 354.58765869140626, 354.58765869140626, 210.23642578125], "forward_backward_time_ms": 11675.080444335934}, "execution_memory": {"layer_memory_total_mb": [2294.0, 1223.1259765625, 1223.1259765625, 1223.1259765625, 1223.1259765625, 1223.1259765625, 1223.1259765625, 1223.1259765625, 1223.1259765625, 1223.1259765625, 1223.1259765625, 1223.1259765625, 1223.1259765625, 1223.1259765625, 1223.1259765625, 1223.1259765625, 1223.1259765625, 1223.1259765625, 1223.1259765625, 1223.1259765625, 1223.1259765625, 1223.1259765625, 1223.1259765625, 1223.1259765625, 1223.1259765625, 1223.1259765625, 1223.1259765625, 1223.1259765625, 1223.1259765625, 1223.1259765625, 1223.1259765625, 1223.1259765625, 1223.1259765625, 4660.0], "total_memory": 46094.03125}}