{"model": {"model_name": "GPT_2-6B", "num_layers": 34, "parameters": {"total_parameters_bytes": 11119165440, "parameters_per_layer_bytes": [524288000, 314705920, 314705920, 314705920, 314705920, 314705920, 314705920, 314705920, 314705920, 314705920, 314705920, 314705920, 314705920, 314705920, 314705920, 314705920, 314705920, 314705920, 314705920, 314705920, 314705920, 314705920, 314705920, 314705920, 314705920, 314705920, 314705920, 314705920, 314705920, 314705920, 314705920, 314705920, 314705920, 524288000]}}, "execution_time": {"batch_generator_time_ms": 0, "optimizer_time_ms": 0, "layer_compute_total_ms": [47.440486145019534, 154.4110107421875, 154.4110107421875, 154.4110107421875, 154.4110107421875, 154.4110107421875, 154.4110107421875, 154.4110107421875, 154.4110107421875, 154.4110107421875, 154.4110107421875, 154.4110107421875, 154.4110107421875, 154.4110107421875, 154.4110107421875, 154.4110107421875, 154.4110107421875, 154.4110107421875, 154.4110107421875, 154.4110107421875, 154.4110107421875, 154.4110107421875, 154.4110107421875, 154.4110107421875, 154.4110107421875, 154.4110107421875, 154.4110107421875, 154.4110107421875, 154.4110107421875, 154.4110107421875, 154.4110107421875, 154.4110107421875, 154.4110107421875, 88.65361938476562], "forward_backward_time_ms": 5077.246449279785}, "execution_memory": {"layer_memory_total_mb": [2296.0, 1357.10400390625, 1357.10400390625, 1357.10400390625, 1357.10400390625, 1357.10400390625, 1357.10400390625, 1357.10400390625, 1357.10400390625, 1357.10400390625, 1357.10400390625, 1357.10400390625, 1357.10400390625, 1357.10400390625, 1357.10400390625, 1357.10400390625, 1357.10400390625, 1357.10400390625, 1357.10400390625, 1357.10400390625, 1357.10400390625, 1357.10400390625, 1357.10400390625, 1357.10400390625, 1357.10400390625, 1357.10400390625, 1357.10400390625, 1357.10400390625, 1357.10400390625, 1357.10400390625, 1357.10400390625, 1357.10400390625, 1357.10400390625, 5000.0], "total_memory": 50723.328125}}