{"model": {"model_name": "GPT_2-6B", "num_layers": 34, "parameters": {"total_parameters_bytes": 11119165440, "parameters_per_layer_bytes": [524288000, 314705920, 314705920, 314705920, 314705920, 314705920, 314705920, 314705920, 314705920, 314705920, 314705920, 314705920, 314705920, 314705920, 314705920, 314705920, 314705920, 314705920, 314705920, 314705920, 314705920, 314705920, 314705920, 314705920, 314705920, 314705920, 314705920, 314705920, 314705920, 314705920, 314705920, 314705920, 314705920, 524288000]}}, "execution_time": {"batch_generator_time_ms": 0, "optimizer_time_ms": 0, "layer_compute_total_ms": [407.6199951171875, 1315.165185546875, 1315.165185546875, 1315.165185546875, 1315.165185546875, 1315.165185546875, 1315.165185546875, 1315.165185546875, 1315.165185546875, 1315.165185546875, 1315.165185546875, 1315.165185546875, 1315.165185546875, 1315.165185546875, 1315.165185546875, 1315.165185546875, 1315.165185546875, 1315.165185546875, 1315.165185546875, 1315.165185546875, 1315.165185546875, 1315.165185546875, 1315.165185546875, 1315.165185546875, 1315.165185546875, 1315.165185546875, 1315.165185546875, 1315.165185546875, 1315.165185546875, 1315.165185546875, 1315.165185546875, 1315.165185546875, 1315.165185546875, 442.681640625], "forward_backward_time_ms": 42935.58757324216}, "execution_memory": {"layer_memory_total_mb": [2294.0, 1587.1259765625, 1587.1259765625, 1587.1259765625, 1587.1259765625, 1587.1259765625, 1587.1259765625, 1587.1259765625, 1587.1259765625, 1587.1259765625, 1587.1259765625, 1587.1259765625, 1587.1259765625, 1587.1259765625, 1587.1259765625, 1587.1259765625, 1587.1259765625, 1587.1259765625, 1587.1259765625, 1587.1259765625, 1587.1259765625, 1587.1259765625, 1587.1259765625, 1587.1259765625, 1587.1259765625, 1587.1259765625, 1587.1259765625, 1587.1259765625, 1587.1259765625, 1587.1259765625, 1587.1259765625, 1587.1259765625, 1587.1259765625, 4660.0], "total_memory": 57742.03125}}