{"model": {"model_name": "GPT_2-6B", "num_layers": 34, "parameters": {"total_parameters_bytes": 11119165440, "parameters_per_layer_bytes": [524288000, 314705920, 314705920, 314705920, 314705920, 314705920, 314705920, 314705920, 314705920, 314705920, 314705920, 314705920, 314705920, 314705920, 314705920, 314705920, 314705920, 314705920, 314705920, 314705920, 314705920, 314705920, 314705920, 314705920, 314705920, 314705920, 314705920, 314705920, 314705920, 314705920, 314705920, 314705920, 314705920, 524288000]}}, "execution_time": {"batch_generator_time_ms": 0, "optimizer_time_ms": 0, "layer_compute_total_ms": [59.131289672851565, 175.1044128417969, 175.1044128417969, 175.1044128417969, 175.1044128417969, 175.1044128417969, 175.1044128417969, 175.1044128417969, 175.1044128417969, 175.1044128417969, 175.1044128417969, 175.1044128417969, 175.1044128417969, 175.1044128417969, 175.1044128417969, 175.1044128417969, 175.1044128417969, 175.1044128417969, 175.1044128417969, 175.1044128417969, 175.1044128417969, 175.1044128417969, 175.1044128417969, 175.1044128417969, 175.1044128417969, 175.1044128417969, 175.1044128417969, 175.1044128417969, 175.1044128417969, 175.1044128417969, 175.1044128417969, 175.1044128417969, 175.1044128417969, 105.37840576171875], "forward_backward_time_ms": 5767.850906372073}, "execution_memory": {"layer_memory_total_mb": [1656.0, 678.0634765625, 678.0634765625, 678.0634765625, 678.0634765625, 678.0634765625, 678.0634765625, 678.0634765625, 678.0634765625, 678.0634765625, 678.0634765625, 678.0634765625, 678.0634765625, 678.0634765625, 678.0634765625, 678.0634765625, 678.0634765625, 678.0634765625, 678.0634765625, 678.0634765625, 678.0634765625, 678.0634765625, 678.0634765625, 678.0634765625, 678.0634765625, 678.0634765625, 678.0634765625, 678.0634765625, 678.0634765625, 678.0634765625, 678.0634765625, 678.0634765625, 678.0634765625, 2500.0], "total_memory": 25854.03125}}