{"model": {"model_name": "GPT_2-6B", "num_layers": 34, "parameters": {"total_parameters_bytes": 11119165440, "parameters_per_layer_bytes": [524288000, 314705920, 314705920, 314705920, 314705920, 314705920, 314705920, 314705920, 314705920, 314705920, 314705920, 314705920, 314705920, 314705920, 314705920, 314705920, 314705920, 314705920, 314705920, 314705920, 314705920, 314705920, 314705920, 314705920, 314705920, 314705920, 314705920, 314705920, 314705920, 314705920, 314705920, 314705920, 314705920, 524288000]}}, "execution_time": {"batch_generator_time_ms": 0, "optimizer_time_ms": 0, "layer_compute_total_ms": [147.69951171875, 517.005615234375, 517.005615234375, 517.005615234375, 517.005615234375, 517.005615234375, 517.005615234375, 517.005615234375, 517.005615234375, 517.005615234375, 517.005615234375, 517.005615234375, 517.005615234375, 517.005615234375, 517.005615234375, 517.005615234375, 517.005615234375, 517.005615234375, 517.005615234375, 517.005615234375, 517.005615234375, 517.005615234375, 517.005615234375, 517.005615234375, 517.005615234375, 517.005615234375, 517.005615234375, 517.005615234375, 517.005615234375, 517.005615234375, 517.005615234375, 517.005615234375, 517.005615234375, 260.0552490234375], "forward_backward_time_ms": 16951.934448242188}, "execution_memory": {"layer_memory_total_mb": [2176.0, 1360.1259765625, 1360.1259765625, 1360.1259765625, 1360.1259765625, 1360.1259765625, 1360.1259765625, 1360.1259765625, 1360.1259765625, 1360.1259765625, 1360.1259765625, 1360.1259765625, 1360.1259765625, 1360.1259765625, 1360.1259765625, 1360.1259765625, 1360.1259765625, 1360.1259765625, 1360.1259765625, 1360.1259765625, 1360.1259765625, 1360.1259765625, 1360.1259765625, 1360.1259765625, 1360.1259765625, 1360.1259765625, 1360.1259765625, 1360.1259765625, 1360.1259765625, 1360.1259765625, 1360.1259765625, 1360.1259765625, 1360.1259765625, 5080.0], "total_memory": 50780.03125}}