{"model": {"model_name": "GPT_2-6B", "num_layers": 34, "parameters": {"total_parameters_bytes": 11119165440, "parameters_per_layer_bytes": [524288000, 314705920, 314705920, 314705920, 314705920, 314705920, 314705920, 314705920, 314705920, 314705920, 314705920, 314705920, 314705920, 314705920, 314705920, 314705920, 314705920, 314705920, 314705920, 314705920, 314705920, 314705920, 314705920, 314705920, 314705920, 314705920, 314705920, 314705920, 314705920, 314705920, 314705920, 314705920, 314705920, 524288000]}}, "execution_time": {"batch_generator_time_ms": 0, "optimizer_time_ms": 0, "layer_compute_total_ms": [62.48202209472656, 239.88367919921876, 239.88367919921876, 239.88367919921876, 239.88367919921876, 239.88367919921876, 239.88367919921876, 239.88367919921876, 239.88367919921876, 239.88367919921876, 239.88367919921876, 239.88367919921876, 239.88367919921876, 239.88367919921876, 239.88367919921876, 239.88367919921876, 239.88367919921876, 239.88367919921876, 239.88367919921876, 239.88367919921876, 239.88367919921876, 239.88367919921876, 239.88367919921876, 239.88367919921876, 239.88367919921876, 239.88367919921876, 239.88367919921876, 239.88367919921876, 239.88367919921876, 239.88367919921876, 239.88367919921876, 239.88367919921876, 239.88367919921876, 202.265185546875], "forward_backward_time_ms": 7941.024942016606}, "execution_memory": {"layer_memory_total_mb": [2296.0, 1528.10400390625, 1528.10400390625, 1528.10400390625, 1528.10400390625, 1528.10400390625, 1528.10400390625, 1528.10400390625, 1528.10400390625, 1528.10400390625, 1528.10400390625, 1528.10400390625, 1528.10400390625, 1528.10400390625, 1528.10400390625, 1528.10400390625, 1528.10400390625, 1528.10400390625, 1528.10400390625, 1528.10400390625, 1528.10400390625, 1528.10400390625, 1528.10400390625, 1528.10400390625, 1528.10400390625, 1528.10400390625, 1528.10400390625, 1528.10400390625, 1528.10400390625, 1528.10400390625, 1528.10400390625, 1528.10400390625, 1528.10400390625, 5000.0], "total_memory": 56195.328125}}