{"model": {"model_name": "GPT_2-6B", "num_layers": 34, "parameters": {"total_parameters_bytes": 11119165440, "parameters_per_layer_bytes": [524288000, 314705920, 314705920, 314705920, 314705920, 314705920, 314705920, 314705920, 314705920, 314705920, 314705920, 314705920, 314705920, 314705920, 314705920, 314705920, 314705920, 314705920, 314705920, 314705920, 314705920, 314705920, 314705920, 314705920, 314705920, 314705920, 314705920, 314705920, 314705920, 314705920, 314705920, 314705920, 314705920, 524288000]}}, "execution_time": {"batch_generator_time_ms": 0, "optimizer_time_ms": 0, "layer_compute_total_ms": [77.08610534667969, 244.916015625, 244.916015625, 244.916015625, 244.916015625, 244.916015625, 244.916015625, 244.916015625, 244.916015625, 244.916015625, 244.916015625, 244.916015625, 244.916015625, 244.916015625, 244.916015625, 244.916015625, 244.916015625, 244.916015625, 244.916015625, 244.916015625, 244.916015625, 244.916015625, 244.916015625, 244.916015625, 244.916015625, 244.916015625, 244.916015625, 244.916015625, 244.916015625, 244.916015625, 244.916015625, 244.916015625, 244.916015625, 82.52784423828125], "forward_backward_time_ms": 7996.926449584961}, "execution_memory": {"layer_memory_total_mb": [1306.0, 401.015625, 401.015625, 401.015625, 401.015625, 401.015625, 401.015625, 401.015625, 401.015625, 401.015625, 401.015625, 401.015625, 401.015625, 401.015625, 401.015625, 401.015625, 401.015625, 401.015625, 401.015625, 401.015625, 401.015625, 401.015625, 401.015625, 401.015625, 401.015625, 401.015625, 401.015625, 401.015625, 401.015625, 401.015625, 401.015625, 401.015625, 401.015625, 1050.0], "total_memory": 15188.5}}