{"model": {"model_name": "GPT_2-6B", "num_layers": 34, "parameters": {"total_parameters_bytes": 11119165440, "parameters_per_layer_bytes": [524288000, 314705920, 314705920, 314705920, 314705920, 314705920, 314705920, 314705920, 314705920, 314705920, 314705920, 314705920, 314705920, 314705920, 314705920, 314705920, 314705920, 314705920, 314705920, 314705920, 314705920, 314705920, 314705920, 314705920, 314705920, 314705920, 314705920, 314705920, 314705920, 314705920, 314705920, 314705920, 314705920, 524288000]}}, "execution_time": {"batch_generator_time_ms": 0, "optimizer_time_ms": 0, "layer_compute_total_ms": [6.892851066589356, 236.54512939453124, 236.54512939453124, 236.54512939453124, 236.54512939453124, 236.54512939453124, 236.54512939453124, 236.54512939453124, 236.54512939453124, 236.54512939453124, 236.54512939453124, 236.54512939453124, 236.54512939453124, 236.54512939453124, 236.54512939453124, 236.54512939453124, 236.54512939453124, 236.54512939453124, 236.54512939453124, 236.54512939453124, 236.54512939453124, 236.54512939453124, 236.54512939453124, 236.54512939453124, 236.54512939453124, 236.54512939453124, 236.54512939453124, 236.54512939453124, 236.54512939453124, 236.54512939453124, 236.54512939453124, 236.54512939453124, 236.54512939453124, 291.1417236328125], "forward_backward_time_ms": 7867.478715324406}, "execution_memory": {"layer_memory_total_mb": [3586.0, 3690.125, 3690.125, 3690.125, 3690.125, 3690.125, 3690.125, 3690.125, 3690.125, 3690.125, 3690.125, 3690.125, 3690.125, 3690.125, 3690.125, 3690.125, 3690.125, 3690.125, 3690.125, 3690.125, 3690.125, 3690.125, 3690.125, 3690.125, 3690.125, 3690.125, 3690.125, 3690.125, 3690.125, 3690.125, 3690.125, 3690.125, 3690.125, 10000.0], "total_memory": 131670.0}}