{"model": {"model_name": "GPT_2-6B", "num_layers": 34, "parameters": {"total_parameters_bytes": 11119165440, "parameters_per_layer_bytes": [524288000, 314705920, 314705920, 314705920, 314705920, 314705920, 314705920, 314705920, 314705920, 314705920, 314705920, 314705920, 314705920, 314705920, 314705920, 314705920, 314705920, 314705920, 314705920, 314705920, 314705920, 314705920, 314705920, 314705920, 314705920, 314705920, 314705920, 314705920, 314705920, 314705920, 314705920, 314705920, 314705920, 524288000]}}, "execution_time": {"batch_generator_time_ms": 0, "optimizer_time_ms": 0, "layer_compute_total_ms": [171.02847900390626, 511.3685791015625, 511.3685791015625, 511.3685791015625, 511.3685791015625, 511.3685791015625, 511.3685791015625, 511.3685791015625, 511.3685791015625, 511.3685791015625, 511.3685791015625, 511.3685791015625, 511.3685791015625, 511.3685791015625, 511.3685791015625, 511.3685791015625, 511.3685791015625, 511.3685791015625, 511.3685791015625, 511.3685791015625, 511.3685791015625, 511.3685791015625, 511.3685791015625, 511.3685791015625, 511.3685791015625, 511.3685791015625, 511.3685791015625, 511.3685791015625, 511.3685791015625, 511.3685791015625, 511.3685791015625, 511.3685791015625, 511.3685791015625, 202.74033203125], "forward_backward_time_ms": 16737.563342285168}, "execution_memory": {"layer_memory_total_mb": [1884.0, 792.5322265625, 792.5322265625, 792.5322265625, 792.5322265625, 792.5322265625, 792.5322265625, 792.5322265625, 792.5322265625, 792.5322265625, 792.5322265625, 792.5322265625, 792.5322265625, 792.5322265625, 792.5322265625, 792.5322265625, 792.5322265625, 792.5322265625, 792.5322265625, 792.5322265625, 792.5322265625, 792.5322265625, 792.5322265625, 792.5322265625, 792.5322265625, 792.5322265625, 792.5322265625, 792.5322265625, 792.5322265625, 792.5322265625, 792.5322265625, 792.5322265625, 792.5322265625, 2250.0], "total_memory": 29495.03125}}