{"model": {"model_name": "GPT_2-6B", "num_layers": 34, "parameters": {"total_parameters_bytes": 11119165440, "parameters_per_layer_bytes": [524288000, 314705920, 314705920, 314705920, 314705920, 314705920, 314705920, 314705920, 314705920, 314705920, 314705920, 314705920, 314705920, 314705920, 314705920, 314705920, 314705920, 314705920, 314705920, 314705920, 314705920, 314705920, 314705920, 314705920, 314705920, 314705920, 314705920, 314705920, 314705920, 314705920, 314705920, 314705920, 314705920, 524288000]}}, "execution_time": {"batch_generator_time_ms": 0, "optimizer_time_ms": 0, "layer_compute_total_ms": [93.65301818847657, 318.22376708984376, 318.22376708984376, 318.22376708984376, 318.22376708984376, 318.22376708984376, 318.22376708984376, 318.22376708984376, 318.22376708984376, 318.22376708984376, 318.22376708984376, 318.22376708984376, 318.22376708984376, 318.22376708984376, 318.22376708984376, 318.22376708984376, 318.22376708984376, 318.22376708984376, 318.22376708984376, 318.22376708984376, 318.22376708984376, 318.22376708984376, 318.22376708984376, 318.22376708984376, 318.22376708984376, 318.22376708984376, 318.22376708984376, 318.22376708984376, 318.22376708984376, 318.22376708984376, 318.22376708984376, 318.22376708984376, 318.22376708984376, 175.94468994140624], "forward_backward_time_ms": 10452.758255004881}, "execution_memory": {"layer_memory_total_mb": [2954.0, 2682.2509765625, 2682.2509765625, 2682.2509765625, 2682.2509765625, 2682.2509765625, 2682.2509765625, 2682.2509765625, 2682.2509765625, 2682.2509765625, 2682.2509765625, 2682.2509765625, 2682.2509765625, 2682.2509765625, 2682.2509765625, 2682.2509765625, 2682.2509765625, 2682.2509765625, 2682.2509765625, 2682.2509765625, 2682.2509765625, 2682.2509765625, 2682.2509765625, 2682.2509765625, 2682.2509765625, 2682.2509765625, 2682.2509765625, 2682.2509765625, 2682.2509765625, 2682.2509765625, 2682.2509765625, 2682.2509765625, 2682.2509765625, 9240.0], "total_memory": 98026.03125}}