{"model": {"model_name": "GPT_2-6B", "num_layers": 34, "parameters": {"total_parameters_bytes": 11119165440, "parameters_per_layer_bytes": [524288000, 314705920, 314705920, 314705920, 314705920, 314705920, 314705920, 314705920, 314705920, 314705920, 314705920, 314705920, 314705920, 314705920, 314705920, 314705920, 314705920, 314705920, 314705920, 314705920, 314705920, 314705920, 314705920, 314705920, 314705920, 314705920, 314705920, 314705920, 314705920, 314705920, 314705920, 314705920, 314705920, 524288000]}}, "execution_time": {"batch_generator_time_ms": 0, "optimizer_time_ms": 0, "layer_compute_total_ms": [453.716796875, 1459.66220703125, 1459.66220703125, 1459.66220703125, 1459.66220703125, 1459.66220703125, 1459.66220703125, 1459.66220703125, 1459.66220703125, 1459.66220703125, 1459.66220703125, 1459.66220703125, 1459.66220703125, 1459.66220703125, 1459.66220703125, 1459.66220703125, 1459.66220703125, 1459.66220703125, 1459.66220703125, 1459.66220703125, 1459.66220703125, 1459.66220703125, 1459.66220703125, 1459.66220703125, 1459.66220703125, 1459.66220703125, 1459.66220703125, 1459.66220703125, 1459.66220703125, 1459.66220703125, 1459.66220703125, 1459.66220703125, 1459.66220703125, 459.45263671875], "forward_backward_time_ms": 47622.360058593775}, "execution_memory": {"layer_memory_total_mb": [1884.0, 952.5322265625, 952.5322265625, 952.5322265625, 952.5322265625, 952.5322265625, 952.5322265625, 952.5322265625, 952.5322265625, 952.5322265625, 952.5322265625, 952.5322265625, 952.5322265625, 952.5322265625, 952.5322265625, 952.5322265625, 952.5322265625, 952.5322265625, 952.5322265625, 952.5322265625, 952.5322265625, 952.5322265625, 952.5322265625, 952.5322265625, 952.5322265625, 952.5322265625, 952.5322265625, 952.5322265625, 952.5322265625, 952.5322265625, 952.5322265625, 952.5322265625, 952.5322265625, 2410.0], "total_memory": 34775.03125}}