{"model": {"model_name": "GPT_2-6B", "num_layers": 34, "parameters": {"total_parameters_bytes": 11119165440, "parameters_per_layer_bytes": [524288000, 314705920, 314705920, 314705920, 314705920, 314705920, 314705920, 314705920, 314705920, 314705920, 314705920, 314705920, 314705920, 314705920, 314705920, 314705920, 314705920, 314705920, 314705920, 314705920, 314705920, 314705920, 314705920, 314705920, 314705920, 314705920, 314705920, 314705920, 314705920, 314705920, 314705920, 314705920, 314705920, 524288000]}}, "execution_time": {"batch_generator_time_ms": 0, "optimizer_time_ms": 0, "layer_compute_total_ms": [4.298752021789551, 79.78291015625, 79.78291015625, 79.78291015625, 79.78291015625, 79.78291015625, 79.78291015625, 79.78291015625, 79.78291015625, 79.78291015625, 79.78291015625, 79.78291015625, 79.78291015625, 79.78291015625, 79.78291015625, 79.78291015625, 79.78291015625, 79.78291015625, 79.78291015625, 79.78291015625, 79.78291015625, 79.78291015625, 79.78291015625, 79.78291015625, 79.78291015625, 79.78291015625, 79.78291015625, 79.78291015625, 79.78291015625, 79.78291015625, 79.78291015625, 79.78291015625, 79.78291015625, 116.763232421875], "forward_backward_time_ms": 2674.115109443665}, "execution_memory": {"layer_memory_total_mb": [3586.0, 3670.125, 3670.125, 3670.125, 3670.125, 3670.125, 3670.125, 3670.125, 3670.125, 3670.125, 3670.125, 3670.125, 3670.125, 3670.125, 3670.125, 3670.125, 3670.125, 3670.125, 3670.125, 3670.125, 3670.125, 3670.125, 3670.125, 3670.125, 3670.125, 3670.125, 3670.125, 3670.125, 3670.125, 3670.125, 3670.125, 3670.125, 3670.125, 10000.0], "total_memory": 131030.0}}