{"model": {"model_name": "GPT_6-7B", "num_layers": 34, "parameters": {"total_parameters_bytes": 27454341120, "parameters_per_layer_bytes": [838860800, 805519360, 805519360, 805519360, 805519360, 805519360, 805519360, 805519360, 805519360, 805519360, 805519360, 805519360, 805519360, 805519360, 805519360, 805519360, 805519360, 805519360, 805519360, 805519360, 805519360, 805519360, 805519360, 805519360, 805519360, 805519360, 805519360, 805519360, 805519360, 805519360, 805519360, 805519360, 805519360, 838860800]}}, "execution_time": {"batch_generator_time_ms": 0, "optimizer_time_ms": 0, "layer_compute_total_ms": [318.9049438476562, 1040.1185546875, 1040.1185546875, 1040.1185546875, 1040.1185546875, 1040.1185546875, 1040.1185546875, 1040.1185546875, 1040.1185546875, 1040.1185546875, 1040.1185546875, 1040.1185546875, 1040.1185546875, 1040.1185546875, 1040.1185546875, 1040.1185546875, 1040.1185546875, 1040.1185546875, 1040.1185546875, 1040.1185546875, 1040.1185546875, 1040.1185546875, 1040.1185546875, 1040.1185546875, 1040.1185546875, 1040.1185546875, 1040.1185546875, 1040.1185546875, 1040.1185546875, 1040.1185546875, 1040.1185546875, 1040.1185546875, 1040.1185546875, 337.647607421875], "forward_backward_time_ms": 33940.346301269514}, "execution_memory": {"layer_memory_total_mb": [2234.0, 2012.03125, 2012.03125, 2012.03125, 2012.03125, 2012.03125, 2012.03125, 2012.03125, 2012.03125, 2012.03125, 2012.03125, 2012.03125, 2012.03125, 2012.03125, 2012.03125, 2012.03125, 2012.03125, 2012.03125, 2012.03125, 2012.03125, 2012.03125, 2012.03125, 2012.03125, 2012.03125, 2012.03125, 2012.03125, 2012.03125, 2012.03125, 2012.03125, 2012.03125, 2012.03125, 2012.03125, 2012.03125, 2960.0], "total_memory": 69579.0}}