{"model": {"model_name": "GPT_6-7B", "num_layers": 34, "parameters": {"total_parameters_bytes": 27454341120, "parameters_per_layer_bytes": [838860800, 805519360, 805519360, 805519360, 805519360, 805519360, 805519360, 805519360, 805519360, 805519360, 805519360, 805519360, 805519360, 805519360, 805519360, 805519360, 805519360, 805519360, 805519360, 805519360, 805519360, 805519360, 805519360, 805519360, 805519360, 805519360, 805519360, 805519360, 805519360, 805519360, 805519360, 805519360, 805519360, 838860800]}}, "execution_time": {"batch_generator_time_ms": 0, "optimizer_time_ms": 0, "layer_compute_total_ms": [114.81639709472657, 412.47027587890625, 412.47027587890625, 412.47027587890625, 412.47027587890625, 412.47027587890625, 412.47027587890625, 412.47027587890625, 412.47027587890625, 412.47027587890625, 412.47027587890625, 412.47027587890625, 412.47027587890625, 412.47027587890625, 412.47027587890625, 412.47027587890625, 412.47027587890625, 412.47027587890625, 412.47027587890625, 412.47027587890625, 412.47027587890625, 412.47027587890625, 412.47027587890625, 412.47027587890625, 412.47027587890625, 412.47027587890625, 412.47027587890625, 412.47027587890625, 412.47027587890625, 412.47027587890625, 412.47027587890625, 412.47027587890625, 412.47027587890625, 191.73232421875], "forward_backward_time_ms": 13505.597549438477}, "execution_memory": {"layer_memory_total_mb": [2742.0, 2276.5634765625, 2276.5634765625, 2276.5634765625, 2276.5634765625, 2276.5634765625, 2276.5634765625, 2276.5634765625, 2276.5634765625, 2276.5634765625, 2276.5634765625, 2276.5634765625, 2276.5634765625, 2276.5634765625, 2276.5634765625, 2276.5634765625, 2276.5634765625, 2276.5634765625, 2276.5634765625, 2276.5634765625, 2276.5634765625, 2276.5634765625, 2276.5634765625, 2276.5634765625, 2276.5634765625, 2276.5634765625, 2276.5634765625, 2276.5634765625, 2276.5634765625, 2276.5634765625, 2276.5634765625, 2276.5634765625, 2276.5634765625, 3600.0], "total_memory": 79192.03125}}