{"model": {"model_name": "GPT_6-7B", "num_layers": 34, "parameters": {"total_parameters_bytes": 27454341120, "parameters_per_layer_bytes": [838860800, 805519360, 805519360, 805519360, 805519360, 805519360, 805519360, 805519360, 805519360, 805519360, 805519360, 805519360, 805519360, 805519360, 805519360, 805519360, 805519360, 805519360, 805519360, 805519360, 805519360, 805519360, 805519360, 805519360, 805519360, 805519360, 805519360, 805519360, 805519360, 805519360, 805519360, 805519360, 805519360, 838860800]}}, "execution_time": {"batch_generator_time_ms": 0, "optimizer_time_ms": 0, "layer_compute_total_ms": [45.32387847900391, 135.6017639160156, 135.6017639160156, 135.6017639160156, 135.6017639160156, 135.6017639160156, 135.6017639160156, 135.6017639160156, 135.6017639160156, 135.6017639160156, 135.6017639160156, 135.6017639160156, 135.6017639160156, 135.6017639160156, 135.6017639160156, 135.6017639160156, 135.6017639160156, 135.6017639160156, 135.6017639160156, 135.6017639160156, 135.6017639160156, 135.6017639160156, 135.6017639160156, 135.6017639160156, 135.6017639160156, 135.6017639160156, 135.6017639160156, 135.6017639160156, 135.6017639160156, 135.6017639160156, 135.6017639160156, 135.6017639160156, 135.6017639160156, 73.556787109375], "forward_backward_time_ms": 4458.137110900877}, "execution_memory": {"layer_memory_total_mb": [1662.0, 1290.015625, 1290.015625, 1290.015625, 1290.015625, 1290.015625, 1290.015625, 1290.015625, 1290.015625, 1290.015625, 1290.015625, 1290.015625, 1290.015625, 1290.015625, 1290.015625, 1290.015625, 1290.015625, 1290.015625, 1290.015625, 1290.015625, 1290.015625, 1290.015625, 1290.015625, 1290.015625, 1290.015625, 1290.015625, 1290.015625, 1290.015625, 1290.015625, 1290.015625, 1290.015625, 1290.015625, 1290.015625, 1600.0], "total_memory": 44542.5}}