{"model": {"model_name": "GPT_6-7B", "num_layers": 34, "parameters": {"total_parameters_bytes": 27454341120, "parameters_per_layer_bytes": [838860800, 805519360, 805519360, 805519360, 805519360, 805519360, 805519360, 805519360, 805519360, 805519360, 805519360, 805519360, 805519360, 805519360, 805519360, 805519360, 805519360, 805519360, 805519360, 805519360, 805519360, 805519360, 805519360, 805519360, 805519360, 805519360, 805519360, 805519360, 805519360, 805519360, 805519360, 805519360, 805519360, 838860800]}}, "execution_time": {"batch_generator_time_ms": 0, "optimizer_time_ms": 0, "layer_compute_total_ms": [231.61426391601563, 848.7974609375, 848.7974609375, 848.7974609375, 848.7974609375, 848.7974609375, 848.7974609375, 848.7974609375, 848.7974609375, 848.7974609375, 848.7974609375, 848.7974609375, 848.7974609375, 848.7974609375, 848.7974609375, 848.7974609375, 848.7974609375, 848.7974609375, 848.7974609375, 848.7974609375, 848.7974609375, 848.7974609375, 848.7974609375, 848.7974609375, 848.7974609375, 848.7974609375, 848.7974609375, 848.7974609375, 848.7974609375, 848.7974609375, 848.7974609375, 848.7974609375, 848.7974609375, 392.096142578125], "forward_backward_time_ms": 27785.22915649415}, "execution_memory": {"layer_memory_total_mb": [3362.0, 3639.1259765625, 3639.1259765625, 3639.1259765625, 3639.1259765625, 3639.1259765625, 3639.1259765625, 3639.1259765625, 3639.1259765625, 3639.1259765625, 3639.1259765625, 3639.1259765625, 3639.1259765625, 3639.1259765625, 3639.1259765625, 3639.1259765625, 3639.1259765625, 3639.1259765625, 3639.1259765625, 3639.1259765625, 3639.1259765625, 3639.1259765625, 3639.1259765625, 3639.1259765625, 3639.1259765625, 3639.1259765625, 3639.1259765625, 3639.1259765625, 3639.1259765625, 3639.1259765625, 3639.1259765625, 3639.1259765625, 3639.1259765625, 5600.0], "total_memory": 125414.03125}}