{"model": {"model_name": "GPT_6-7B", "num_layers": 34, "parameters": {"total_parameters_bytes": 27454341120, "parameters_per_layer_bytes": [838860800, 805519360, 805519360, 805519360, 805519360, 805519360, 805519360, 805519360, 805519360, 805519360, 805519360, 805519360, 805519360, 805519360, 805519360, 805519360, 805519360, 805519360, 805519360, 805519360, 805519360, 805519360, 805519360, 805519360, 805519360, 805519360, 805519360, 805519360, 805519360, 805519360, 805519360, 805519360, 805519360, 838860800]}}, "execution_time": {"batch_generator_time_ms": 0, "optimizer_time_ms": 0, "layer_compute_total_ms": [7.463321495056152, 200.3230712890625, 200.3230712890625, 200.3230712890625, 200.3230712890625, 200.3230712890625, 200.3230712890625, 200.3230712890625, 200.3230712890625, 200.3230712890625, 200.3230712890625, 200.3230712890625, 200.3230712890625, 200.3230712890625, 200.3230712890625, 200.3230712890625, 200.3230712890625, 200.3230712890625, 200.3230712890625, 200.3230712890625, 200.3230712890625, 200.3230712890625, 200.3230712890625, 200.3230712890625, 200.3230712890625, 200.3230712890625, 200.3230712890625, 200.3230712890625, 200.3230712890625, 200.3230712890625, 200.3230712890625, 200.3230712890625, 200.3230712890625, 197.52652587890626], "forward_backward_time_ms": 6615.328128623965}, "execution_memory": {"layer_memory_total_mb": [4670.0, 5051.1416015625, 5051.1416015625, 5051.1416015625, 5051.1416015625, 5051.1416015625, 5051.1416015625, 5051.1416015625, 5051.1416015625, 5051.1416015625, 5051.1416015625, 5051.1416015625, 5051.1416015625, 5051.1416015625, 5051.1416015625, 5051.1416015625, 5051.1416015625, 5051.1416015625, 5051.1416015625, 5051.1416015625, 5051.1416015625, 5051.1416015625, 5051.1416015625, 5051.1416015625, 5051.1416015625, 5051.1416015625, 5051.1416015625, 5051.1416015625, 5051.1416015625, 5051.1416015625, 5051.1416015625, 5051.1416015625, 5051.1416015625, 7200.0], "total_memory": 173506.53125}}