{"model": {"model_name": "GPT_6-7B", "num_layers": 34, "parameters": {"total_parameters_bytes": 27454341120, "parameters_per_layer_bytes": [838860800, 805519360, 805519360, 805519360, 805519360, 805519360, 805519360, 805519360, 805519360, 805519360, 805519360, 805519360, 805519360, 805519360, 805519360, 805519360, 805519360, 805519360, 805519360, 805519360, 805519360, 805519360, 805519360, 805519360, 805519360, 805519360, 805519360, 805519360, 805519360, 805519360, 805519360, 805519360, 805519360, 838860800]}}, "execution_time": {"batch_generator_time_ms": 0, "optimizer_time_ms": 0, "layer_compute_total_ms": [58.828390502929686, 192.25518188476562, 192.25518188476562, 192.25518188476562, 192.25518188476562, 192.25518188476562, 192.25518188476562, 192.25518188476562, 192.25518188476562, 192.25518188476562, 192.25518188476562, 192.25518188476562, 192.25518188476562, 192.25518188476562, 192.25518188476562, 192.25518188476562, 192.25518188476562, 192.25518188476562, 192.25518188476562, 192.25518188476562, 192.25518188476562, 192.25518188476562, 192.25518188476562, 192.25518188476562, 192.25518188476562, 192.25518188476562, 192.25518188476562, 192.25518188476562, 192.25518188476562, 192.25518188476562, 192.25518188476562, 192.25518188476562, 192.25518188476562, 62.72904663085937], "forward_backward_time_ms": 6273.723257446292}, "execution_memory": {"layer_memory_total_mb": [1246.0, 572.1416015625, 572.1416015625, 572.1416015625, 572.1416015625, 572.1416015625, 572.1416015625, 572.1416015625, 572.1416015625, 572.1416015625, 572.1416015625, 572.1416015625, 572.1416015625, 572.1416015625, 572.1416015625, 572.1416015625, 572.1416015625, 572.1416015625, 572.1416015625, 572.1416015625, 572.1416015625, 572.1416015625, 572.1416015625, 572.1416015625, 572.1416015625, 572.1416015625, 572.1416015625, 572.1416015625, 572.1416015625, 572.1416015625, 572.1416015625, 572.1416015625, 572.1416015625, 730.234375], "total_memory": 20284.765625}}