{"model": {"model_name": "GPT_6-7B", "num_layers": 34, "parameters": {"total_parameters_bytes": 27454341120, "parameters_per_layer_bytes": [838860800, 805519360, 805519360, 805519360, 805519360, 805519360, 805519360, 805519360, 805519360, 805519360, 805519360, 805519360, 805519360, 805519360, 805519360, 805519360, 805519360, 805519360, 805519360, 805519360, 805519360, 805519360, 805519360, 805519360, 805519360, 805519360, 805519360, 805519360, 805519360, 805519360, 805519360, 805519360, 805519360, 838860800]}}, "execution_time": {"batch_generator_time_ms": 0, "optimizer_time_ms": 0, "layer_compute_total_ms": [116.8691192626953, 386.0238403320312, 386.0238403320312, 386.0238403320312, 386.0238403320312, 386.0238403320312, 386.0238403320312, 386.0238403320312, 386.0238403320312, 386.0238403320312, 386.0238403320312, 386.0238403320312, 386.0238403320312, 386.0238403320312, 386.0238403320312, 386.0238403320312, 386.0238403320312, 386.0238403320312, 386.0238403320312, 386.0238403320312, 386.0238403320312, 386.0238403320312, 386.0238403320312, 386.0238403320312, 386.0238403320312, 386.0238403320312, 386.0238403320312, 386.0238403320312, 386.0238403320312, 386.0238403320312, 386.0238403320312, 386.0238403320312, 386.0238403320312, 125.0914306640625], "forward_backward_time_ms": 12594.72344055175}, "execution_memory": {"layer_memory_total_mb": [1706.0, 800.2822265625, 800.2822265625, 800.2822265625, 800.2822265625, 800.2822265625, 800.2822265625, 800.2822265625, 800.2822265625, 800.2822265625, 800.2822265625, 800.2822265625, 800.2822265625, 800.2822265625, 800.2822265625, 800.2822265625, 800.2822265625, 800.2822265625, 800.2822265625, 800.2822265625, 800.2822265625, 800.2822265625, 800.2822265625, 800.2822265625, 800.2822265625, 800.2822265625, 800.2822265625, 800.2822265625, 800.2822265625, 800.2822265625, 800.2822265625, 800.2822265625, 800.2822265625, 1200.0], "total_memory": 28515.03125}}