{"model": {"model_name": "GPT_6-7B", "num_layers": 34, "parameters": {"total_parameters_bytes": 27454341120, "parameters_per_layer_bytes": [838860800, 805519360, 805519360, 805519360, 805519360, 805519360, 805519360, 805519360, 805519360, 805519360, 805519360, 805519360, 805519360, 805519360, 805519360, 805519360, 805519360, 805519360, 805519360, 805519360, 805519360, 805519360, 805519360, 805519360, 805519360, 805519360, 805519360, 805519360, 805519360, 805519360, 805519360, 805519360, 805519360, 838860800]}}, "execution_time": {"batch_generator_time_ms": 0, "optimizer_time_ms": 0, "layer_compute_total_ms": [7.639616012573242, 134.98736572265625, 134.98736572265625, 134.98736572265625, 134.98736572265625, 134.98736572265625, 134.98736572265625, 134.98736572265625, 134.98736572265625, 134.98736572265625, 134.98736572265625, 134.98736572265625, 134.98736572265625, 134.98736572265625, 134.98736572265625, 134.98736572265625, 134.98736572265625, 134.98736572265625, 134.98736572265625, 134.98736572265625, 134.98736572265625, 134.98736572265625, 134.98736572265625, 134.98736572265625, 134.98736572265625, 134.98736572265625, 134.98736572265625, 134.98736572265625, 134.98736572265625, 134.98736572265625, 134.98736572265625, 134.98736572265625, 134.98736572265625, 144.3921875], "forward_backward_time_ms": 4471.627506637573}, "execution_memory": {"layer_memory_total_mb": [5162.0, 7222.125, 7222.125, 7222.125, 7222.125, 7222.125, 7222.125, 7222.125, 7222.125, 7222.125, 7222.125, 7222.125, 7222.125, 7222.125, 7222.125, 7222.125, 7222.125, 7222.125, 7222.125, 7222.125, 7222.125, 7222.125, 7222.125, 7222.125, 7222.125, 7222.125, 7222.125, 7222.125, 7222.125, 7222.125, 7222.125, 7222.125, 7222.125, 11200.0], "total_memory": 247470.0}}