{"model": {"model_name": "GPT_6-7B", "num_layers": 34, "parameters": {"total_parameters_bytes": 27454341120, "parameters_per_layer_bytes": [838860800, 805519360, 805519360, 805519360, 805519360, 805519360, 805519360, 805519360, 805519360, 805519360, 805519360, 805519360, 805519360, 805519360, 805519360, 805519360, 805519360, 805519360, 805519360, 805519360, 805519360, 805519360, 805519360, 805519360, 805519360, 805519360, 805519360, 805519360, 805519360, 805519360, 805519360, 805519360, 805519360, 838860800]}}, "execution_time": {"batch_generator_time_ms": 0, "optimizer_time_ms": 0, "layer_compute_total_ms": [4.870144081115723, 71.30213623046875, 71.30213623046875, 71.30213623046875, 71.30213623046875, 71.30213623046875, 71.30213623046875, 71.30213623046875, 71.30213623046875, 71.30213623046875, 71.30213623046875, 71.30213623046875, 71.30213623046875, 71.30213623046875, 71.30213623046875, 71.30213623046875, 71.30213623046875, 71.30213623046875, 71.30213623046875, 71.30213623046875, 71.30213623046875, 71.30213623046875, 71.30213623046875, 71.30213623046875, 71.30213623046875, 71.30213623046875, 71.30213623046875, 71.30213623046875, 71.30213623046875, 71.30213623046875, 71.30213623046875, 71.30213623046875, 71.30213623046875, 72.10209350585937], "forward_backward_time_ms": 2358.640596961975}, "execution_memory": {"layer_memory_total_mb": [4670.0, 5137.0634765625, 5137.0634765625, 5137.0634765625, 5137.0634765625, 5137.0634765625, 5137.0634765625, 5137.0634765625, 5137.0634765625, 5137.0634765625, 5137.0634765625, 5137.0634765625, 5137.0634765625, 5137.0634765625, 5137.0634765625, 5137.0634765625, 5137.0634765625, 5137.0634765625, 5137.0634765625, 5137.0634765625, 5137.0634765625, 5137.0634765625, 5137.0634765625, 5137.0634765625, 5137.0634765625, 5137.0634765625, 5137.0634765625, 5137.0634765625, 5137.0634765625, 5137.0634765625, 5137.0634765625, 5137.0634765625, 5137.0634765625, 6400.0], "total_memory": 175456.03125}}