{"model": {"model_name": "GPT_6-7B", "num_layers": 34, "parameters": {"total_parameters_bytes": 27454341120, "parameters_per_layer_bytes": [838860800, 805519360, 805519360, 805519360, 805519360, 805519360, 805519360, 805519360, 805519360, 805519360, 805519360, 805519360, 805519360, 805519360, 805519360, 805519360, 805519360, 805519360, 805519360, 805519360, 805519360, 805519360, 805519360, 805519360, 805519360, 805519360, 805519360, 805519360, 805519360, 805519360, 805519360, 805519360, 805519360, 838860800]}}, "execution_time": {"batch_generator_time_ms": 0, "optimizer_time_ms": 0, "layer_compute_total_ms": [156.87311401367188, 516.7949951171875, 516.7949951171875, 516.7949951171875, 516.7949951171875, 516.7949951171875, 516.7949951171875, 516.7949951171875, 516.7949951171875, 516.7949951171875, 516.7949951171875, 516.7949951171875, 516.7949951171875, 516.7949951171875, 516.7949951171875, 516.7949951171875, 516.7949951171875, 516.7949951171875, 516.7949951171875, 516.7949951171875, 516.7949951171875, 516.7949951171875, 516.7949951171875, 516.7949951171875, 516.7949951171875, 516.7949951171875, 516.7949951171875, 516.7949951171875, 516.7949951171875, 516.7949951171875, 516.7949951171875, 516.7949951171875, 516.7949951171875, 161.30968017578124], "forward_backward_time_ms": 16855.622637939443}, "execution_memory": {"layer_memory_total_mb": [1246.0, 714.0078125, 714.0078125, 714.0078125, 714.0078125, 714.0078125, 714.0078125, 714.0078125, 714.0078125, 714.0078125, 714.0078125, 714.0078125, 714.0078125, 714.0078125, 714.0078125, 714.0078125, 714.0078125, 714.0078125, 714.0078125, 714.0078125, 714.0078125, 714.0078125, 714.0078125, 714.0078125, 714.0078125, 714.0078125, 714.0078125, 714.0078125, 714.0078125, 714.0078125, 714.0078125, 714.0078125, 714.0078125, 900.0], "total_memory": 24994.25}}