{"model": {"model_name": "GPT_6-7B", "num_layers": 34, "parameters": {"total_parameters_bytes": 27454341120, "parameters_per_layer_bytes": [838860800, 805519360, 805519360, 805519360, 805519360, 805519360, 805519360, 805519360, 805519360, 805519360, 805519360, 805519360, 805519360, 805519360, 805519360, 805519360, 805519360, 805519360, 805519360, 805519360, 805519360, 805519360, 805519360, 805519360, 805519360, 805519360, 805519360, 805519360, 805519360, 805519360, 805519360, 805519360, 805519360, 838860800]}}, "execution_time": {"batch_generator_time_ms": 0, "optimizer_time_ms": 0, "layer_compute_total_ms": [49.19214782714844, 188.5640441894531, 188.5640441894531, 188.5640441894531, 188.5640441894531, 188.5640441894531, 188.5640441894531, 188.5640441894531, 188.5640441894531, 188.5640441894531, 188.5640441894531, 188.5640441894531, 188.5640441894531, 188.5640441894531, 188.5640441894531, 188.5640441894531, 188.5640441894531, 188.5640441894531, 188.5640441894531, 188.5640441894531, 188.5640441894531, 188.5640441894531, 188.5640441894531, 188.5640441894531, 188.5640441894531, 188.5640441894531, 188.5640441894531, 188.5640441894531, 188.5640441894531, 188.5640441894531, 188.5640441894531, 188.5640441894531, 188.5640441894531, 135.76314697265624], "forward_backward_time_ms": 6219.004708862301}, "execution_memory": {"layer_memory_total_mb": [2742.0, 2560.5322265625, 2560.5322265625, 2560.5322265625, 2560.5322265625, 2560.5322265625, 2560.5322265625, 2560.5322265625, 2560.5322265625, 2560.5322265625, 2560.5322265625, 2560.5322265625, 2560.5322265625, 2560.5322265625, 2560.5322265625, 2560.5322265625, 2560.5322265625, 2560.5322265625, 2560.5322265625, 2560.5322265625, 2560.5322265625, 2560.5322265625, 2560.5322265625, 2560.5322265625, 2560.5322265625, 2560.5322265625, 2560.5322265625, 2560.5322265625, 2560.5322265625, 2560.5322265625, 2560.5322265625, 2560.5322265625, 2560.5322265625, 3600.0], "total_memory": 88279.03125}}