{"model": {"model_name": "GPT_6-7B", "num_layers": 34, "parameters": {"total_parameters_bytes": 27454341120, "parameters_per_layer_bytes": [838860800, 805519360, 805519360, 805519360, 805519360, 805519360, 805519360, 805519360, 805519360, 805519360, 805519360, 805519360, 805519360, 805519360, 805519360, 805519360, 805519360, 805519360, 805519360, 805519360, 805519360, 805519360, 805519360, 805519360, 805519360, 805519360, 805519360, 805519360, 805519360, 805519360, 805519360, 805519360, 805519360, 838860800]}}, "execution_time": {"batch_generator_time_ms": 0, "optimizer_time_ms": 0, "layer_compute_total_ms": [37.228326416015626, 113.40430908203125, 113.40430908203125, 113.40430908203125, 113.40430908203125, 113.40430908203125, 113.40430908203125, 113.40430908203125, 113.40430908203125, 113.40430908203125, 113.40430908203125, 113.40430908203125, 113.40430908203125, 113.40430908203125, 113.40430908203125, 113.40430908203125, 113.40430908203125, 113.40430908203125, 113.40430908203125, 113.40430908203125, 113.40430908203125, 113.40430908203125, 113.40430908203125, 113.40430908203125, 113.40430908203125, 113.40430908203125, 113.40430908203125, 113.40430908203125, 113.40430908203125, 113.40430908203125, 113.40430908203125, 113.40430908203125, 113.40430908203125, 44.09364624023438], "forward_backward_time_ms": 3710.259863281252}, "execution_memory": {"layer_memory_total_mb": [1662.0, 1182.015625, 1182.015625, 1182.015625, 1182.015625, 1182.015625, 1182.015625, 1182.015625, 1182.015625, 1182.015625, 1182.015625, 1182.015625, 1182.015625, 1182.015625, 1182.015625, 1182.015625, 1182.015625, 1182.015625, 1182.015625, 1182.015625, 1182.015625, 1182.015625, 1182.015625, 1182.015625, 1182.015625, 1182.015625, 1182.015625, 1182.015625, 1182.015625, 1182.015625, 1182.015625, 1182.015625, 1182.015625, 1600.0], "total_memory": 41086.5}}