{"model": {"model_name": "GPT_6-7B", "num_layers": 34, "parameters": {"total_parameters_bytes": 27454341120, "parameters_per_layer_bytes": [838860800, 805519360, 805519360, 805519360, 805519360, 805519360, 805519360, 805519360, 805519360, 805519360, 805519360, 805519360, 805519360, 805519360, 805519360, 805519360, 805519360, 805519360, 805519360, 805519360, 805519360, 805519360, 805519360, 805519360, 805519360, 805519360, 805519360, 805519360, 805519360, 805519360, 805519360, 805519360, 805519360, 838860800]}}, "execution_time": {"batch_generator_time_ms": 0, "optimizer_time_ms": 0, "layer_compute_total_ms": [157.37815551757814, 517.5271484375, 517.5271484375, 517.5271484375, 517.5271484375, 517.5271484375, 517.5271484375, 517.5271484375, 517.5271484375, 517.5271484375, 517.5271484375, 517.5271484375, 517.5271484375, 517.5271484375, 517.5271484375, 517.5271484375, 517.5271484375, 517.5271484375, 517.5271484375, 517.5271484375, 517.5271484375, 517.5271484375, 517.5271484375, 517.5271484375, 517.5271484375, 517.5271484375, 517.5271484375, 517.5271484375, 517.5271484375, 517.5271484375, 517.5271484375, 517.5271484375, 517.5271484375, 173.04002685546874], "forward_backward_time_ms": 16891.286932373056}, "execution_memory": {"layer_memory_total_mb": [1662.0, 1182.015625, 1182.015625, 1182.015625, 1182.015625, 1182.015625, 1182.015625, 1182.015625, 1182.015625, 1182.015625, 1182.015625, 1182.015625, 1182.015625, 1182.015625, 1182.015625, 1182.015625, 1182.015625, 1182.015625, 1182.015625, 1182.015625, 1182.015625, 1182.015625, 1182.015625, 1182.015625, 1182.015625, 1182.015625, 1182.015625, 1182.015625, 1182.015625, 1182.015625, 1182.015625, 1182.015625, 1182.015625, 1800.0], "total_memory": 41286.5}}