{"model": {"model_name": "GPT_6-7B", "num_layers": 34, "parameters": {"total_parameters_bytes": 27454341120, "parameters_per_layer_bytes": [838860800, 805519360, 805519360, 805519360, 805519360, 805519360, 805519360, 805519360, 805519360, 805519360, 805519360, 805519360, 805519360, 805519360, 805519360, 805519360, 805519360, 805519360, 805519360, 805519360, 805519360, 805519360, 805519360, 805519360, 805519360, 805519360, 805519360, 805519360, 805519360, 805519360, 805519360, 805519360, 805519360, 838860800]}}, "execution_time": {"batch_generator_time_ms": 0, "optimizer_time_ms": 0, "layer_compute_total_ms": [88.81377258300782, 278.1579223632813, 278.1579223632813, 278.1579223632813, 278.1579223632813, 278.1579223632813, 278.1579223632813, 278.1579223632813, 278.1579223632813, 278.1579223632813, 278.1579223632813, 278.1579223632813, 278.1579223632813, 278.1579223632813, 278.1579223632813, 278.1579223632813, 278.1579223632813, 278.1579223632813, 278.1579223632813, 278.1579223632813, 278.1579223632813, 278.1579223632813, 278.1579223632813, 278.1579223632813, 278.1579223632813, 278.1579223632813, 278.1579223632813, 278.1579223632813, 278.1579223632813, 278.1579223632813, 278.1579223632813, 278.1579223632813, 278.1579223632813, 145.746728515625], "forward_backward_time_ms": 9135.614016723639}, "execution_memory": {"layer_memory_total_mb": [2234.0, 1810.03125, 1810.03125, 1810.03125, 1810.03125, 1810.03125, 1810.03125, 1810.03125, 1810.03125, 1810.03125, 1810.03125, 1810.03125, 1810.03125, 1810.03125, 1810.03125, 1810.03125, 1810.03125, 1810.03125, 1810.03125, 1810.03125, 1810.03125, 1810.03125, 1810.03125, 1810.03125, 1810.03125, 1810.03125, 1810.03125, 1810.03125, 1810.03125, 1810.03125, 1810.03125, 1810.03125, 1810.03125, 2800.0], "total_memory": 62955.0}}