{"model": {"model_name": "GPT_6-7B", "num_layers": 34, "parameters": {"total_parameters_bytes": 27454341120, "parameters_per_layer_bytes": [838860800, 805519360, 805519360, 805519360, 805519360, 805519360, 805519360, 805519360, 805519360, 805519360, 805519360, 805519360, 805519360, 805519360, 805519360, 805519360, 805519360, 805519360, 805519360, 805519360, 805519360, 805519360, 805519360, 805519360, 805519360, 805519360, 805519360, 805519360, 805519360, 805519360, 805519360, 805519360, 805519360, 838860800]}}, "execution_time": {"batch_generator_time_ms": 0, "optimizer_time_ms": 0, "layer_compute_total_ms": [21.57998046875, 471.1909423828125, 471.1909423828125, 471.1909423828125, 471.1909423828125, 471.1909423828125, 471.1909423828125, 471.1909423828125, 471.1909423828125, 471.1909423828125, 471.1909423828125, 471.1909423828125, 471.1909423828125, 471.1909423828125, 471.1909423828125, 471.1909423828125, 471.1909423828125, 471.1909423828125, 471.1909423828125, 471.1909423828125, 471.1909423828125, 471.1909423828125, 471.1909423828125, 471.1909423828125, 471.1909423828125, 471.1909423828125, 471.1909423828125, 471.1909423828125, 471.1909423828125, 471.1909423828125, 471.1909423828125, 471.1909423828125, 471.1909423828125, 489.7390625], "forward_backward_time_ms": 15589.42919921876}, "execution_memory": {"layer_memory_total_mb": [5162.0, 7222.125, 7222.125, 7222.125, 7222.125, 7222.125, 7222.125, 7222.125, 7222.125, 7222.125, 7222.125, 7222.125, 7222.125, 7222.125, 7222.125, 7222.125, 7222.125, 7222.125, 7222.125, 7222.125, 7222.125, 7222.125, 7222.125, 7222.125, 7222.125, 7222.125, 7222.125, 7222.125, 7222.125, 7222.125, 7222.125, 7222.125, 7222.125, 11200.0], "total_memory": 247470.0}}