{"model": {"model_name": "GPT_6-7B", "num_layers": 34, "parameters": {"total_parameters_bytes": 27454341120, "parameters_per_layer_bytes": [838860800, 805519360, 805519360, 805519360, 805519360, 805519360, 805519360, 805519360, 805519360, 805519360, 805519360, 805519360, 805519360, 805519360, 805519360, 805519360, 805519360, 805519360, 805519360, 805519360, 805519360, 805519360, 805519360, 805519360, 805519360, 805519360, 805519360, 805519360, 805519360, 805519360, 805519360, 805519360, 805519360, 838860800]}}, "execution_time": {"batch_generator_time_ms": 0, "optimizer_time_ms": 0, "layer_compute_total_ms": [65.50384521484375, 203.39773559570312, 203.39773559570312, 203.39773559570312, 203.39773559570312, 203.39773559570312, 203.39773559570312, 203.39773559570312, 203.39773559570312, 203.39773559570312, 203.39773559570312, 203.39773559570312, 203.39773559570312, 203.39773559570312, 203.39773559570312, 203.39773559570312, 203.39773559570312, 203.39773559570312, 203.39773559570312, 203.39773559570312, 203.39773559570312, 203.39773559570312, 203.39773559570312, 203.39773559570312, 203.39773559570312, 203.39773559570312, 203.39773559570312, 203.39773559570312, 203.39773559570312, 203.39773559570312, 203.39773559570312, 203.39773559570312, 203.39773559570312, 75.06534423828126], "forward_backward_time_ms": 6649.296728515625}, "execution_memory": {"layer_memory_total_mb": [1246.0, 572.1416015625, 572.1416015625, 572.1416015625, 572.1416015625, 572.1416015625, 572.1416015625, 572.1416015625, 572.1416015625, 572.1416015625, 572.1416015625, 572.1416015625, 572.1416015625, 572.1416015625, 572.1416015625, 572.1416015625, 572.1416015625, 572.1416015625, 572.1416015625, 572.1416015625, 572.1416015625, 572.1416015625, 572.1416015625, 572.1416015625, 572.1416015625, 572.1416015625, 572.1416015625, 572.1416015625, 572.1416015625, 572.1416015625, 572.1416015625, 572.1416015625, 572.1416015625, 730.234375], "total_memory": 20284.765625}}