{"model": {"model_name": "GPT_6-7B", "num_layers": 34, "parameters": {"total_parameters_bytes": 27454341120, "parameters_per_layer_bytes": [838860800, 805519360, 805519360, 805519360, 805519360, 805519360, 805519360, 805519360, 805519360, 805519360, 805519360, 805519360, 805519360, 805519360, 805519360, 805519360, 805519360, 805519360, 805519360, 805519360, 805519360, 805519360, 805519360, 805519360, 805519360, 805519360, 805519360, 805519360, 805519360, 805519360, 805519360, 805519360, 805519360, 838860800]}}, "execution_time": {"batch_generator_time_ms": 0, "optimizer_time_ms": 0, "layer_compute_total_ms": [74.72476196289062, 230.43665771484376, 230.43665771484376, 230.43665771484376, 230.43665771484376, 230.43665771484376, 230.43665771484376, 230.43665771484376, 230.43665771484376, 230.43665771484376, 230.43665771484376, 230.43665771484376, 230.43665771484376, 230.43665771484376, 230.43665771484376, 230.43665771484376, 230.43665771484376, 230.43665771484376, 230.43665771484376, 230.43665771484376, 230.43665771484376, 230.43665771484376, 230.43665771484376, 230.43665771484376, 230.43665771484376, 230.43665771484376, 230.43665771484376, 230.43665771484376, 230.43665771484376, 230.43665771484376, 230.43665771484376, 230.43665771484376, 230.43665771484376, 86.70187377929688], "forward_backward_time_ms": 7535.3996826171915}, "execution_memory": {"layer_memory_total_mb": [2234.0, 1756.03125, 1756.03125, 1756.03125, 1756.03125, 1756.03125, 1756.03125, 1756.03125, 1756.03125, 1756.03125, 1756.03125, 1756.03125, 1756.03125, 1756.03125, 1756.03125, 1756.03125, 1756.03125, 1756.03125, 1756.03125, 1756.03125, 1756.03125, 1756.03125, 1756.03125, 1756.03125, 1756.03125, 1756.03125, 1756.03125, 1756.03125, 1756.03125, 1756.03125, 1756.03125, 1756.03125, 1756.03125, 2800.0], "total_memory": 61227.0}}