{"model": {"model_name": "GPT_6-7B", "num_layers": 34, "parameters": {"total_parameters_bytes": 27454341120, "parameters_per_layer_bytes": [838860800, 805519360, 805519360, 805519360, 805519360, 805519360, 805519360, 805519360, 805519360, 805519360, 805519360, 805519360, 805519360, 805519360, 805519360, 805519360, 805519360, 805519360, 805519360, 805519360, 805519360, 805519360, 805519360, 805519360, 805519360, 805519360, 805519360, 805519360, 805519360, 805519360, 805519360, 805519360, 805519360, 838860800]}}, "execution_time": {"batch_generator_time_ms": 0, "optimizer_time_ms": 0, "layer_compute_total_ms": [37.08907470703125, 120.33577270507813, 120.33577270507813, 120.33577270507813, 120.33577270507813, 120.33577270507813, 120.33577270507813, 120.33577270507813, 120.33577270507813, 120.33577270507813, 120.33577270507813, 120.33577270507813, 120.33577270507813, 120.33577270507813, 120.33577270507813, 120.33577270507813, 120.33577270507813, 120.33577270507813, 120.33577270507813, 120.33577270507813, 120.33577270507813, 120.33577270507813, 120.33577270507813, 120.33577270507813, 120.33577270507813, 120.33577270507813, 120.33577270507813, 120.33577270507813, 120.33577270507813, 120.33577270507813, 120.33577270507813, 120.33577270507813, 120.33577270507813, 62.56209106445313], "forward_backward_time_ms": 3950.395892333982}, "execution_memory": {"layer_memory_total_mb": [2742.0, 2560.5322265625, 2560.5322265625, 2560.5322265625, 2560.5322265625, 2560.5322265625, 2560.5322265625, 2560.5322265625, 2560.5322265625, 2560.5322265625, 2560.5322265625, 2560.5322265625, 2560.5322265625, 2560.5322265625, 2560.5322265625, 2560.5322265625, 2560.5322265625, 2560.5322265625, 2560.5322265625, 2560.5322265625, 2560.5322265625, 2560.5322265625, 2560.5322265625, 2560.5322265625, 2560.5322265625, 2560.5322265625, 2560.5322265625, 2560.5322265625, 2560.5322265625, 2560.5322265625, 2560.5322265625, 2560.5322265625, 2560.5322265625, 3600.0], "total_memory": 88279.03125}}