{"model": {"model_name": "GPT_6-7B", "num_layers": 34, "parameters": {"total_parameters_bytes": 27454341120, "parameters_per_layer_bytes": [838860800, 805519360, 805519360, 805519360, 805519360, 805519360, 805519360, 805519360, 805519360, 805519360, 805519360, 805519360, 805519360, 805519360, 805519360, 805519360, 805519360, 805519360, 805519360, 805519360, 805519360, 805519360, 805519360, 805519360, 805519360, 805519360, 805519360, 805519360, 805519360, 805519360, 805519360, 805519360, 805519360, 838860800]}}, "execution_time": {"batch_generator_time_ms": 0, "optimizer_time_ms": 0, "layer_compute_total_ms": [74.556005859375, 254.0189697265625, 254.0189697265625, 254.0189697265625, 254.0189697265625, 254.0189697265625, 254.0189697265625, 254.0189697265625, 254.0189697265625, 254.0189697265625, 254.0189697265625, 254.0189697265625, 254.0189697265625, 254.0189697265625, 254.0189697265625, 254.0189697265625, 254.0189697265625, 254.0189697265625, 254.0189697265625, 254.0189697265625, 254.0189697265625, 254.0189697265625, 254.0189697265625, 254.0189697265625, 254.0189697265625, 254.0189697265625, 254.0189697265625, 254.0189697265625, 254.0189697265625, 254.0189697265625, 254.0189697265625, 254.0189697265625, 254.0189697265625, 122.84149169921875], "forward_backward_time_ms": 8326.00452880859}, "execution_memory": {"layer_memory_total_mb": [3362.0, 3853.0634765625, 3853.0634765625, 3853.0634765625, 3853.0634765625, 3853.0634765625, 3853.0634765625, 3853.0634765625, 3853.0634765625, 3853.0634765625, 3853.0634765625, 3853.0634765625, 3853.0634765625, 3853.0634765625, 3853.0634765625, 3853.0634765625, 3853.0634765625, 3853.0634765625, 3853.0634765625, 3853.0634765625, 3853.0634765625, 3853.0634765625, 3853.0634765625, 3853.0634765625, 3853.0634765625, 3853.0634765625, 3853.0634765625, 3853.0634765625, 3853.0634765625, 3853.0634765625, 3853.0634765625, 3853.0634765625, 3853.0634765625, 5728.0], "total_memory": 132388.03125}}