{"model": {"model_name": "GPT_6-7B", "num_layers": 34, "parameters": {"total_parameters_bytes": 27454341120, "parameters_per_layer_bytes": [838860800, 805519360, 805519360, 805519360, 805519360, 805519360, 805519360, 805519360, 805519360, 805519360, 805519360, 805519360, 805519360, 805519360, 805519360, 805519360, 805519360, 805519360, 805519360, 805519360, 805519360, 805519360, 805519360, 805519360, 805519360, 805519360, 805519360, 805519360, 805519360, 805519360, 805519360, 805519360, 805519360, 838860800]}}, "execution_time": {"batch_generator_time_ms": 0, "optimizer_time_ms": 0, "layer_compute_total_ms": [312.4367431640625, 1027.39951171875, 1027.39951171875, 1027.39951171875, 1027.39951171875, 1027.39951171875, 1027.39951171875, 1027.39951171875, 1027.39951171875, 1027.39951171875, 1027.39951171875, 1027.39951171875, 1027.39951171875, 1027.39951171875, 1027.39951171875, 1027.39951171875, 1027.39951171875, 1027.39951171875, 1027.39951171875, 1027.39951171875, 1027.39951171875, 1027.39951171875, 1027.39951171875, 1027.39951171875, 1027.39951171875, 1027.39951171875, 1027.39951171875, 1027.39951171875, 1027.39951171875, 1027.39951171875, 1027.39951171875, 1027.39951171875, 1027.39951171875, 321.305810546875], "forward_backward_time_ms": 33510.526928710955}, "execution_memory": {"layer_memory_total_mb": [1706.0, 1300.015625, 1300.015625, 1300.015625, 1300.015625, 1300.015625, 1300.015625, 1300.015625, 1300.015625, 1300.015625, 1300.015625, 1300.015625, 1300.015625, 1300.015625, 1300.015625, 1300.015625, 1300.015625, 1300.015625, 1300.015625, 1300.015625, 1300.015625, 1300.015625, 1300.015625, 1300.015625, 1300.015625, 1300.015625, 1300.015625, 1300.015625, 1300.015625, 1300.015625, 1300.015625, 1300.015625, 1300.015625, 1528.0], "total_memory": 44834.5}}