{"model": {"model_name": "GPT_6-7B", "num_layers": 34, "parameters": {"total_parameters_bytes": 27454341120, "parameters_per_layer_bytes": [838860800, 805519360, 805519360, 805519360, 805519360, 805519360, 805519360, 805519360, 805519360, 805519360, 805519360, 805519360, 805519360, 805519360, 805519360, 805519360, 805519360, 805519360, 805519360, 805519360, 805519360, 805519360, 805519360, 805519360, 805519360, 805519360, 805519360, 805519360, 805519360, 805519360, 805519360, 805519360, 805519360, 838860800]}}, "execution_time": {"batch_generator_time_ms": 0, "optimizer_time_ms": 0, "layer_compute_total_ms": [131.441455078125, 407.8727172851562, 407.8727172851562, 407.8727172851562, 407.8727172851562, 407.8727172851562, 407.8727172851562, 407.8727172851562, 407.8727172851562, 407.8727172851562, 407.8727172851562, 407.8727172851562, 407.8727172851562, 407.8727172851562, 407.8727172851562, 407.8727172851562, 407.8727172851562, 407.8727172851562, 407.8727172851562, 407.8727172851562, 407.8727172851562, 407.8727172851562, 407.8727172851562, 407.8727172851562, 407.8727172851562, 407.8727172851562, 407.8727172851562, 407.8727172851562, 407.8727172851562, 407.8727172851562, 407.8727172851562, 407.8727172851562, 407.8727172851562, 149.084765625], "forward_backward_time_ms": 13332.453173828118}, "execution_memory": {"layer_memory_total_mb": [1706.0, 918.2822265625, 918.2822265625, 918.2822265625, 918.2822265625, 918.2822265625, 918.2822265625, 918.2822265625, 918.2822265625, 918.2822265625, 918.2822265625, 918.2822265625, 918.2822265625, 918.2822265625, 918.2822265625, 918.2822265625, 918.2822265625, 918.2822265625, 918.2822265625, 918.2822265625, 918.2822265625, 918.2822265625, 918.2822265625, 918.2822265625, 918.2822265625, 918.2822265625, 918.2822265625, 918.2822265625, 918.2822265625, 918.2822265625, 918.2822265625, 918.2822265625, 918.2822265625, 1200.0], "total_memory": 32291.03125}}