{"model": {"model_name": "GPT_6-7B", "num_layers": 34, "parameters": {"total_parameters_bytes": 27454341120, "parameters_per_layer_bytes": [838860800, 805519360, 805519360, 805519360, 805519360, 805519360, 805519360, 805519360, 805519360, 805519360, 805519360, 805519360, 805519360, 805519360, 805519360, 805519360, 805519360, 805519360, 805519360, 805519360, 805519360, 805519360, 805519360, 805519360, 805519360, 805519360, 805519360, 805519360, 805519360, 805519360, 805519360, 805519360, 805519360, 838860800]}}, "execution_time": {"batch_generator_time_ms": 0, "optimizer_time_ms": 0, "layer_compute_total_ms": [228.79518432617186, 878.943212890625, 878.943212890625, 878.943212890625, 878.943212890625, 878.943212890625, 878.943212890625, 878.943212890625, 878.943212890625, 878.943212890625, 878.943212890625, 878.943212890625, 878.943212890625, 878.943212890625, 878.943212890625, 878.943212890625, 878.943212890625, 878.943212890625, 878.943212890625, 878.943212890625, 878.943212890625, 878.943212890625, 878.943212890625, 878.943212890625, 878.943212890625, 878.943212890625, 878.943212890625, 878.943212890625, 878.943212890625, 878.943212890625, 878.943212890625, 878.943212890625, 878.943212890625, 388.6370849609375], "forward_backward_time_ms": 28743.615081787124}, "execution_memory": {"layer_memory_total_mb": [3674.0, 3265.1259765625, 3265.1259765625, 3265.1259765625, 3265.1259765625, 3265.1259765625, 3265.1259765625, 3265.1259765625, 3265.1259765625, 3265.1259765625, 3265.1259765625, 3265.1259765625, 3265.1259765625, 3265.1259765625, 3265.1259765625, 3265.1259765625, 3265.1259765625, 3265.1259765625, 3265.1259765625, 3265.1259765625, 3265.1259765625, 3265.1259765625, 3265.1259765625, 3265.1259765625, 3265.1259765625, 3265.1259765625, 3265.1259765625, 3265.1259765625, 3265.1259765625, 3265.1259765625, 3265.1259765625, 3265.1259765625, 3265.1259765625, 5600.0], "total_memory": 113758.03125}}