{"model": {"model_name": "GPT_6-7B", "num_layers": 34, "parameters": {"total_parameters_bytes": 27454341120, "parameters_per_layer_bytes": [838860800, 805519360, 805519360, 805519360, 805519360, 805519360, 805519360, 805519360, 805519360, 805519360, 805519360, 805519360, 805519360, 805519360, 805519360, 805519360, 805519360, 805519360, 805519360, 805519360, 805519360, 805519360, 805519360, 805519360, 805519360, 805519360, 805519360, 805519360, 805519360, 805519360, 805519360, 805519360, 805519360, 838860800]}}, "execution_time": {"batch_generator_time_ms": 0, "optimizer_time_ms": 0, "layer_compute_total_ms": [640.4210693359375, 2148.1908203125, 2148.1908203125, 2148.1908203125, 2148.1908203125, 2148.1908203125, 2148.1908203125, 2148.1908203125, 2148.1908203125, 2148.1908203125, 2148.1908203125, 2148.1908203125, 2148.1908203125, 2148.1908203125, 2148.1908203125, 2148.1908203125, 2148.1908203125, 2148.1908203125, 2148.1908203125, 2148.1908203125, 2148.1908203125, 2148.1908203125, 2148.1908203125, 2148.1908203125, 2148.1908203125, 2148.1908203125, 2148.1908203125, 2148.1908203125, 2148.1908203125, 2148.1908203125, 2148.1908203125, 2148.1908203125, 2148.1908203125, 689.06884765625], "forward_backward_time_ms": 70071.59616699217}, "execution_memory": {"layer_memory_total_mb": [3670.0, 2848.0625, 2848.0625, 2848.0625, 2848.0625, 2848.0625, 2848.0625, 2848.0625, 2848.0625, 2848.0625, 2848.0625, 2848.0625, 2848.0625, 2848.0625, 2848.0625, 2848.0625, 2848.0625, 2848.0625, 2848.0625, 2848.0625, 2848.0625, 2848.0625, 2848.0625, 2848.0625, 2848.0625, 2848.0625, 2848.0625, 2848.0625, 2848.0625, 2848.0625, 2848.0625, 2848.0625, 2848.0625, 5120.0], "total_memory": 99928.0}}