{"model": {"model_name": "GPT_6-7B", "num_layers": 34, "parameters": {"total_parameters_bytes": 27454341120, "parameters_per_layer_bytes": [838860800, 805519360, 805519360, 805519360, 805519360, 805519360, 805519360, 805519360, 805519360, 805519360, 805519360, 805519360, 805519360, 805519360, 805519360, 805519360, 805519360, 805519360, 805519360, 805519360, 805519360, 805519360, 805519360, 805519360, 805519360, 805519360, 805519360, 805519360, 805519360, 805519360, 805519360, 805519360, 805519360, 838860800]}}, "execution_time": {"batch_generator_time_ms": 0, "optimizer_time_ms": 0, "layer_compute_total_ms": [118.01702575683593, 389.1613403320313, 389.1613403320313, 389.1613403320313, 389.1613403320313, 389.1613403320313, 389.1613403320313, 389.1613403320313, 389.1613403320313, 389.1613403320313, 389.1613403320313, 389.1613403320313, 389.1613403320313, 389.1613403320313, 389.1613403320313, 389.1613403320313, 389.1613403320313, 389.1613403320313, 389.1613403320313, 389.1613403320313, 389.1613403320313, 389.1613403320313, 389.1613403320313, 389.1613403320313, 389.1613403320313, 389.1613403320313, 389.1613403320313, 389.1613403320313, 389.1613403320313, 389.1613403320313, 389.1613403320313, 389.1613403320313, 389.1613403320313, 125.59462890625], "forward_backward_time_ms": 12696.774545288094}, "execution_memory": {"layer_memory_total_mb": [2090.0, 936.015625, 936.015625, 936.015625, 936.015625, 936.015625, 936.015625, 936.015625, 936.015625, 936.015625, 936.015625, 936.015625, 936.015625, 936.015625, 936.015625, 936.015625, 936.015625, 936.015625, 936.015625, 936.015625, 936.015625, 936.015625, 936.015625, 936.015625, 936.015625, 936.015625, 936.015625, 936.015625, 936.015625, 936.015625, 936.015625, 936.015625, 936.015625, 1200.0], "total_memory": 33242.5}}