{"model": {"model_name": "GPT_6-7B", "num_layers": 34, "parameters": {"total_parameters_bytes": 27454341120, "parameters_per_layer_bytes": [838860800, 805519360, 805519360, 805519360, 805519360, 805519360, 805519360, 805519360, 805519360, 805519360, 805519360, 805519360, 805519360, 805519360, 805519360, 805519360, 805519360, 805519360, 805519360, 805519360, 805519360, 805519360, 805519360, 805519360, 805519360, 805519360, 805519360, 805519360, 805519360, 805519360, 805519360, 805519360, 805519360, 838860800]}}, "execution_time": {"batch_generator_time_ms": 0, "optimizer_time_ms": 0, "layer_compute_total_ms": [18.746778106689455, 890.032958984375, 890.032958984375, 890.032958984375, 890.032958984375, 890.032958984375, 890.032958984375, 890.032958984375, 890.032958984375, 890.032958984375, 890.032958984375, 890.032958984375, 890.032958984375, 890.032958984375, 890.032958984375, 890.032958984375, 890.032958984375, 890.032958984375, 890.032958984375, 890.032958984375, 890.032958984375, 890.032958984375, 890.032958984375, 890.032958984375, 890.032958984375, 890.032958984375, 890.032958984375, 890.032958984375, 890.032958984375, 890.032958984375, 890.032958984375, 890.032958984375, 890.032958984375, 20000.0], "forward_backward_time_ms": 48499.80146560669}, "execution_memory": {"layer_memory_total_mb": [6726.0, 10628.2509765625, 10628.2509765625, 10628.2509765625, 10628.2509765625, 10628.2509765625, 10628.2509765625, 10628.2509765625, 10628.2509765625, 10628.2509765625, 10628.2509765625, 10628.2509765625, 10628.2509765625, 10628.2509765625, 10628.2509765625, 10628.2509765625, 10628.2509765625, 10628.2509765625, 10628.2509765625, 10628.2509765625, 10628.2509765625, 10628.2509765625, 10628.2509765625, 10628.2509765625, 10628.2509765625, 10628.2509765625, 10628.2509765625, 10628.2509765625, 10628.2509765625, 10628.2509765625, 10628.2509765625, 10628.2509765625, 10628.2509765625, 110000000.0], "total_memory": 110346830.03125}}