{"model": {"model_name": "GPT_6-7B", "num_layers": 34, "parameters": {"total_parameters_bytes": 27454341120, "parameters_per_layer_bytes": [838860800, 805519360, 805519360, 805519360, 805519360, 805519360, 805519360, 805519360, 805519360, 805519360, 805519360, 805519360, 805519360, 805519360, 805519360, 805519360, 805519360, 805519360, 805519360, 805519360, 805519360, 805519360, 805519360, 805519360, 805519360, 805519360, 805519360, 805519360, 805519360, 805519360, 805519360, 805519360, 805519360, 838860800]}}, "execution_time": {"batch_generator_time_ms": 0, "optimizer_time_ms": 0, "layer_compute_total_ms": [96.27770690917968, 415.11546630859374, 415.11546630859374, 415.11546630859374, 415.11546630859374, 415.11546630859374, 415.11546630859374, 415.11546630859374, 415.11546630859374, 415.11546630859374, 415.11546630859374, 415.11546630859374, 415.11546630859374, 415.11546630859374, 415.11546630859374, 415.11546630859374, 415.11546630859374, 415.11546630859374, 415.11546630859374, 415.11546630859374, 415.11546630859374, 415.11546630859374, 415.11546630859374, 415.11546630859374, 415.11546630859374, 415.11546630859374, 415.11546630859374, 415.11546630859374, 415.11546630859374, 415.11546630859374, 415.11546630859374, 415.11546630859374, 415.11546630859374, 263.3154541015625], "forward_backward_time_ms": 13643.288082885749}, "execution_memory": {"layer_memory_total_mb": [3674.0, 3680.0625, 3680.0625, 3680.0625, 3680.0625, 3680.0625, 3680.0625, 3680.0625, 3680.0625, 3680.0625, 3680.0625, 3680.0625, 3680.0625, 3680.0625, 3680.0625, 3680.0625, 3680.0625, 3680.0625, 3680.0625, 3680.0625, 3680.0625, 3680.0625, 3680.0625, 3680.0625, 3680.0625, 3680.0625, 3680.0625, 3680.0625, 3680.0625, 3680.0625, 3680.0625, 3680.0625, 3680.0625, 5600.0], "total_memory": 127036.0}}