{"model": {"model_name": "GPT_6-7B", "num_layers": 34, "parameters": {"total_parameters_bytes": 27454341120, "parameters_per_layer_bytes": [838860800, 805519360, 805519360, 805519360, 805519360, 805519360, 805519360, 805519360, 805519360, 805519360, 805519360, 805519360, 805519360, 805519360, 805519360, 805519360, 805519360, 805519360, 805519360, 805519360, 805519360, 805519360, 805519360, 805519360, 805519360, 805519360, 805519360, 805519360, 805519360, 805519360, 805519360, 805519360, 805519360, 838860800]}}, "execution_time": {"batch_generator_time_ms": 0, "optimizer_time_ms": 0, "layer_compute_total_ms": [7.087513542175293, 162.83975830078126, 162.83975830078126, 162.83975830078126, 162.83975830078126, 162.83975830078126, 162.83975830078126, 162.83975830078126, 162.83975830078126, 162.83975830078126, 162.83975830078126, 162.83975830078126, 162.83975830078126, 162.83975830078126, 162.83975830078126, 162.83975830078126, 162.83975830078126, 162.83975830078126, 162.83975830078126, 162.83975830078126, 162.83975830078126, 162.83975830078126, 162.83975830078126, 162.83975830078126, 162.83975830078126, 162.83975830078126, 162.83975830078126, 162.83975830078126, 162.83975830078126, 162.83975830078126, 162.83975830078126, 162.83975830078126, 162.83975830078126, 144.04342041015624], "forward_backward_time_ms": 5362.003199577331}, "execution_memory": {"layer_memory_total_mb": [5738.0, 7032.2509765625, 7032.2509765625, 7032.2509765625, 7032.2509765625, 7032.2509765625, 7032.2509765625, 7032.2509765625, 7032.2509765625, 7032.2509765625, 7032.2509765625, 7032.2509765625, 7032.2509765625, 7032.2509765625, 7032.2509765625, 7032.2509765625, 7032.2509765625, 7032.2509765625, 7032.2509765625, 7032.2509765625, 7032.2509765625, 7032.2509765625, 7032.2509765625, 7032.2509765625, 7032.2509765625, 7032.2509765625, 7032.2509765625, 7032.2509765625, 7032.2509765625, 7032.2509765625, 7032.2509765625, 7032.2509765625, 7032.2509765625, 11200.0], "total_memory": 241970.03125}}