{"model": {"model_name": "GPT_6-7B", "num_layers": 34, "parameters": {"total_parameters_bytes": 27454341120, "parameters_per_layer_bytes": [838860800, 805519360, 805519360, 805519360, 805519360, 805519360, 805519360, 805519360, 805519360, 805519360, 805519360, 805519360, 805519360, 805519360, 805519360, 805519360, 805519360, 805519360, 805519360, 805519360, 805519360, 805519360, 805519360, 805519360, 805519360, 805519360, 805519360, 805519360, 805519360, 805519360, 805519360, 805519360, 805519360, 838860800]}}, "execution_time": {"batch_generator_time_ms": 0, "optimizer_time_ms": 0, "layer_compute_total_ms": [130.4336364746094, 415.680712890625, 415.680712890625, 415.680712890625, 415.680712890625, 415.680712890625, 415.680712890625, 415.680712890625, 415.680712890625, 415.680712890625, 415.680712890625, 415.680712890625, 415.680712890625, 415.680712890625, 415.680712890625, 415.680712890625, 415.680712890625, 415.680712890625, 415.680712890625, 415.680712890625, 415.680712890625, 415.680712890625, 415.680712890625, 415.680712890625, 415.680712890625, 415.680712890625, 415.680712890625, 415.680712890625, 415.680712890625, 415.680712890625, 415.680712890625, 415.680712890625, 415.680712890625, 150.369482421875], "forward_backward_time_ms": 13582.58593139649}, "execution_memory": {"layer_memory_total_mb": [2090.0, 1054.015625, 1054.015625, 1054.015625, 1054.015625, 1054.015625, 1054.015625, 1054.015625, 1054.015625, 1054.015625, 1054.015625, 1054.015625, 1054.015625, 1054.015625, 1054.015625, 1054.015625, 1054.015625, 1054.015625, 1054.015625, 1054.015625, 1054.015625, 1054.015625, 1054.015625, 1054.015625, 1054.015625, 1054.015625, 1054.015625, 1054.015625, 1054.015625, 1054.015625, 1054.015625, 1054.015625, 1054.015625, 1200.0], "total_memory": 37018.5}}