{"model": {"model_name": "GPT_6-7B", "num_layers": 34, "parameters": {"total_parameters_bytes": 27454341120, "parameters_per_layer_bytes": [838860800, 805519360, 805519360, 805519360, 805519360, 805519360, 805519360, 805519360, 805519360, 805519360, 805519360, 805519360, 805519360, 805519360, 805519360, 805519360, 805519360, 805519360, 805519360, 805519360, 805519360, 805519360, 805519360, 805519360, 805519360, 805519360, 805519360, 805519360, 805519360, 805519360, 805519360, 805519360, 805519360, 838860800]}}, "execution_time": {"batch_generator_time_ms": 0, "optimizer_time_ms": 0, "layer_compute_total_ms": [88.42280883789063, 292.29442138671874, 292.29442138671874, 292.29442138671874, 292.29442138671874, 292.29442138671874, 292.29442138671874, 292.29442138671874, 292.29442138671874, 292.29442138671874, 292.29442138671874, 292.29442138671874, 292.29442138671874, 292.29442138671874, 292.29442138671874, 292.29442138671874, 292.29442138671874, 292.29442138671874, 292.29442138671874, 292.29442138671874, 292.29442138671874, 292.29442138671874, 292.29442138671874, 292.29442138671874, 292.29442138671874, 292.29442138671874, 292.29442138671874, 292.29442138671874, 292.29442138671874, 292.29442138671874, 292.29442138671874, 292.29442138671874, 292.29442138671874, 146.58109130859376], "forward_backward_time_ms": 9588.425384521484}, "execution_memory": {"layer_memory_total_mb": [2650.0, 1820.03125, 1820.03125, 1820.03125, 1820.03125, 1820.03125, 1820.03125, 1820.03125, 1820.03125, 1820.03125, 1820.03125, 1820.03125, 1820.03125, 1820.03125, 1820.03125, 1820.03125, 1820.03125, 1820.03125, 1820.03125, 1820.03125, 1820.03125, 1820.03125, 1820.03125, 1820.03125, 1820.03125, 1820.03125, 1820.03125, 1820.03125, 1820.03125, 1820.03125, 1820.03125, 1820.03125, 1820.03125, 2800.0], "total_memory": 63691.0}}