{"model": {"model_name": "GPT_6-7B", "num_layers": 34, "parameters": {"total_parameters_bytes": 27454341120, "parameters_per_layer_bytes": [838860800, 805519360, 805519360, 805519360, 805519360, 805519360, 805519360, 805519360, 805519360, 805519360, 805519360, 805519360, 805519360, 805519360, 805519360, 805519360, 805519360, 805519360, 805519360, 805519360, 805519360, 805519360, 805519360, 805519360, 805519360, 805519360, 805519360, 805519360, 805519360, 805519360, 805519360, 805519360, 805519360, 838860800]}}, "execution_time": {"batch_generator_time_ms": 0, "optimizer_time_ms": 0, "layer_compute_total_ms": [12.172083282470703, 316.5908935546875, 316.5908935546875, 316.5908935546875, 316.5908935546875, 316.5908935546875, 316.5908935546875, 316.5908935546875, 316.5908935546875, 316.5908935546875, 316.5908935546875, 316.5908935546875, 316.5908935546875, 316.5908935546875, 316.5908935546875, 316.5908935546875, 316.5908935546875, 316.5908935546875, 316.5908935546875, 316.5908935546875, 316.5908935546875, 316.5908935546875, 316.5908935546875, 316.5908935546875, 316.5908935546875, 316.5908935546875, 316.5908935546875, 316.5908935546875, 316.5908935546875, 316.5908935546875, 316.5908935546875, 316.5908935546875, 316.5908935546875, 295.9943603515625], "forward_backward_time_ms": 10439.075037384031}, "execution_memory": {"layer_memory_total_mb": [6726.0, 10880.25, 10880.25, 10880.25, 10880.25, 10880.25, 10880.25, 10880.25, 10880.25, 10880.25, 10880.25, 10880.25, 10880.25, 10880.25, 10880.25, 10880.25, 10880.25, 10880.25, 10880.25, 10880.25, 10880.25, 10880.25, 10880.25, 10880.25, 10880.25, 10880.25, 10880.25, 10880.25, 10880.25, 10880.25, 10880.25, 10880.25, 10880.25, 19200.0], "total_memory": 374094.0}}