{"model": {"model_name": "GPT_6-7B", "num_layers": 34, "parameters": {"total_parameters_bytes": 27454341120, "parameters_per_layer_bytes": [838860800, 805519360, 805519360, 805519360, 805519360, 805519360, 805519360, 805519360, 805519360, 805519360, 805519360, 805519360, 805519360, 805519360, 805519360, 805519360, 805519360, 805519360, 805519360, 805519360, 805519360, 805519360, 805519360, 805519360, 805519360, 805519360, 805519360, 805519360, 805519360, 805519360, 805519360, 805519360, 805519360, 838860800]}}, "execution_time": {"batch_generator_time_ms": 0, "optimizer_time_ms": 0, "layer_compute_total_ms": [73.51398315429688, 264.3912841796875, 264.3912841796875, 264.3912841796875, 264.3912841796875, 264.3912841796875, 264.3912841796875, 264.3912841796875, 264.3912841796875, 264.3912841796875, 264.3912841796875, 264.3912841796875, 264.3912841796875, 264.3912841796875, 264.3912841796875, 264.3912841796875, 264.3912841796875, 264.3912841796875, 264.3912841796875, 264.3912841796875, 264.3912841796875, 264.3912841796875, 264.3912841796875, 264.3912841796875, 264.3912841796875, 264.3912841796875, 264.3912841796875, 264.3912841796875, 264.3912841796875, 264.3912841796875, 264.3912841796875, 264.3912841796875, 264.3912841796875, 125.01053466796876], "forward_backward_time_ms": 8659.045611572263}, "execution_memory": {"layer_memory_total_mb": [3674.0, 3680.0625, 3680.0625, 3680.0625, 3680.0625, 3680.0625, 3680.0625, 3680.0625, 3680.0625, 3680.0625, 3680.0625, 3680.0625, 3680.0625, 3680.0625, 3680.0625, 3680.0625, 3680.0625, 3680.0625, 3680.0625, 3680.0625, 3680.0625, 3680.0625, 3680.0625, 3680.0625, 3680.0625, 3680.0625, 3680.0625, 3680.0625, 3680.0625, 3680.0625, 3680.0625, 3680.0625, 3680.0625, 5600.0], "total_memory": 127036.0}}