{"model": {"model_name": "GPT_6-7B", "num_layers": 34, "parameters": {"total_parameters_bytes": 27454341120, "parameters_per_layer_bytes": [838860800, 805519360, 805519360, 805519360, 805519360, 805519360, 805519360, 805519360, 805519360, 805519360, 805519360, 805519360, 805519360, 805519360, 805519360, 805519360, 805519360, 805519360, 805519360, 805519360, 805519360, 805519360, 805519360, 805519360, 805519360, 805519360, 805519360, 805519360, 805519360, 805519360, 805519360, 805519360, 805519360, 838860800]}}, "execution_time": {"batch_generator_time_ms": 0, "optimizer_time_ms": 0, "layer_compute_total_ms": [626.4309814453125, 2078.0697265625, 2078.0697265625, 2078.0697265625, 2078.0697265625, 2078.0697265625, 2078.0697265625, 2078.0697265625, 2078.0697265625, 2078.0697265625, 2078.0697265625, 2078.0697265625, 2078.0697265625, 2078.0697265625, 2078.0697265625, 2078.0697265625, 2078.0697265625, 2078.0697265625, 2078.0697265625, 2078.0697265625, 2078.0697265625, 2078.0697265625, 2078.0697265625, 2078.0697265625, 2078.0697265625, 2078.0697265625, 2078.0697265625, 2078.0697265625, 2078.0697265625, 2078.0697265625, 2078.0697265625, 2078.0697265625, 2078.0697265625, 646.298193359375], "forward_backward_time_ms": 67770.96042480465}, "execution_memory": {"layer_memory_total_mb": [3014.0, 1872.03125, 1872.03125, 1872.03125, 1872.03125, 1872.03125, 1872.03125, 1872.03125, 1872.03125, 1872.03125, 1872.03125, 1872.03125, 1872.03125, 1872.03125, 1872.03125, 1872.03125, 1872.03125, 1872.03125, 1872.03125, 1872.03125, 1872.03125, 1872.03125, 1872.03125, 1872.03125, 1872.03125, 1872.03125, 1872.03125, 1872.03125, 1872.03125, 1872.03125, 1872.03125, 1872.03125, 1872.03125, 2656.0], "total_memory": 65575.0}}