{"model": {"model_name": "GPT_6-7B", "num_layers": 34, "parameters": {"total_parameters_bytes": 27454341120, "parameters_per_layer_bytes": [838860800, 805519360, 805519360, 805519360, 805519360, 805519360, 805519360, 805519360, 805519360, 805519360, 805519360, 805519360, 805519360, 805519360, 805519360, 805519360, 805519360, 805519360, 805519360, 805519360, 805519360, 805519360, 805519360, 805519360, 805519360, 805519360, 805519360, 805519360, 805519360, 805519360, 805519360, 805519360, 805519360, 838860800]}}, "execution_time": {"batch_generator_time_ms": 0, "optimizer_time_ms": 0, "layer_compute_total_ms": [236.59008178710937, 781.7750732421875, 781.7750732421875, 781.7750732421875, 781.7750732421875, 781.7750732421875, 781.7750732421875, 781.7750732421875, 781.7750732421875, 781.7750732421875, 781.7750732421875, 781.7750732421875, 781.7750732421875, 781.7750732421875, 781.7750732421875, 781.7750732421875, 781.7750732421875, 781.7750732421875, 781.7750732421875, 781.7750732421875, 781.7750732421875, 781.7750732421875, 781.7750732421875, 781.7750732421875, 781.7750732421875, 781.7750732421875, 781.7750732421875, 781.7750732421875, 781.7750732421875, 781.7750732421875, 781.7750732421875, 781.7750732421875, 781.7750732421875, 251.312744140625], "forward_backward_time_ms": 25504.70516967775}, "execution_memory": {"layer_memory_total_mb": [3014.0, 1616.03125, 1616.03125, 1616.03125, 1616.03125, 1616.03125, 1616.03125, 1616.03125, 1616.03125, 1616.03125, 1616.03125, 1616.03125, 1616.03125, 1616.03125, 1616.03125, 1616.03125, 1616.03125, 1616.03125, 1616.03125, 1616.03125, 1616.03125, 1616.03125, 1616.03125, 1616.03125, 1616.03125, 1616.03125, 1616.03125, 1616.03125, 1616.03125, 1616.03125, 1616.03125, 1616.03125, 1616.03125, 2656.0], "total_memory": 57383.0}}