{"model": {"model_name": "GPT_6-7B", "num_layers": 34, "parameters": {"total_parameters_bytes": 27454341120, "parameters_per_layer_bytes": [838860800, 805519360, 805519360, 805519360, 805519360, 805519360, 805519360, 805519360, 805519360, 805519360, 805519360, 805519360, 805519360, 805519360, 805519360, 805519360, 805519360, 805519360, 805519360, 805519360, 805519360, 805519360, 805519360, 805519360, 805519360, 805519360, 805519360, 805519360, 805519360, 805519360, 805519360, 805519360, 805519360, 838860800]}}, "execution_time": {"batch_generator_time_ms": 0, "optimizer_time_ms": 0, "layer_compute_total_ms": [312.3808227539063, 1039.098291015625, 1039.098291015625, 1039.098291015625, 1039.098291015625, 1039.098291015625, 1039.098291015625, 1039.098291015625, 1039.098291015625, 1039.098291015625, 1039.098291015625, 1039.098291015625, 1039.098291015625, 1039.098291015625, 1039.098291015625, 1039.098291015625, 1039.098291015625, 1039.098291015625, 1039.098291015625, 1039.098291015625, 1039.098291015625, 1039.098291015625, 1039.098291015625, 1039.098291015625, 1039.098291015625, 1039.098291015625, 1039.098291015625, 1039.098291015625, 1039.098291015625, 1039.098291015625, 1039.098291015625, 1039.098291015625, 1039.098291015625, 321.310302734375], "forward_backward_time_ms": 33884.83643798826}, "execution_memory": {"layer_memory_total_mb": [2090.0, 936.015625, 936.015625, 936.015625, 936.015625, 936.015625, 936.015625, 936.015625, 936.015625, 936.015625, 936.015625, 936.015625, 936.015625, 936.015625, 936.015625, 936.015625, 936.015625, 936.015625, 936.015625, 936.015625, 936.015625, 936.015625, 936.015625, 936.015625, 936.015625, 936.015625, 936.015625, 936.015625, 936.015625, 936.015625, 936.015625, 936.015625, 936.015625, 1200.0], "total_memory": 33242.5}}