{"model": {"model_name": "GPT_6-7B", "num_layers": 34, "parameters": {"total_parameters_bytes": 27454341120, "parameters_per_layer_bytes": [838860800, 805519360, 805519360, 805519360, 805519360, 805519360, 805519360, 805519360, 805519360, 805519360, 805519360, 805519360, 805519360, 805519360, 805519360, 805519360, 805519360, 805519360, 805519360, 805519360, 805519360, 805519360, 805519360, 805519360, 805519360, 805519360, 805519360, 805519360, 805519360, 805519360, 805519360, 805519360, 805519360, 838860800]}}, "execution_time": {"batch_generator_time_ms": 0, "optimizer_time_ms": 0, "layer_compute_total_ms": [11.030732917785645, 449.6789306640625, 449.6789306640625, 449.6789306640625, 449.6789306640625, 449.6789306640625, 449.6789306640625, 449.6789306640625, 449.6789306640625, 449.6789306640625, 449.6789306640625, 449.6789306640625, 449.6789306640625, 449.6789306640625, 449.6789306640625, 449.6789306640625, 449.6789306640625, 449.6789306640625, 449.6789306640625, 449.6789306640625, 449.6789306640625, 449.6789306640625, 449.6789306640625, 449.6789306640625, 449.6789306640625, 449.6789306640625, 449.6789306640625, 449.6789306640625, 449.6789306640625, 449.6789306640625, 449.6789306640625, 449.6789306640625, 449.6789306640625, 389.7270263671875], "forward_backward_time_ms": 14790.483540534966}, "execution_memory": {"layer_memory_total_mb": [5738.0, 7032.2509765625, 7032.2509765625, 7032.2509765625, 7032.2509765625, 7032.2509765625, 7032.2509765625, 7032.2509765625, 7032.2509765625, 7032.2509765625, 7032.2509765625, 7032.2509765625, 7032.2509765625, 7032.2509765625, 7032.2509765625, 7032.2509765625, 7032.2509765625, 7032.2509765625, 7032.2509765625, 7032.2509765625, 7032.2509765625, 7032.2509765625, 7032.2509765625, 7032.2509765625, 7032.2509765625, 7032.2509765625, 7032.2509765625, 7032.2509765625, 7032.2509765625, 7032.2509765625, 7032.2509765625, 7032.2509765625, 7032.2509765625, 11200.0], "total_memory": 241970.03125}}