{"model": {"model_name": "GPT_6-7B", "num_layers": 34, "parameters": {"total_parameters_bytes": 27454341120, "parameters_per_layer_bytes": [838860800, 805519360, 805519360, 805519360, 805519360, 805519360, 805519360, 805519360, 805519360, 805519360, 805519360, 805519360, 805519360, 805519360, 805519360, 805519360, 805519360, 805519360, 805519360, 805519360, 805519360, 805519360, 805519360, 805519360, 805519360, 805519360, 805519360, 805519360, 805519360, 805519360, 805519360, 805519360, 805519360, 838860800]}}, "execution_time": {"batch_generator_time_ms": 0, "optimizer_time_ms": 0, "layer_compute_total_ms": [149.2983825683594, 479.9637451171875, 479.9637451171875, 479.9637451171875, 479.9637451171875, 479.9637451171875, 479.9637451171875, 479.9637451171875, 479.9637451171875, 479.9637451171875, 479.9637451171875, 479.9637451171875, 479.9637451171875, 479.9637451171875, 479.9637451171875, 479.9637451171875, 479.9637451171875, 479.9637451171875, 479.9637451171875, 479.9637451171875, 479.9637451171875, 479.9637451171875, 479.9637451171875, 479.9637451171875, 479.9637451171875, 479.9637451171875, 479.9637451171875, 479.9637451171875, 479.9637451171875, 479.9637451171875, 479.9637451171875, 479.9637451171875, 479.9637451171875, 176.50748291015626], "forward_backward_time_ms": 15684.645709228515}, "execution_memory": {"layer_memory_total_mb": [3670.0, 3030.0625, 3030.0625, 3030.0625, 3030.0625, 3030.0625, 3030.0625, 3030.0625, 3030.0625, 3030.0625, 3030.0625, 3030.0625, 3030.0625, 3030.0625, 3030.0625, 3030.0625, 3030.0625, 3030.0625, 3030.0625, 3030.0625, 3030.0625, 3030.0625, 3030.0625, 3030.0625, 3030.0625, 3030.0625, 3030.0625, 3030.0625, 3030.0625, 3030.0625, 3030.0625, 3030.0625, 3030.0625, 5056.0], "total_memory": 105688.0}}