{"model": {"model_name": "GPT_6-7B", "num_layers": 34, "parameters": {"total_parameters_bytes": 27454341120, "parameters_per_layer_bytes": [838860800, 805519360, 805519360, 805519360, 805519360, 805519360, 805519360, 805519360, 805519360, 805519360, 805519360, 805519360, 805519360, 805519360, 805519360, 805519360, 805519360, 805519360, 805519360, 805519360, 805519360, 805519360, 805519360, 805519360, 805519360, 805519360, 805519360, 805519360, 805519360, 805519360, 805519360, 805519360, 805519360, 838860800]}}, "execution_time": {"batch_generator_time_ms": 0, "optimizer_time_ms": 0, "layer_compute_total_ms": [262.73651123046875, 834.683935546875, 834.683935546875, 834.683935546875, 834.683935546875, 834.683935546875, 834.683935546875, 834.683935546875, 834.683935546875, 834.683935546875, 834.683935546875, 834.683935546875, 834.683935546875, 834.683935546875, 834.683935546875, 834.683935546875, 834.683935546875, 834.683935546875, 834.683935546875, 834.683935546875, 834.683935546875, 834.683935546875, 834.683935546875, 834.683935546875, 834.683935546875, 834.683935546875, 834.683935546875, 834.683935546875, 834.683935546875, 834.683935546875, 834.683935546875, 834.683935546875, 834.683935546875, 301.024267578125], "forward_backward_time_ms": 27273.64671630861}, "execution_memory": {"layer_memory_total_mb": [3014.0, 1600.5634765625, 1600.5634765625, 1600.5634765625, 1600.5634765625, 1600.5634765625, 1600.5634765625, 1600.5634765625, 1600.5634765625, 1600.5634765625, 1600.5634765625, 1600.5634765625, 1600.5634765625, 1600.5634765625, 1600.5634765625, 1600.5634765625, 1600.5634765625, 1600.5634765625, 1600.5634765625, 1600.5634765625, 1600.5634765625, 1600.5634765625, 1600.5634765625, 1600.5634765625, 1600.5634765625, 1600.5634765625, 1600.5634765625, 1600.5634765625, 1600.5634765625, 1600.5634765625, 1600.5634765625, 1600.5634765625, 1600.5634765625, 2656.0], "total_memory": 56888.03125}}