{"model": {"model_name": "GPT_6-7B", "num_layers": 34, "parameters": {"total_parameters_bytes": 27454341120, "parameters_per_layer_bytes": [838860800, 805519360, 805519360, 805519360, 805519360, 805519360, 805519360, 805519360, 805519360, 805519360, 805519360, 805519360, 805519360, 805519360, 805519360, 805519360, 805519360, 805519360, 805519360, 805519360, 805519360, 805519360, 805519360, 805519360, 805519360, 805519360, 805519360, 805519360, 805519360, 805519360, 805519360, 805519360, 805519360, 838860800]}}, "execution_time": {"batch_generator_time_ms": 0, "optimizer_time_ms": 0, "layer_compute_total_ms": [34.67960205078125, 1080.30771484375, 1080.30771484375, 1080.30771484375, 1080.30771484375, 1080.30771484375, 1080.30771484375, 1080.30771484375, 1080.30771484375, 1080.30771484375, 1080.30771484375, 1080.30771484375, 1080.30771484375, 1080.30771484375, 1080.30771484375, 1080.30771484375, 1080.30771484375, 1080.30771484375, 1080.30771484375, 1080.30771484375, 1080.30771484375, 1080.30771484375, 1080.30771484375, 1080.30771484375, 1080.30771484375, 1080.30771484375, 1080.30771484375, 1080.30771484375, 1080.30771484375, 1080.30771484375, 1080.30771484375, 1080.30771484375, 1080.30771484375, 20000.0], "forward_backward_time_ms": 54604.5264770508}, "execution_memory": {"layer_memory_total_mb": [6726.0, 10880.25, 10880.25, 10880.25, 10880.25, 10880.25, 10880.25, 10880.25, 10880.25, 10880.25, 10880.25, 10880.25, 10880.25, 10880.25, 10880.25, 10880.25, 10880.25, 10880.25, 10880.25, 10880.25, 10880.25, 10880.25, 10880.25, 10880.25, 10880.25, 10880.25, 10880.25, 10880.25, 10880.25, 10880.25, 10880.25, 10880.25, 10880.25, 110000000.0], "total_memory": 110354894.0}}