{"model": {"model_name": "GPT_6-7B", "num_layers": 34, "parameters": {"total_parameters_bytes": 27454341120, "parameters_per_layer_bytes": [838860800, 805519360, 805519360, 805519360, 805519360, 805519360, 805519360, 805519360, 805519360, 805519360, 805519360, 805519360, 805519360, 805519360, 805519360, 805519360, 805519360, 805519360, 805519360, 805519360, 805519360, 805519360, 805519360, 805519360, 805519360, 805519360, 805519360, 805519360, 805519360, 805519360, 805519360, 805519360, 805519360, 838860800]}}, "execution_time": {"batch_generator_time_ms": 0, "optimizer_time_ms": 0, "layer_compute_total_ms": [460.70537109375, 1747.96103515625, 1747.96103515625, 1747.96103515625, 1747.96103515625, 1747.96103515625, 1747.96103515625, 1747.96103515625, 1747.96103515625, 1747.96103515625, 1747.96103515625, 1747.96103515625, 1747.96103515625, 1747.96103515625, 1747.96103515625, 1747.96103515625, 1747.96103515625, 1747.96103515625, 1747.96103515625, 1747.96103515625, 1747.96103515625, 1747.96103515625, 1747.96103515625, 1747.96103515625, 1747.96103515625, 1747.96103515625, 1747.96103515625, 1747.96103515625, 1747.96103515625, 1747.96103515625, 1747.96103515625, 1747.96103515625, 1747.96103515625, 777.79765625], "forward_backward_time_ms": 57173.256152343776}, "execution_memory": {"layer_memory_total_mb": [4726.0, 5378.2509765625, 5378.2509765625, 5378.2509765625, 5378.2509765625, 5378.2509765625, 5378.2509765625, 5378.2509765625, 5378.2509765625, 5378.2509765625, 5378.2509765625, 5378.2509765625, 5378.2509765625, 5378.2509765625, 5378.2509765625, 5378.2509765625, 5378.2509765625, 5378.2509765625, 5378.2509765625, 5378.2509765625, 5378.2509765625, 5378.2509765625, 5378.2509765625, 5378.2509765625, 5378.2509765625, 5378.2509765625, 5378.2509765625, 5378.2509765625, 5378.2509765625, 5378.2509765625, 5378.2509765625, 5378.2509765625, 5378.2509765625, 9984.0], "total_memory": 186814.03125}}