{"model": {"model_name": "GPT_6-7B", "num_layers": 34, "parameters": {"total_parameters_bytes": 27454341120, "parameters_per_layer_bytes": [838860800, 805519360, 805519360, 805519360, 805519360, 805519360, 805519360, 805519360, 805519360, 805519360, 805519360, 805519360, 805519360, 805519360, 805519360, 805519360, 805519360, 805519360, 805519360, 805519360, 805519360, 805519360, 805519360, 805519360, 805519360, 805519360, 805519360, 805519360, 805519360, 805519360, 805519360, 805519360, 805519360, 838860800]}}, "execution_time": {"batch_generator_time_ms": 0, "optimizer_time_ms": 0, "layer_compute_total_ms": [74.8394775390625, 235.16427001953124, 235.16427001953124, 235.16427001953124, 235.16427001953124, 235.16427001953124, 235.16427001953124, 235.16427001953124, 235.16427001953124, 235.16427001953124, 235.16427001953124, 235.16427001953124, 235.16427001953124, 235.16427001953124, 235.16427001953124, 235.16427001953124, 235.16427001953124, 235.16427001953124, 235.16427001953124, 235.16427001953124, 235.16427001953124, 235.16427001953124, 235.16427001953124, 235.16427001953124, 235.16427001953124, 235.16427001953124, 235.16427001953124, 235.16427001953124, 235.16427001953124, 235.16427001953124, 235.16427001953124, 235.16427001953124, 235.16427001953124, 88.46991577148438], "forward_backward_time_ms": 7688.566033935551}, "execution_memory": {"layer_memory_total_mb": [2650.0, 1852.03125, 1852.03125, 1852.03125, 1852.03125, 1852.03125, 1852.03125, 1852.03125, 1852.03125, 1852.03125, 1852.03125, 1852.03125, 1852.03125, 1852.03125, 1852.03125, 1852.03125, 1852.03125, 1852.03125, 1852.03125, 1852.03125, 1852.03125, 1852.03125, 1852.03125, 1852.03125, 1852.03125, 1852.03125, 1852.03125, 1852.03125, 1852.03125, 1852.03125, 1852.03125, 1852.03125, 1852.03125, 2800.0], "total_memory": 64715.0}}