{"model": {"model_name": "GPT_6-7B", "num_layers": 34, "parameters": {"total_parameters_bytes": 27454341120, "parameters_per_layer_bytes": [838860800, 805519360, 805519360, 805519360, 805519360, 805519360, 805519360, 805519360, 805519360, 805519360, 805519360, 805519360, 805519360, 805519360, 805519360, 805519360, 805519360, 805519360, 805519360, 805519360, 805519360, 805519360, 805519360, 805519360, 805519360, 805519360, 805519360, 805519360, 805519360, 805519360, 805519360, 805519360, 805519360, 838860800]}}, "execution_time": {"batch_generator_time_ms": 0, "optimizer_time_ms": 0, "layer_compute_total_ms": [145.4434326171875, 536.235986328125, 536.235986328125, 536.235986328125, 536.235986328125, 536.235986328125, 536.235986328125, 536.235986328125, 536.235986328125, 536.235986328125, 536.235986328125, 536.235986328125, 536.235986328125, 536.235986328125, 536.235986328125, 536.235986328125, 536.235986328125, 536.235986328125, 536.235986328125, 536.235986328125, 536.235986328125, 536.235986328125, 536.235986328125, 536.235986328125, 536.235986328125, 536.235986328125, 536.235986328125, 536.235986328125, 536.235986328125, 536.235986328125, 536.235986328125, 536.235986328125, 536.235986328125, 239.931396484375], "forward_backward_time_ms": 17544.926391601566}, "execution_memory": {"layer_memory_total_mb": [4726.0, 5696.125, 5696.125, 5696.125, 5696.125, 5696.125, 5696.125, 5696.125, 5696.125, 5696.125, 5696.125, 5696.125, 5696.125, 5696.125, 5696.125, 5696.125, 5696.125, 5696.125, 5696.125, 5696.125, 5696.125, 5696.125, 5696.125, 5696.125, 5696.125, 5696.125, 5696.125, 5696.125, 5696.125, 5696.125, 5696.125, 5696.125, 5696.125, 9984.0], "total_memory": 196986.0}}