{"model": {"model_name": "GPT_350M", "num_layers": 26, "parameters": {"total_parameters_bytes": 407166976, "parameters_per_layer_bytes": [52428800, 12596224, 12596224, 12596224, 12596224, 12596224, 12596224, 12596224, 12596224, 12596224, 12596224, 12596224, 12596224, 12596224, 12596224, 12596224, 12596224, 12596224, 12596224, 12596224, 12596224, 12596224, 12596224, 12596224, 12596224, 52428800]}}, "execution_time": {"batch_generator_time_ms": 0, "optimizer_time_ms": 0, "layer_compute_total_ms": [4.838399887084961, 118.5996826171875, 118.5996826171875, 118.5996826171875, 118.5996826171875, 118.5996826171875, 118.5996826171875, 118.5996826171875, 118.5996826171875, 118.5996826171875, 118.5996826171875, 118.5996826171875, 118.5996826171875, 118.5996826171875, 118.5996826171875, 118.5996826171875, 118.5996826171875, 118.5996826171875, 118.5996826171875, 118.5996826171875, 118.5996826171875, 118.5996826171875, 118.5996826171875, 118.5996826171875, 118.5996826171875, 20000.0], "forward_backward_time_ms": 22851.230782699586}, "execution_memory": {"layer_memory_total_mb": [1684.0, 2636.25, 2636.25, 2636.25, 2636.25, 2636.25, 2636.25, 2636.25, 2636.25, 2636.25, 2636.25, 2636.25, 2636.25, 2636.25, 2636.25, 2636.25, 2636.25, 2636.25, 2636.25, 2636.25, 2636.25, 2636.25, 2636.25, 2636.25, 2636.25, 110000000.0], "total_memory": 110064954.0}}