{"model": {"model_name": "GPT_350M", "num_layers": 26, "parameters": {"total_parameters_bytes": 407166976, "parameters_per_layer_bytes": [52428800, 12596224, 12596224, 12596224, 12596224, 12596224, 12596224, 12596224, 12596224, 12596224, 12596224, 12596224, 12596224, 12596224, 12596224, 12596224, 12596224, 12596224, 12596224, 12596224, 12596224, 12596224, 12596224, 12596224, 12596224, 52428800]}}, "execution_time": {"batch_generator_time_ms": 0, "optimizer_time_ms": 0, "layer_compute_total_ms": [57.9915771484375, 125.7856689453125, 125.7856689453125, 125.7856689453125, 125.7856689453125, 125.7856689453125, 125.7856689453125, 125.7856689453125, 125.7856689453125, 125.7856689453125, 125.7856689453125, 125.7856689453125, 125.7856689453125, 125.7856689453125, 125.7856689453125, 125.7856689453125, 125.7856689453125, 125.7856689453125, 125.7856689453125, 125.7856689453125, 125.7856689453125, 125.7856689453125, 125.7856689453125, 125.7856689453125, 125.7856689453125, 138.42222900390624], "forward_backward_time_ms": 3215.2698608398423}, "execution_memory": {"layer_memory_total_mb": [920.0, 804.5634765625, 804.5634765625, 804.5634765625, 804.5634765625, 804.5634765625, 804.5634765625, 804.5634765625, 804.5634765625, 804.5634765625, 804.5634765625, 804.5634765625, 804.5634765625, 804.5634765625, 804.5634765625, 804.5634765625, 804.5634765625, 804.5634765625, 804.5634765625, 804.5634765625, 804.5634765625, 804.5634765625, 804.5634765625, 804.5634765625, 804.5634765625, 4266.0], "total_memory": 24495.5234375}}