{"model": {"model_name": "GPT_350M", "num_layers": 26, "parameters": {"total_parameters_bytes": 407166976, "parameters_per_layer_bytes": [52428800, 12596224, 12596224, 12596224, 12596224, 12596224, 12596224, 12596224, 12596224, 12596224, 12596224, 12596224, 12596224, 12596224, 12596224, 12596224, 12596224, 12596224, 12596224, 12596224, 12596224, 12596224, 12596224, 12596224, 12596224, 52428800]}}, "execution_time": {"batch_generator_time_ms": 0, "optimizer_time_ms": 0, "layer_compute_total_ms": [21.971353149414064, 57.079193115234375, 57.079193115234375, 57.079193115234375, 57.079193115234375, 57.079193115234375, 57.079193115234375, 57.079193115234375, 57.079193115234375, 57.079193115234375, 57.079193115234375, 57.079193115234375, 57.079193115234375, 57.079193115234375, 57.079193115234375, 57.079193115234375, 57.079193115234375, 57.079193115234375, 57.079193115234375, 57.079193115234375, 57.079193115234375, 57.079193115234375, 57.079193115234375, 57.079193115234375, 57.079193115234375, 56.287847900390624], "forward_backward_time_ms": 1448.1598358154297}, "execution_memory": {"layer_memory_total_mb": [920.0, 684.6259765625, 684.6259765625, 684.6259765625, 684.6259765625, 684.6259765625, 684.6259765625, 684.6259765625, 684.6259765625, 684.6259765625, 684.6259765625, 684.6259765625, 684.6259765625, 684.6259765625, 684.6259765625, 684.6259765625, 684.6259765625, 684.6259765625, 684.6259765625, 684.6259765625, 684.6259765625, 684.6259765625, 684.6259765625, 684.6259765625, 684.6259765625, 4400.0], "total_memory": 21751.0234375}}