{"model": {"model_name": "GPT_350M", "num_layers": 26, "parameters": {"total_parameters_bytes": 407166976, "parameters_per_layer_bytes": [52428800, 12596224, 12596224, 12596224, 12596224, 12596224, 12596224, 12596224, 12596224, 12596224, 12596224, 12596224, 12596224, 12596224, 12596224, 12596224, 12596224, 12596224, 12596224, 12596224, 12596224, 12596224, 12596224, 12596224, 12596224, 52428800]}}, "execution_time": {"batch_generator_time_ms": 0, "optimizer_time_ms": 0, "layer_compute_total_ms": [68.04950866699218, 190.50413818359374, 190.50413818359374, 190.50413818359374, 190.50413818359374, 190.50413818359374, 190.50413818359374, 190.50413818359374, 190.50413818359374, 190.50413818359374, 190.50413818359374, 190.50413818359374, 190.50413818359374, 190.50413818359374, 190.50413818359374, 190.50413818359374, 190.50413818359374, 190.50413818359374, 190.50413818359374, 190.50413818359374, 190.50413818359374, 190.50413818359374, 190.50413818359374, 190.50413818359374, 190.50413818359374, 76.56674194335938], "forward_backward_time_ms": 4716.715567016599}, "execution_memory": {"layer_memory_total_mb": [756.0, 673.275390625, 673.275390625, 673.275390625, 673.275390625, 673.275390625, 673.275390625, 673.275390625, 673.275390625, 673.275390625, 673.275390625, 673.275390625, 673.275390625, 673.275390625, 673.275390625, 673.275390625, 673.275390625, 673.275390625, 673.275390625, 673.275390625, 673.275390625, 673.275390625, 673.275390625, 673.275390625, 673.275390625, 2164.0], "total_memory": 19078.609375}}