{"model": {"model_name": "GPT_350M", "num_layers": 26, "parameters": {"total_parameters_bytes": 407166976, "parameters_per_layer_bytes": [52428800, 12596224, 12596224, 12596224, 12596224, 12596224, 12596224, 12596224, 12596224, 12596224, 12596224, 12596224, 12596224, 12596224, 12596224, 12596224, 12596224, 12596224, 12596224, 12596224, 12596224, 12596224, 12596224, 12596224, 12596224, 52428800]}}, "execution_time": {"batch_generator_time_ms": 0, "optimizer_time_ms": 0, "layer_compute_total_ms": [8.350105667114258, 134.7809295654297, 134.7809295654297, 134.7809295654297, 134.7809295654297, 134.7809295654297, 134.7809295654297, 134.7809295654297, 134.7809295654297, 134.7809295654297, 134.7809295654297, 134.7809295654297, 134.7809295654297, 134.7809295654297, 134.7809295654297, 134.7809295654297, 134.7809295654297, 134.7809295654297, 134.7809295654297, 134.7809295654297, 134.7809295654297, 134.7809295654297, 134.7809295654297, 134.7809295654297, 134.7809295654297, 20000.0], "forward_backward_time_ms": 23243.09241523743}, "execution_memory": {"layer_memory_total_mb": [1684.0, 2636.25, 2636.25, 2636.25, 2636.25, 2636.25, 2636.25, 2636.25, 2636.25, 2636.25, 2636.25, 2636.25, 2636.25, 2636.25, 2636.25, 2636.25, 2636.25, 2636.25, 2636.25, 2636.25, 2636.25, 2636.25, 2636.25, 2636.25, 2636.25, 110000000.0], "total_memory": 110064954.0}}