{"model": {"model_name": "GPT_350M", "num_layers": 26, "parameters": {"total_parameters_bytes": 407166976, "parameters_per_layer_bytes": [52428800, 12596224, 12596224, 12596224, 12596224, 12596224, 12596224, 12596224, 12596224, 12596224, 12596224, 12596224, 12596224, 12596224, 12596224, 12596224, 12596224, 12596224, 12596224, 12596224, 12596224, 12596224, 12596224, 12596224, 12596224, 52428800]}}, "execution_time": {"batch_generator_time_ms": 0, "optimizer_time_ms": 0, "layer_compute_total_ms": [131.52399291992188, 375.02423095703125, 375.02423095703125, 375.02423095703125, 375.02423095703125, 375.02423095703125, 375.02423095703125, 375.02423095703125, 375.02423095703125, 375.02423095703125, 375.02423095703125, 375.02423095703125, 375.02423095703125, 375.02423095703125, 375.02423095703125, 375.02423095703125, 375.02423095703125, 375.02423095703125, 375.02423095703125, 375.02423095703125, 375.02423095703125, 375.02423095703125, 375.02423095703125, 375.02423095703125, 375.02423095703125, 258.243798828125], "forward_backward_time_ms": 9390.349334716797}, "execution_memory": {"layer_memory_total_mb": [1184.0, 1213.1259765625, 1213.1259765625, 1213.1259765625, 1213.1259765625, 1213.1259765625, 1213.1259765625, 1213.1259765625, 1213.1259765625, 1213.1259765625, 1213.1259765625, 1213.1259765625, 1213.1259765625, 1213.1259765625, 1213.1259765625, 1213.1259765625, 1213.1259765625, 1213.1259765625, 1213.1259765625, 1213.1259765625, 1213.1259765625, 1213.1259765625, 1213.1259765625, 1213.1259765625, 1213.1259765625, 8498.0], "total_memory": 38797.0234375}}