{"model": {"model_name": "GPT_350M", "num_layers": 26, "parameters": {"total_parameters_bytes": 407166976, "parameters_per_layer_bytes": [52428800, 12596224, 12596224, 12596224, 12596224, 12596224, 12596224, 12596224, 12596224, 12596224, 12596224, 12596224, 12596224, 12596224, 12596224, 12596224, 12596224, 12596224, 12596224, 12596224, 12596224, 12596224, 12596224, 12596224, 12596224, 52428800]}}, "execution_time": {"batch_generator_time_ms": 0, "optimizer_time_ms": 0, "layer_compute_total_ms": [38.705152893066405, 99.55163879394532, 99.55163879394532, 99.55163879394532, 99.55163879394532, 99.55163879394532, 99.55163879394532, 99.55163879394532, 99.55163879394532, 99.55163879394532, 99.55163879394532, 99.55163879394532, 99.55163879394532, 99.55163879394532, 99.55163879394532, 99.55163879394532, 99.55163879394532, 99.55163879394532, 99.55163879394532, 99.55163879394532, 99.55163879394532, 99.55163879394532, 99.55163879394532, 99.55163879394532, 99.55163879394532, 56.10086669921874], "forward_backward_time_ms": 2484.0453506469726}, "execution_memory": {"layer_memory_total_mb": [524.0, 611.5126953125, 611.5126953125, 611.5126953125, 611.5126953125, 611.5126953125, 611.5126953125, 611.5126953125, 611.5126953125, 611.5126953125, 611.5126953125, 611.5126953125, 611.5126953125, 611.5126953125, 611.5126953125, 611.5126953125, 611.5126953125, 611.5126953125, 611.5126953125, 611.5126953125, 611.5126953125, 611.5126953125, 611.5126953125, 611.5126953125, 611.5126953125, 1100.0], "total_memory": 16300.3046875}}