{"model": {"model_name": "GPT_350M", "num_layers": 26, "parameters": {"total_parameters_bytes": 407166976, "parameters_per_layer_bytes": [52428800, 12596224, 12596224, 12596224, 12596224, 12596224, 12596224, 12596224, 12596224, 12596224, 12596224, 12596224, 12596224, 12596224, 12596224, 12596224, 12596224, 12596224, 12596224, 12596224, 12596224, 12596224, 12596224, 12596224, 12596224, 52428800]}}, "execution_time": {"batch_generator_time_ms": 0, "optimizer_time_ms": 0, "layer_compute_total_ms": [79.90599670410157, 197.82058715820312, 197.82058715820312, 197.82058715820312, 197.82058715820312, 197.82058715820312, 197.82058715820312, 197.82058715820312, 197.82058715820312, 197.82058715820312, 197.82058715820312, 197.82058715820312, 197.82058715820312, 197.82058715820312, 197.82058715820312, 197.82058715820312, 197.82058715820312, 197.82058715820312, 197.82058715820312, 197.82058715820312, 197.82058715820312, 197.82058715820312, 197.82058715820312, 197.82058715820312, 197.82058715820312, 109.277392578125], "forward_backward_time_ms": 4936.877481079101}, "execution_memory": {"layer_memory_total_mb": [756.0, 673.275390625, 673.275390625, 673.275390625, 673.275390625, 673.275390625, 673.275390625, 673.275390625, 673.275390625, 673.275390625, 673.275390625, 673.275390625, 673.275390625, 673.275390625, 673.275390625, 673.275390625, 673.275390625, 673.275390625, 673.275390625, 673.275390625, 673.275390625, 673.275390625, 673.275390625, 673.275390625, 673.275390625, 2166.0], "total_memory": 19080.609375}}