{"model": {"model_name": "GPT_350M", "num_layers": 26, "parameters": {"total_parameters_bytes": 407166976, "parameters_per_layer_bytes": [52428800, 12596224, 12596224, 12596224, 12596224, 12596224, 12596224, 12596224, 12596224, 12596224, 12596224, 12596224, 12596224, 12596224, 12596224, 12596224, 12596224, 12596224, 12596224, 12596224, 12596224, 12596224, 12596224, 12596224, 12596224, 52428800]}}, "execution_time": {"batch_generator_time_ms": 0, "optimizer_time_ms": 0, "layer_compute_total_ms": [1.5558656215667723, 19.496550369262696, 19.496550369262696, 19.496550369262696, 19.496550369262696, 19.496550369262696, 19.496550369262696, 19.496550369262696, 19.496550369262696, 19.496550369262696, 19.496550369262696, 19.496550369262696, 19.496550369262696, 19.496550369262696, 19.496550369262696, 19.496550369262696, 19.496550369262696, 19.496550369262696, 19.496550369262696, 19.496550369262696, 19.496550369262696, 19.496550369262696, 19.496550369262696, 19.496550369262696, 19.496550369262696, 85.65227661132812], "forward_backward_time_ms": 555.1253510951998}, "execution_memory": {"layer_memory_total_mb": [1436.0, 1522.125, 1522.125, 1522.125, 1522.125, 1522.125, 1522.125, 1522.125, 1522.125, 1522.125, 1522.125, 1522.125, 1522.125, 1522.125, 1522.125, 1522.125, 1522.125, 1522.125, 1522.125, 1522.125, 1522.125, 1522.125, 1522.125, 1522.125, 1522.125, 8800.0], "total_memory": 46767.0}}