{"model": {"model_name": "GPT_350M", "num_layers": 26, "parameters": {"total_parameters_bytes": 407166976, "parameters_per_layer_bytes": [52428800, 12596224, 12596224, 12596224, 12596224, 12596224, 12596224, 12596224, 12596224, 12596224, 12596224, 12596224, 12596224, 12596224, 12596224, 12596224, 12596224, 12596224, 12596224, 12596224, 12596224, 12596224, 12596224, 12596224, 12596224, 52428800]}}, "execution_time": {"batch_generator_time_ms": 0, "optimizer_time_ms": 0, "layer_compute_total_ms": [174.04784545898437, 506.395458984375, 506.395458984375, 506.395458984375, 506.395458984375, 506.395458984375, 506.395458984375, 506.395458984375, 506.395458984375, 506.395458984375, 506.395458984375, 506.395458984375, 506.395458984375, 506.395458984375, 506.395458984375, 506.395458984375, 506.395458984375, 506.395458984375, 506.395458984375, 506.395458984375, 506.395458984375, 506.395458984375, 506.395458984375, 506.395458984375, 506.395458984375, 203.28406982421876], "forward_backward_time_ms": 12530.822930908198}, "execution_memory": {"layer_memory_total_mb": [920.0, 804.5634765625, 804.5634765625, 804.5634765625, 804.5634765625, 804.5634765625, 804.5634765625, 804.5634765625, 804.5634765625, 804.5634765625, 804.5634765625, 804.5634765625, 804.5634765625, 804.5634765625, 804.5634765625, 804.5634765625, 804.5634765625, 804.5634765625, 804.5634765625, 804.5634765625, 804.5634765625, 804.5634765625, 804.5634765625, 804.5634765625, 804.5634765625, 4266.0], "total_memory": 24495.5234375}}