{"model": {"model_name": "GPT_350M", "num_layers": 26, "parameters": {"total_parameters_bytes": 407166976, "parameters_per_layer_bytes": [52428800, 12596224, 12596224, 12596224, 12596224, 12596224, 12596224, 12596224, 12596224, 12596224, 12596224, 12596224, 12596224, 12596224, 12596224, 12596224, 12596224, 12596224, 12596224, 12596224, 12596224, 12596224, 12596224, 12596224, 12596224, 52428800]}}, "execution_time": {"batch_generator_time_ms": 0, "optimizer_time_ms": 0, "layer_compute_total_ms": [28.00926742553711, 62.70054321289062, 62.70054321289062, 62.70054321289062, 62.70054321289062, 62.70054321289062, 62.70054321289062, 62.70054321289062, 62.70054321289062, 62.70054321289062, 62.70054321289062, 62.70054321289062, 62.70054321289062, 62.70054321289062, 62.70054321289062, 62.70054321289062, 62.70054321289062, 62.70054321289062, 62.70054321289062, 62.70054321289062, 62.70054321289062, 62.70054321289062, 62.70054321289062, 62.70054321289062, 62.70054321289062, 70.59190063476562], "forward_backward_time_ms": 1603.414205169677}, "execution_memory": {"layer_memory_total_mb": [676.0, 732.03125, 732.03125, 732.03125, 732.03125, 732.03125, 732.03125, 732.03125, 732.03125, 732.03125, 732.03125, 732.03125, 732.03125, 732.03125, 732.03125, 732.03125, 732.03125, 732.03125, 732.03125, 732.03125, 732.03125, 732.03125, 732.03125, 732.03125, 732.03125, 2200.0], "total_memory": 20444.75}}