{"model": {"model_name": "GPT_350M", "num_layers": 26, "parameters": {"total_parameters_bytes": 407166976, "parameters_per_layer_bytes": [52428800, 12596224, 12596224, 12596224, 12596224, 12596224, 12596224, 12596224, 12596224, 12596224, 12596224, 12596224, 12596224, 12596224, 12596224, 12596224, 12596224, 12596224, 12596224, 12596224, 12596224, 12596224, 12596224, 12596224, 12596224, 52428800]}}, "execution_time": {"batch_generator_time_ms": 0, "optimizer_time_ms": 0, "layer_compute_total_ms": [84.10705871582032, 254.21435546875, 254.21435546875, 254.21435546875, 254.21435546875, 254.21435546875, 254.21435546875, 254.21435546875, 254.21435546875, 254.21435546875, 254.21435546875, 254.21435546875, 254.21435546875, 254.21435546875, 254.21435546875, 254.21435546875, 254.21435546875, 254.21435546875, 254.21435546875, 254.21435546875, 254.21435546875, 254.21435546875, 254.21435546875, 254.21435546875, 254.21435546875, 102.9623779296875], "forward_backward_time_ms": 6288.213967895507}, "execution_memory": {"layer_memory_total_mb": [676.0, 732.03125, 732.03125, 732.03125, 732.03125, 732.03125, 732.03125, 732.03125, 732.03125, 732.03125, 732.03125, 732.03125, 732.03125, 732.03125, 732.03125, 732.03125, 732.03125, 732.03125, 732.03125, 732.03125, 732.03125, 732.03125, 732.03125, 732.03125, 732.03125, 2202.0], "total_memory": 20446.75}}