{"model": {"model_name": "GPT_350M", "num_layers": 26, "parameters": {"total_parameters_bytes": 407166976, "parameters_per_layer_bytes": [52428800, 12596224, 12596224, 12596224, 12596224, 12596224, 12596224, 12596224, 12596224, 12596224, 12596224, 12596224, 12596224, 12596224, 12596224, 12596224, 12596224, 12596224, 12596224, 12596224, 12596224, 12596224, 12596224, 12596224, 12596224, 52428800]}}, "execution_time": {"batch_generator_time_ms": 0, "optimizer_time_ms": 0, "layer_compute_total_ms": [94.50270385742188, 287.4517456054688, 287.4517456054688, 287.4517456054688, 287.4517456054688, 287.4517456054688, 287.4517456054688, 287.4517456054688, 287.4517456054688, 287.4517456054688, 287.4517456054688, 287.4517456054688, 287.4517456054688, 287.4517456054688, 287.4517456054688, 287.4517456054688, 287.4517456054688, 287.4517456054688, 287.4517456054688, 287.4517456054688, 287.4517456054688, 287.4517456054688, 287.4517456054688, 287.4517456054688, 287.4517456054688, 99.44575805664063], "forward_backward_time_ms": 7092.790356445315}, "execution_memory": {"layer_memory_total_mb": [524.0, 611.5126953125, 611.5126953125, 611.5126953125, 611.5126953125, 611.5126953125, 611.5126953125, 611.5126953125, 611.5126953125, 611.5126953125, 611.5126953125, 611.5126953125, 611.5126953125, 611.5126953125, 611.5126953125, 611.5126953125, 611.5126953125, 611.5126953125, 611.5126953125, 611.5126953125, 611.5126953125, 611.5126953125, 611.5126953125, 611.5126953125, 611.5126953125, 1102.0], "total_memory": 16302.3046875}}