{"model": {"model_name": "GPT_350M", "num_layers": 26, "parameters": {"total_parameters_bytes": 407166976, "parameters_per_layer_bytes": [52428800, 12596224, 12596224, 12596224, 12596224, 12596224, 12596224, 12596224, 12596224, 12596224, 12596224, 12596224, 12596224, 12596224, 12596224, 12596224, 12596224, 12596224, 12596224, 12596224, 12596224, 12596224, 12596224, 12596224, 12596224, 52428800]}}, "execution_time": {"batch_generator_time_ms": 0, "optimizer_time_ms": 0, "layer_compute_total_ms": [187.33895263671874, 572.8518310546875, 572.8518310546875, 572.8518310546875, 572.8518310546875, 572.8518310546875, 572.8518310546875, 572.8518310546875, 572.8518310546875, 572.8518310546875, 572.8518310546875, 572.8518310546875, 572.8518310546875, 572.8518310546875, 572.8518310546875, 572.8518310546875, 572.8518310546875, 572.8518310546875, 572.8518310546875, 572.8518310546875, 572.8518310546875, 572.8518310546875, 572.8518310546875, 572.8518310546875, 572.8518310546875, 197.44625244140624], "forward_backward_time_ms": 14133.22915039063}, "execution_memory": {"layer_memory_total_mb": [756.0, 673.275390625, 673.275390625, 673.275390625, 673.275390625, 673.275390625, 673.275390625, 673.275390625, 673.275390625, 673.275390625, 673.275390625, 673.275390625, 673.275390625, 673.275390625, 673.275390625, 673.275390625, 673.275390625, 673.275390625, 673.275390625, 673.275390625, 673.275390625, 673.275390625, 673.275390625, 673.275390625, 673.275390625, 2166.0], "total_memory": 19080.609375}}