{"model": {"model_name": "GPT_350M", "num_layers": 26, "parameters": {"total_parameters_bytes": 407166976, "parameters_per_layer_bytes": [52428800, 12596224, 12596224, 12596224, 12596224, 12596224, 12596224, 12596224, 12596224, 12596224, 12596224, 12596224, 12596224, 12596224, 12596224, 12596224, 12596224, 12596224, 12596224, 12596224, 12596224, 12596224, 12596224, 12596224, 12596224, 52428800]}}, "execution_time": {"batch_generator_time_ms": 0, "optimizer_time_ms": 0, "layer_compute_total_ms": [29.07340850830078, 73.82445983886718, 73.82445983886718, 73.82445983886718, 73.82445983886718, 73.82445983886718, 73.82445983886718, 73.82445983886718, 73.82445983886718, 73.82445983886718, 73.82445983886718, 73.82445983886718, 73.82445983886718, 73.82445983886718, 73.82445983886718, 73.82445983886718, 73.82445983886718, 73.82445983886718, 73.82445983886718, 73.82445983886718, 73.82445983886718, 73.82445983886718, 73.82445983886718, 73.82445983886718, 73.82445983886718, 132.27093505859375], "forward_backward_time_ms": 1933.1313796997063}, "execution_memory": {"layer_memory_total_mb": [920.0, 620.6259765625, 620.6259765625, 620.6259765625, 620.6259765625, 620.6259765625, 620.6259765625, 620.6259765625, 620.6259765625, 620.6259765625, 620.6259765625, 620.6259765625, 620.6259765625, 620.6259765625, 620.6259765625, 620.6259765625, 620.6259765625, 620.6259765625, 620.6259765625, 620.6259765625, 620.6259765625, 620.6259765625, 620.6259765625, 620.6259765625, 620.6259765625, 4400.0], "total_memory": 20215.0234375}}