{"model": {"model_name": "GPT_350M", "num_layers": 26, "parameters": {"total_parameters_bytes": 407166976, "parameters_per_layer_bytes": [52428800, 12596224, 12596224, 12596224, 12596224, 12596224, 12596224, 12596224, 12596224, 12596224, 12596224, 12596224, 12596224, 12596224, 12596224, 12596224, 12596224, 12596224, 12596224, 12596224, 12596224, 12596224, 12596224, 12596224, 12596224, 52428800]}}, "execution_time": {"batch_generator_time_ms": 0, "optimizer_time_ms": 0, "layer_compute_total_ms": [48.19087371826171, 114.23068237304688, 114.23068237304688, 114.23068237304688, 114.23068237304688, 114.23068237304688, 114.23068237304688, 114.23068237304688, 114.23068237304688, 114.23068237304688, 114.23068237304688, 114.23068237304688, 114.23068237304688, 114.23068237304688, 114.23068237304688, 114.23068237304688, 114.23068237304688, 114.23068237304688, 114.23068237304688, 114.23068237304688, 114.23068237304688, 114.23068237304688, 114.23068237304688, 114.23068237304688, 114.23068237304688, 109.46068115234375], "forward_backward_time_ms": 2899.18793182373}, "execution_memory": {"layer_memory_total_mb": [1184.0, 1246.125, 1246.125, 1246.125, 1246.125, 1246.125, 1246.125, 1246.125, 1246.125, 1246.125, 1246.125, 1246.125, 1246.125, 1246.125, 1246.125, 1246.125, 1246.125, 1246.125, 1246.125, 1246.125, 1246.125, 1246.125, 1246.125, 1246.125, 1246.125, 8496.0], "total_memory": 39587.0}}