{"model": {"model_name": "GPT_350M", "num_layers": 26, "parameters": {"total_parameters_bytes": 407166976, "parameters_per_layer_bytes": [52428800, 12596224, 12596224, 12596224, 12596224, 12596224, 12596224, 12596224, 12596224, 12596224, 12596224, 12596224, 12596224, 12596224, 12596224, 12596224, 12596224, 12596224, 12596224, 12596224, 12596224, 12596224, 12596224, 12596224, 12596224, 52428800]}}, "execution_time": {"batch_generator_time_ms": 0, "optimizer_time_ms": 0, "layer_compute_total_ms": [32.4642822265625, 96.08744201660156, 96.08744201660156, 96.08744201660156, 96.08744201660156, 96.08744201660156, 96.08744201660156, 96.08744201660156, 96.08744201660156, 96.08744201660156, 96.08744201660156, 96.08744201660156, 96.08744201660156, 96.08744201660156, 96.08744201660156, 96.08744201660156, 96.08744201660156, 96.08744201660156, 96.08744201660156, 96.08744201660156, 96.08744201660156, 96.08744201660156, 96.08744201660156, 96.08744201660156, 96.08744201660156, 39.090789794921875], "forward_backward_time_ms": 2377.653680419921}, "execution_memory": {"layer_memory_total_mb": [524.0, 611.5126953125, 611.5126953125, 611.5126953125, 611.5126953125, 611.5126953125, 611.5126953125, 611.5126953125, 611.5126953125, 611.5126953125, 611.5126953125, 611.5126953125, 611.5126953125, 611.5126953125, 611.5126953125, 611.5126953125, 611.5126953125, 611.5126953125, 611.5126953125, 611.5126953125, 611.5126953125, 611.5126953125, 611.5126953125, 611.5126953125, 611.5126953125, 1100.0], "total_memory": 16300.3046875}}