{"model": {"model_name": "GPT_350M", "num_layers": 26, "parameters": {"total_parameters_bytes": 407166976, "parameters_per_layer_bytes": [52428800, 12596224, 12596224, 12596224, 12596224, 12596224, 12596224, 12596224, 12596224, 12596224, 12596224, 12596224, 12596224, 12596224, 12596224, 12596224, 12596224, 12596224, 12596224, 12596224, 12596224, 12596224, 12596224, 12596224, 12596224, 52428800]}}, "execution_time": {"batch_generator_time_ms": 0, "optimizer_time_ms": 0, "layer_compute_total_ms": [64.06205444335937, 186.1888000488281, 186.1888000488281, 186.1888000488281, 186.1888000488281, 186.1888000488281, 186.1888000488281, 186.1888000488281, 186.1888000488281, 186.1888000488281, 186.1888000488281, 186.1888000488281, 186.1888000488281, 186.1888000488281, 186.1888000488281, 186.1888000488281, 186.1888000488281, 186.1888000488281, 186.1888000488281, 186.1888000488281, 186.1888000488281, 186.1888000488281, 186.1888000488281, 186.1888000488281, 186.1888000488281, 129.8380859375], "forward_backward_time_ms": 4662.431341552732}, "execution_memory": {"layer_memory_total_mb": [920.0, 636.6259765625, 636.6259765625, 636.6259765625, 636.6259765625, 636.6259765625, 636.6259765625, 636.6259765625, 636.6259765625, 636.6259765625, 636.6259765625, 636.6259765625, 636.6259765625, 636.6259765625, 636.6259765625, 636.6259765625, 636.6259765625, 636.6259765625, 636.6259765625, 636.6259765625, 636.6259765625, 636.6259765625, 636.6259765625, 636.6259765625, 636.6259765625, 4402.0], "total_memory": 20601.0234375}}