{"model": {"model_name": "GPT_350M", "num_layers": 26, "parameters": {"total_parameters_bytes": 407166976, "parameters_per_layer_bytes": [52428800, 12596224, 12596224, 12596224, 12596224, 12596224, 12596224, 12596224, 12596224, 12596224, 12596224, 12596224, 12596224, 12596224, 12596224, 12596224, 12596224, 12596224, 12596224, 12596224, 12596224, 12596224, 12596224, 12596224, 12596224, 52428800]}}, "execution_time": {"batch_generator_time_ms": 0, "optimizer_time_ms": 0, "layer_compute_total_ms": [20.695244598388673, 55.45513000488281, 55.45513000488281, 55.45513000488281, 55.45513000488281, 55.45513000488281, 55.45513000488281, 55.45513000488281, 55.45513000488281, 55.45513000488281, 55.45513000488281, 55.45513000488281, 55.45513000488281, 55.45513000488281, 55.45513000488281, 55.45513000488281, 55.45513000488281, 55.45513000488281, 55.45513000488281, 55.45513000488281, 55.45513000488281, 55.45513000488281, 55.45513000488281, 55.45513000488281, 55.45513000488281, 34.933554077148436], "forward_backward_time_ms": 1386.551918792725}, "execution_memory": {"layer_memory_total_mb": [676.0, 658.03125, 658.03125, 658.03125, 658.03125, 658.03125, 658.03125, 658.03125, 658.03125, 658.03125, 658.03125, 658.03125, 658.03125, 658.03125, 658.03125, 658.03125, 658.03125, 658.03125, 658.03125, 658.03125, 658.03125, 658.03125, 658.03125, 658.03125, 658.03125, 2200.0], "total_memory": 18668.75}}