{"model": {"model_name": "GPT_350M", "num_layers": 26, "parameters": {"total_parameters_bytes": 407166976, "parameters_per_layer_bytes": [52428800, 12596224, 12596224, 12596224, 12596224, 12596224, 12596224, 12596224, 12596224, 12596224, 12596224, 12596224, 12596224, 12596224, 12596224, 12596224, 12596224, 12596224, 12596224, 12596224, 12596224, 12596224, 12596224, 12596224, 12596224, 52428800]}}, "execution_time": {"batch_generator_time_ms": 0, "optimizer_time_ms": 0, "layer_compute_total_ms": [4.73395185470581, 68.12507019042968, 68.12507019042968, 68.12507019042968, 68.12507019042968, 68.12507019042968, 68.12507019042968, 68.12507019042968, 68.12507019042968, 68.12507019042968, 68.12507019042968, 68.12507019042968, 68.12507019042968, 68.12507019042968, 68.12507019042968, 68.12507019042968, 68.12507019042968, 68.12507019042968, 68.12507019042968, 68.12507019042968, 68.12507019042968, 68.12507019042968, 68.12507019042968, 68.12507019042968, 68.12507019042968, 243.3617919921875], "forward_backward_time_ms": 1883.0974284172053}, "execution_memory": {"layer_memory_total_mb": [1436.0, 1458.125, 1458.125, 1458.125, 1458.125, 1458.125, 1458.125, 1458.125, 1458.125, 1458.125, 1458.125, 1458.125, 1458.125, 1458.125, 1458.125, 1458.125, 1458.125, 1458.125, 1458.125, 1458.125, 1458.125, 1458.125, 1458.125, 1458.125, 1458.125, 8800.0], "total_memory": 45231.0}}