{"model": {"model_name": "GPT_350M", "num_layers": 26, "parameters": {"total_parameters_bytes": 407166976, "parameters_per_layer_bytes": [52428800, 12596224, 12596224, 12596224, 12596224, 12596224, 12596224, 12596224, 12596224, 12596224, 12596224, 12596224, 12596224, 12596224, 12596224, 12596224, 12596224, 12596224, 12596224, 12596224, 12596224, 12596224, 12596224, 12596224, 12596224, 52428800]}}, "execution_time": {"batch_generator_time_ms": 0, "optimizer_time_ms": 0, "layer_compute_total_ms": [2.79552001953125, 38.47249984741211, 38.47249984741211, 38.47249984741211, 38.47249984741211, 38.47249984741211, 38.47249984741211, 38.47249984741211, 38.47249984741211, 38.47249984741211, 38.47249984741211, 38.47249984741211, 38.47249984741211, 38.47249984741211, 38.47249984741211, 38.47249984741211, 38.47249984741211, 38.47249984741211, 38.47249984741211, 38.47249984741211, 38.47249984741211, 38.47249984741211, 38.47249984741211, 38.47249984741211, 38.47249984741211, 170.26396484375], "forward_backward_time_ms": 1096.399481201172}, "execution_memory": {"layer_memory_total_mb": [1684.0, 2562.25, 2562.25, 2562.25, 2562.25, 2562.25, 2562.25, 2562.25, 2562.25, 2562.25, 2562.25, 2562.25, 2562.25, 2562.25, 2562.25, 2562.25, 2562.25, 2562.25, 2562.25, 2562.25, 2562.25, 2562.25, 2562.25, 2562.25, 2562.25, 16800.0], "total_memory": 79978.0}}