{"model": {"model_name": "GPT_350M", "num_layers": 26, "parameters": {"total_parameters_bytes": 407166976, "parameters_per_layer_bytes": [52428800, 12596224, 12596224, 12596224, 12596224, 12596224, 12596224, 12596224, 12596224, 12596224, 12596224, 12596224, 12596224, 12596224, 12596224, 12596224, 12596224, 12596224, 12596224, 12596224, 12596224, 12596224, 12596224, 12596224, 12596224, 52428800]}}, "execution_time": {"batch_generator_time_ms": 0, "optimizer_time_ms": 0, "layer_compute_total_ms": [47.14884948730469, 110.47155151367187, 110.47155151367187, 110.47155151367187, 110.47155151367187, 110.47155151367187, 110.47155151367187, 110.47155151367187, 110.47155151367187, 110.47155151367187, 110.47155151367187, 110.47155151367187, 110.47155151367187, 110.47155151367187, 110.47155151367187, 110.47155151367187, 110.47155151367187, 110.47155151367187, 110.47155151367187, 110.47155151367187, 110.47155151367187, 110.47155151367187, 110.47155151367187, 110.47155151367187, 110.47155151367187, 68.3905029296875], "forward_backward_time_ms": 2766.856588745116}, "execution_memory": {"layer_memory_total_mb": [920.0, 676.0625, 676.0625, 676.0625, 676.0625, 676.0625, 676.0625, 676.0625, 676.0625, 676.0625, 676.0625, 676.0625, 676.0625, 676.0625, 676.0625, 676.0625, 676.0625, 676.0625, 676.0625, 676.0625, 676.0625, 676.0625, 676.0625, 676.0625, 676.0625, 4264.0], "total_memory": 21409.5}}