{"model": {"model_name": "GPT_350M", "num_layers": 26, "parameters": {"total_parameters_bytes": 407166976, "parameters_per_layer_bytes": [52428800, 12596224, 12596224, 12596224, 12596224, 12596224, 12596224, 12596224, 12596224, 12596224, 12596224, 12596224, 12596224, 12596224, 12596224, 12596224, 12596224, 12596224, 12596224, 12596224, 12596224, 12596224, 12596224, 12596224, 12596224, 52428800]}}, "execution_time": {"batch_generator_time_ms": 0, "optimizer_time_ms": 0, "layer_compute_total_ms": [2.865356826782227, 60.09118804931641, 60.09118804931641, 60.09118804931641, 60.09118804931641, 60.09118804931641, 60.09118804931641, 60.09118804931641, 60.09118804931641, 60.09118804931641, 60.09118804931641, 60.09118804931641, 60.09118804931641, 60.09118804931641, 60.09118804931641, 60.09118804931641, 60.09118804931641, 60.09118804931641, 60.09118804931641, 60.09118804931641, 60.09118804931641, 60.09118804931641, 60.09118804931641, 60.09118804931641, 60.09118804931641, 166.25274658203125], "forward_backward_time_ms": 1611.3066165924067}, "execution_memory": {"layer_memory_total_mb": [1436.0, 1474.125, 1474.125, 1474.125, 1474.125, 1474.125, 1474.125, 1474.125, 1474.125, 1474.125, 1474.125, 1474.125, 1474.125, 1474.125, 1474.125, 1474.125, 1474.125, 1474.125, 1474.125, 1474.125, 1474.125, 1474.125, 1474.125, 1474.125, 1474.125, 8802.0], "total_memory": 45617.0}}