{"model": {"model_name": "GPT_350M", "num_layers": 26, "parameters": {"total_parameters_bytes": 407166976, "parameters_per_layer_bytes": [52428800, 12596224, 12596224, 12596224, 12596224, 12596224, 12596224, 12596224, 12596224, 12596224, 12596224, 12596224, 12596224, 12596224, 12596224, 12596224, 12596224, 12596224, 12596224, 12596224, 12596224, 12596224, 12596224, 12596224, 12596224, 52428800]}}, "execution_time": {"batch_generator_time_ms": 0, "optimizer_time_ms": 0, "layer_compute_total_ms": [140.11760864257812, 388.503955078125, 388.503955078125, 388.503955078125, 388.503955078125, 388.503955078125, 388.503955078125, 388.503955078125, 388.503955078125, 388.503955078125, 388.503955078125, 388.503955078125, 388.503955078125, 388.503955078125, 388.503955078125, 388.503955078125, 388.503955078125, 388.503955078125, 388.503955078125, 388.503955078125, 388.503955078125, 388.503955078125, 388.503955078125, 388.503955078125, 388.503955078125, 152.75888671875], "forward_backward_time_ms": 9616.971417236327}, "execution_memory": {"layer_memory_total_mb": [1474.0, 988.0625, 988.0625, 988.0625, 988.0625, 988.0625, 988.0625, 988.0625, 988.0625, 988.0625, 988.0625, 988.0625, 988.0625, 988.0625, 988.0625, 988.0625, 988.0625, 988.0625, 988.0625, 988.0625, 988.0625, 988.0625, 988.0625, 988.0625, 988.0625, 4230.0], "total_memory": 29417.5}}