{"model": {"model_name": "GPT_350M", "num_layers": 26, "parameters": {"total_parameters_bytes": 407166976, "parameters_per_layer_bytes": [52428800, 12596224, 12596224, 12596224, 12596224, 12596224, 12596224, 12596224, 12596224, 12596224, 12596224, 12596224, 12596224, 12596224, 12596224, 12596224, 12596224, 12596224, 12596224, 12596224, 12596224, 12596224, 12596224, 12596224, 12596224, 52428800]}}, "execution_time": {"batch_generator_time_ms": 0, "optimizer_time_ms": 0, "layer_compute_total_ms": [351.8324829101563, 1051.320556640625, 1051.320556640625, 1051.320556640625, 1051.320556640625, 1051.320556640625, 1051.320556640625, 1051.320556640625, 1051.320556640625, 1051.320556640625, 1051.320556640625, 1051.320556640625, 1051.320556640625, 1051.320556640625, 1051.320556640625, 1051.320556640625, 1051.320556640625, 1051.320556640625, 1051.320556640625, 1051.320556640625, 1051.320556640625, 1051.320556640625, 1051.320556640625, 1051.320556640625, 1051.320556640625, 407.868017578125], "forward_backward_time_ms": 25991.39385986328}, "execution_memory": {"layer_memory_total_mb": [1574.0, 1276.125, 1276.125, 1276.125, 1276.125, 1276.125, 1276.125, 1276.125, 1276.125, 1276.125, 1276.125, 1276.125, 1276.125, 1276.125, 1276.125, 1276.125, 1276.125, 1276.125, 1276.125, 1276.125, 1276.125, 1276.125, 1276.125, 1276.125, 1276.125, 8332.0], "total_memory": 40533.0}}