{"model": {"model_name": "GPT_350M", "num_layers": 26, "parameters": {"total_parameters_bytes": 407166976, "parameters_per_layer_bytes": [52428800, 12596224, 12596224, 12596224, 12596224, 12596224, 12596224, 12596224, 12596224, 12596224, 12596224, 12596224, 12596224, 12596224, 12596224, 12596224, 12596224, 12596224, 12596224, 12596224, 12596224, 12596224, 12596224, 12596224, 12596224, 52428800]}}, "execution_time": {"batch_generator_time_ms": 0, "optimizer_time_ms": 0, "layer_compute_total_ms": [383.2629150390625, 1163.6201171875, 1163.6201171875, 1163.6201171875, 1163.6201171875, 1163.6201171875, 1163.6201171875, 1163.6201171875, 1163.6201171875, 1163.6201171875, 1163.6201171875, 1163.6201171875, 1163.6201171875, 1163.6201171875, 1163.6201171875, 1163.6201171875, 1163.6201171875, 1163.6201171875, 1163.6201171875, 1163.6201171875, 1163.6201171875, 1163.6201171875, 1163.6201171875, 1163.6201171875, 1163.6201171875, 394.701806640625], "forward_backward_time_ms": 28704.847534179688}, "execution_memory": {"layer_memory_total_mb": [1474.0, 880.0625, 880.0625, 880.0625, 880.0625, 880.0625, 880.0625, 880.0625, 880.0625, 880.0625, 880.0625, 880.0625, 880.0625, 880.0625, 880.0625, 880.0625, 880.0625, 880.0625, 880.0625, 880.0625, 880.0625, 880.0625, 880.0625, 880.0625, 880.0625, 4232.0], "total_memory": 26827.5}}