{"model": {"model_name": "GPT_350M", "num_layers": 26, "parameters": {"total_parameters_bytes": 407166976, "parameters_per_layer_bytes": [52428800, 12596224, 12596224, 12596224, 12596224, 12596224, 12596224, 12596224, 12596224, 12596224, 12596224, 12596224, 12596224, 12596224, 12596224, 12596224, 12596224, 12596224, 12596224, 12596224, 12596224, 12596224, 12596224, 12596224, 12596224, 52428800]}}, "execution_time": {"batch_generator_time_ms": 0, "optimizer_time_ms": 0, "layer_compute_total_ms": [174.1475830078125, 525.022021484375, 525.022021484375, 525.022021484375, 525.022021484375, 525.022021484375, 525.022021484375, 525.022021484375, 525.022021484375, 525.022021484375, 525.022021484375, 525.022021484375, 525.022021484375, 525.022021484375, 525.022021484375, 525.022021484375, 525.022021484375, 525.022021484375, 525.022021484375, 525.022021484375, 525.022021484375, 525.022021484375, 525.022021484375, 525.022021484375, 525.022021484375, 204.59273681640624], "forward_backward_time_ms": 12979.268835449224}, "execution_memory": {"layer_memory_total_mb": [1112.0, 676.0625, 676.0625, 676.0625, 676.0625, 676.0625, 676.0625, 676.0625, 676.0625, 676.0625, 676.0625, 676.0625, 676.0625, 676.0625, 676.0625, 676.0625, 676.0625, 676.0625, 676.0625, 676.0625, 676.0625, 676.0625, 676.0625, 676.0625, 676.0625, 4202.0], "total_memory": 21539.5}}