{"model": {"model_name": "GPT_350M", "num_layers": 26, "parameters": {"total_parameters_bytes": 407166976, "parameters_per_layer_bytes": [52428800, 12596224, 12596224, 12596224, 12596224, 12596224, 12596224, 12596224, 12596224, 12596224, 12596224, 12596224, 12596224, 12596224, 12596224, 12596224, 12596224, 12596224, 12596224, 12596224, 12596224, 12596224, 12596224, 12596224, 12596224, 52428800]}}, "execution_time": {"batch_generator_time_ms": 0, "optimizer_time_ms": 0, "layer_compute_total_ms": [121.34728698730468, 371.7349365234375, 371.7349365234375, 371.7349365234375, 371.7349365234375, 371.7349365234375, 371.7349365234375, 371.7349365234375, 371.7349365234375, 371.7349365234375, 371.7349365234375, 371.7349365234375, 371.7349365234375, 371.7349365234375, 371.7349365234375, 371.7349365234375, 371.7349365234375, 371.7349365234375, 371.7349365234375, 371.7349365234375, 371.7349365234375, 371.7349365234375, 371.7349365234375, 371.7349365234375, 371.7349365234375, 20000.0], "forward_backward_time_ms": 29042.985763549805}, "execution_memory": {"layer_memory_total_mb": [1966.0, 2240.25, 2240.25, 2240.25, 2240.25, 2240.25, 2240.25, 2240.25, 2240.25, 2240.25, 2240.25, 2240.25, 2240.25, 2240.25, 2240.25, 2240.25, 2240.25, 2240.25, 2240.25, 2240.25, 2240.25, 2240.25, 2240.25, 2240.25, 2240.25, 110000000.0], "total_memory": 110055732.0}}