{"model": {"model_name": "GPT_350M", "num_layers": 26, "parameters": {"total_parameters_bytes": 407166976, "parameters_per_layer_bytes": [52428800, 12596224, 12596224, 12596224, 12596224, 12596224, 12596224, 12596224, 12596224, 12596224, 12596224, 12596224, 12596224, 12596224, 12596224, 12596224, 12596224, 12596224, 12596224, 12596224, 12596224, 12596224, 12596224, 12596224, 12596224, 52428800]}}, "execution_time": {"batch_generator_time_ms": 0, "optimizer_time_ms": 0, "layer_compute_total_ms": [264.6943725585937, 834.1849609375, 834.1849609375, 834.1849609375, 834.1849609375, 834.1849609375, 834.1849609375, 834.1849609375, 834.1849609375, 834.1849609375, 834.1849609375, 834.1849609375, 834.1849609375, 834.1849609375, 834.1849609375, 834.1849609375, 834.1849609375, 834.1849609375, 834.1849609375, 834.1849609375, 834.1849609375, 834.1849609375, 834.1849609375, 834.1849609375, 834.1849609375, 20000.0], "forward_backward_time_ms": 40285.1334350586}, "execution_memory": {"layer_memory_total_mb": [1966.0, 2240.25, 2240.25, 2240.25, 2240.25, 2240.25, 2240.25, 2240.25, 2240.25, 2240.25, 2240.25, 2240.25, 2240.25, 2240.25, 2240.25, 2240.25, 2240.25, 2240.25, 2240.25, 2240.25, 2240.25, 2240.25, 2240.25, 2240.25, 2240.25, 110000000.0], "total_memory": 110055732.0}}