{"model": {"model_name": "GPT_350M", "num_layers": 26, "parameters": {"total_parameters_bytes": 407166976, "parameters_per_layer_bytes": [52428800, 12596224, 12596224, 12596224, 12596224, 12596224, 12596224, 12596224, 12596224, 12596224, 12596224, 12596224, 12596224, 12596224, 12596224, 12596224, 12596224, 12596224, 12596224, 12596224, 12596224, 12596224, 12596224, 12596224, 12596224, 52428800]}}, "execution_time": {"batch_generator_time_ms": 0, "optimizer_time_ms": 0, "layer_compute_total_ms": [119.35907897949218, 282.81895751953124, 282.81895751953124, 282.81895751953124, 282.81895751953124, 282.81895751953124, 282.81895751953124, 282.81895751953124, 282.81895751953124, 282.81895751953124, 282.81895751953124, 282.81895751953124, 282.81895751953124, 282.81895751953124, 282.81895751953124, 282.81895751953124, 282.81895751953124, 282.81895751953124, 282.81895751953124, 282.81895751953124, 282.81895751953124, 282.81895751953124, 282.81895751953124, 282.81895751953124, 282.81895751953124, 277.05693359375], "forward_backward_time_ms": 7184.070993041989}, "execution_memory": {"layer_memory_total_mb": [1574.0, 1260.125, 1260.125, 1260.125, 1260.125, 1260.125, 1260.125, 1260.125, 1260.125, 1260.125, 1260.125, 1260.125, 1260.125, 1260.125, 1260.125, 1260.125, 1260.125, 1260.125, 1260.125, 1260.125, 1260.125, 1260.125, 1260.125, 1260.125, 1260.125, 8330.0], "total_memory": 40147.0}}