{"model": {"model_name": "GPT_350M", "num_layers": 26, "parameters": {"total_parameters_bytes": 407166976, "parameters_per_layer_bytes": [52428800, 12596224, 12596224, 12596224, 12596224, 12596224, 12596224, 12596224, 12596224, 12596224, 12596224, 12596224, 12596224, 12596224, 12596224, 12596224, 12596224, 12596224, 12596224, 12596224, 12596224, 12596224, 12596224, 12596224, 12596224, 52428800]}}, "execution_time": {"batch_generator_time_ms": 0, "optimizer_time_ms": 0, "layer_compute_total_ms": [79.37720947265625, 206.40379638671874, 206.40379638671874, 206.40379638671874, 206.40379638671874, 206.40379638671874, 206.40379638671874, 206.40379638671874, 206.40379638671874, 206.40379638671874, 206.40379638671874, 206.40379638671874, 206.40379638671874, 206.40379638671874, 206.40379638671874, 206.40379638671874, 206.40379638671874, 206.40379638671874, 206.40379638671874, 206.40379638671874, 206.40379638671874, 206.40379638671874, 206.40379638671874, 206.40379638671874, 206.40379638671874, 111.08331298828125], "forward_backward_time_ms": 5144.151635742185}, "execution_memory": {"layer_memory_total_mb": [1032.0, 465.0244140625, 465.0244140625, 465.0244140625, 465.0244140625, 465.0244140625, 465.0244140625, 465.0244140625, 465.0244140625, 465.0244140625, 465.0244140625, 465.0244140625, 465.0244140625, 465.0244140625, 465.0244140625, 465.0244140625, 465.0244140625, 465.0244140625, 465.0244140625, 465.0244140625, 465.0244140625, 465.0244140625, 465.0244140625, 465.0244140625, 465.0244140625, 2102.0], "total_memory": 14294.5859375}}