{"model": {"model_name": "GPT_350M", "num_layers": 26, "parameters": {"total_parameters_bytes": 407166976, "parameters_per_layer_bytes": [52428800, 12596224, 12596224, 12596224, 12596224, 12596224, 12596224, 12596224, 12596224, 12596224, 12596224, 12596224, 12596224, 12596224, 12596224, 12596224, 12596224, 12596224, 12596224, 12596224, 12596224, 12596224, 12596224, 12596224, 12596224, 52428800]}}, "execution_time": {"batch_generator_time_ms": 0, "optimizer_time_ms": 0, "layer_compute_total_ms": [7.449990272521973, 204.20464172363282, 204.20464172363282, 204.20464172363282, 204.20464172363282, 204.20464172363282, 204.20464172363282, 204.20464172363282, 204.20464172363282, 204.20464172363282, 204.20464172363282, 204.20464172363282, 204.20464172363282, 204.20464172363282, 204.20464172363282, 204.20464172363282, 204.20464172363282, 204.20464172363282, 204.20464172363282, 204.20464172363282, 204.20464172363282, 204.20464172363282, 204.20464172363282, 204.20464172363282, 204.20464172363282, 20000.0], "forward_backward_time_ms": 24908.361391639708}, "execution_memory": {"layer_memory_total_mb": [1872.0, 2144.25, 2144.25, 2144.25, 2144.25, 2144.25, 2144.25, 2144.25, 2144.25, 2144.25, 2144.25, 2144.25, 2144.25, 2144.25, 2144.25, 2144.25, 2144.25, 2144.25, 2144.25, 2144.25, 2144.25, 2144.25, 2144.25, 2144.25, 2144.25, 110000000.0], "total_memory": 110053334.0}}