{"model": {"model_name": "GPT_350M", "num_layers": 26, "parameters": {"total_parameters_bytes": 407166976, "parameters_per_layer_bytes": [52428800, 12596224, 12596224, 12596224, 12596224, 12596224, 12596224, 12596224, 12596224, 12596224, 12596224, 12596224, 12596224, 12596224, 12596224, 12596224, 12596224, 12596224, 12596224, 12596224, 12596224, 12596224, 12596224, 12596224, 12596224, 52428800]}}, "execution_time": {"batch_generator_time_ms": 0, "optimizer_time_ms": 0, "layer_compute_total_ms": [68.09087219238282, 193.93123779296874, 193.93123779296874, 193.93123779296874, 193.93123779296874, 193.93123779296874, 193.93123779296874, 193.93123779296874, 193.93123779296874, 193.93123779296874, 193.93123779296874, 193.93123779296874, 193.93123779296874, 193.93123779296874, 193.93123779296874, 193.93123779296874, 193.93123779296874, 193.93123779296874, 193.93123779296874, 193.93123779296874, 193.93123779296874, 193.93123779296874, 193.93123779296874, 193.93123779296874, 193.93123779296874, 77.764404296875], "forward_backward_time_ms": 4800.204983520508}, "execution_memory": {"layer_memory_total_mb": [1032.0, 465.0244140625, 465.0244140625, 465.0244140625, 465.0244140625, 465.0244140625, 465.0244140625, 465.0244140625, 465.0244140625, 465.0244140625, 465.0244140625, 465.0244140625, 465.0244140625, 465.0244140625, 465.0244140625, 465.0244140625, 465.0244140625, 465.0244140625, 465.0244140625, 465.0244140625, 465.0244140625, 465.0244140625, 465.0244140625, 465.0244140625, 465.0244140625, 2100.0], "total_memory": 14292.5859375}}