{"model": {"model_name": "GPT_350M", "num_layers": 26, "parameters": {"total_parameters_bytes": 407166976, "parameters_per_layer_bytes": [52428800, 12596224, 12596224, 12596224, 12596224, 12596224, 12596224, 12596224, 12596224, 12596224, 12596224, 12596224, 12596224, 12596224, 12596224, 12596224, 12596224, 12596224, 12596224, 12596224, 12596224, 12596224, 12596224, 12596224, 12596224, 52428800]}}, "execution_time": {"batch_generator_time_ms": 0, "optimizer_time_ms": 0, "layer_compute_total_ms": [8.329420852661134, 361.9540954589844, 361.9540954589844, 361.9540954589844, 361.9540954589844, 361.9540954589844, 361.9540954589844, 361.9540954589844, 361.9540954589844, 361.9540954589844, 361.9540954589844, 361.9540954589844, 361.9540954589844, 361.9540954589844, 361.9540954589844, 361.9540954589844, 361.9540954589844, 361.9540954589844, 361.9540954589844, 361.9540954589844, 361.9540954589844, 361.9540954589844, 361.9540954589844, 361.9540954589844, 361.9540954589844, 20000.0], "forward_backward_time_ms": 28695.22771186829}, "execution_memory": {"layer_memory_total_mb": [2364.0, 4224.5, 4224.5, 4224.5, 4224.5, 4224.5, 4224.5, 4224.5, 4224.5, 4224.5, 4224.5, 4224.5, 4224.5, 4224.5, 4224.5, 4224.5, 4224.5, 4224.5, 4224.5, 4224.5, 4224.5, 4224.5, 4224.5, 4224.5, 4224.5, 110000000.0], "total_memory": 110103752.0}}