{"model": {"model_name": "GPT_350M", "num_layers": 26, "parameters": {"total_parameters_bytes": 407166976, "parameters_per_layer_bytes": [52428800, 12596224, 12596224, 12596224, 12596224, 12596224, 12596224, 12596224, 12596224, 12596224, 12596224, 12596224, 12596224, 12596224, 12596224, 12596224, 12596224, 12596224, 12596224, 12596224, 12596224, 12596224, 12596224, 12596224, 12596224, 52428800]}}, "execution_time": {"batch_generator_time_ms": 0, "optimizer_time_ms": 0, "layer_compute_total_ms": [159.76817016601564, 412.1026611328125, 412.1026611328125, 412.1026611328125, 412.1026611328125, 412.1026611328125, 412.1026611328125, 412.1026611328125, 412.1026611328125, 412.1026611328125, 412.1026611328125, 412.1026611328125, 412.1026611328125, 412.1026611328125, 412.1026611328125, 412.1026611328125, 412.1026611328125, 412.1026611328125, 412.1026611328125, 412.1026611328125, 412.1026611328125, 412.1026611328125, 412.1026611328125, 412.1026611328125, 412.1026611328125, 219.6959228515625], "forward_backward_time_ms": 10269.927960205077}, "execution_memory": {"layer_memory_total_mb": [1474.0, 880.0625, 880.0625, 880.0625, 880.0625, 880.0625, 880.0625, 880.0625, 880.0625, 880.0625, 880.0625, 880.0625, 880.0625, 880.0625, 880.0625, 880.0625, 880.0625, 880.0625, 880.0625, 880.0625, 880.0625, 880.0625, 880.0625, 880.0625, 880.0625, 4230.0], "total_memory": 26825.5}}