{"model": {"model_name": "GPT_350M", "num_layers": 26, "parameters": {"total_parameters_bytes": 407166976, "parameters_per_layer_bytes": [52428800, 12596224, 12596224, 12596224, 12596224, 12596224, 12596224, 12596224, 12596224, 12596224, 12596224, 12596224, 12596224, 12596224, 12596224, 12596224, 12596224, 12596224, 12596224, 12596224, 12596224, 12596224, 12596224, 12596224, 12596224, 52428800]}}, "execution_time": {"batch_generator_time_ms": 0, "optimizer_time_ms": 0, "layer_compute_total_ms": [99.06217041015626, 247.77728271484375, 247.77728271484375, 247.77728271484375, 247.77728271484375, 247.77728271484375, 247.77728271484375, 247.77728271484375, 247.77728271484375, 247.77728271484375, 247.77728271484375, 247.77728271484375, 247.77728271484375, 247.77728271484375, 247.77728271484375, 247.77728271484375, 247.77728271484375, 247.77728271484375, 247.77728271484375, 247.77728271484375, 247.77728271484375, 247.77728271484375, 247.77728271484375, 247.77728271484375, 247.77728271484375, 220.37421875], "forward_backward_time_ms": 6266.091174316406}, "execution_memory": {"layer_memory_total_mb": [1966.0, 2240.25, 2240.25, 2240.25, 2240.25, 2240.25, 2240.25, 2240.25, 2240.25, 2240.25, 2240.25, 2240.25, 2240.25, 2240.25, 2240.25, 2240.25, 2240.25, 2240.25, 2240.25, 2240.25, 2240.25, 2240.25, 2240.25, 2240.25, 2240.25, 16594.0], "total_memory": 72326.0}}