{"model": {"model_name": "GPT_350M", "num_layers": 26, "parameters": {"total_parameters_bytes": 407166976, "parameters_per_layer_bytes": [52428800, 12596224, 12596224, 12596224, 12596224, 12596224, 12596224, 12596224, 12596224, 12596224, 12596224, 12596224, 12596224, 12596224, 12596224, 12596224, 12596224, 12596224, 12596224, 12596224, 12596224, 12596224, 12596224, 12596224, 12596224, 52428800]}}, "execution_time": {"batch_generator_time_ms": 0, "optimizer_time_ms": 0, "layer_compute_total_ms": [187.2732177734375, 582.7094482421875, 582.7094482421875, 582.7094482421875, 582.7094482421875, 582.7094482421875, 582.7094482421875, 582.7094482421875, 582.7094482421875, 582.7094482421875, 582.7094482421875, 582.7094482421875, 582.7094482421875, 582.7094482421875, 582.7094482421875, 582.7094482421875, 582.7094482421875, 582.7094482421875, 582.7094482421875, 582.7094482421875, 582.7094482421875, 582.7094482421875, 582.7094482421875, 582.7094482421875, 582.7094482421875, 199.046142578125], "forward_backward_time_ms": 14371.346118164058}, "execution_memory": {"layer_memory_total_mb": [1032.0, 481.0244140625, 481.0244140625, 481.0244140625, 481.0244140625, 481.0244140625, 481.0244140625, 481.0244140625, 481.0244140625, 481.0244140625, 481.0244140625, 481.0244140625, 481.0244140625, 481.0244140625, 481.0244140625, 481.0244140625, 481.0244140625, 481.0244140625, 481.0244140625, 481.0244140625, 481.0244140625, 481.0244140625, 481.0244140625, 481.0244140625, 481.0244140625, 2102.0], "total_memory": 14678.5859375}}