{"model": {"model_name": "GPT_350M", "num_layers": 26, "parameters": {"total_parameters_bytes": 407166976, "parameters_per_layer_bytes": [52428800, 12596224, 12596224, 12596224, 12596224, 12596224, 12596224, 12596224, 12596224, 12596224, 12596224, 12596224, 12596224, 12596224, 12596224, 12596224, 12596224, 12596224, 12596224, 12596224, 12596224, 12596224, 12596224, 12596224, 12596224, 52428800]}}, "execution_time": {"batch_generator_time_ms": 0, "optimizer_time_ms": 0, "layer_compute_total_ms": [96.63549499511718, 230.73546142578124, 230.73546142578124, 230.73546142578124, 230.73546142578124, 230.73546142578124, 230.73546142578124, 230.73546142578124, 230.73546142578124, 230.73546142578124, 230.73546142578124, 230.73546142578124, 230.73546142578124, 230.73546142578124, 230.73546142578124, 230.73546142578124, 230.73546142578124, 230.73546142578124, 230.73546142578124, 230.73546142578124, 230.73546142578124, 230.73546142578124, 230.73546142578124, 230.73546142578124, 230.73546142578124, 136.1471435546875], "forward_backward_time_ms": 5770.433712768552}, "execution_memory": {"layer_memory_total_mb": [1574.0, 1324.125, 1324.125, 1324.125, 1324.125, 1324.125, 1324.125, 1324.125, 1324.125, 1324.125, 1324.125, 1324.125, 1324.125, 1324.125, 1324.125, 1324.125, 1324.125, 1324.125, 1324.125, 1324.125, 1324.125, 1324.125, 1324.125, 1324.125, 1324.125, 8330.0], "total_memory": 41683.0}}