{"model": {"model_name": "GPT_350M", "num_layers": 26, "parameters": {"total_parameters_bytes": 407166976, "parameters_per_layer_bytes": [52428800, 12596224, 12596224, 12596224, 12596224, 12596224, 12596224, 12596224, 12596224, 12596224, 12596224, 12596224, 12596224, 12596224, 12596224, 12596224, 12596224, 12596224, 12596224, 12596224, 12596224, 12596224, 12596224, 12596224, 12596224, 52428800]}}, "execution_time": {"batch_generator_time_ms": 0, "optimizer_time_ms": 0, "layer_compute_total_ms": [60.353126525878906, 185.9676086425781, 185.9676086425781, 185.9676086425781, 185.9676086425781, 185.9676086425781, 185.9676086425781, 185.9676086425781, 185.9676086425781, 185.9676086425781, 185.9676086425781, 185.9676086425781, 185.9676086425781, 185.9676086425781, 185.9676086425781, 185.9676086425781, 185.9676086425781, 185.9676086425781, 185.9676086425781, 185.9676086425781, 185.9676086425781, 185.9676086425781, 185.9676086425781, 185.9676086425781, 185.9676086425781, 265.9725341796875], "forward_backward_time_ms": 4789.54826812744}, "execution_memory": {"layer_memory_total_mb": [1440.0, 1074.125, 1074.125, 1074.125, 1074.125, 1074.125, 1074.125, 1074.125, 1074.125, 1074.125, 1074.125, 1074.125, 1074.125, 1074.125, 1074.125, 1074.125, 1074.125, 1074.125, 1074.125, 1074.125, 1074.125, 1074.125, 1074.125, 1074.125, 1074.125, 8402.0], "total_memory": 35621.0}}