{"model": {"model_name": "GPT_350M", "num_layers": 26, "parameters": {"total_parameters_bytes": 407166976, "parameters_per_layer_bytes": [52428800, 12596224, 12596224, 12596224, 12596224, 12596224, 12596224, 12596224, 12596224, 12596224, 12596224, 12596224, 12596224, 12596224, 12596224, 12596224, 12596224, 12596224, 12596224, 12596224, 12596224, 12596224, 12596224, 12596224, 12596224, 52428800]}}, "execution_time": {"batch_generator_time_ms": 0, "optimizer_time_ms": 0, "layer_compute_total_ms": [57.63501892089844, 139.74261474609375, 139.74261474609375, 139.74261474609375, 139.74261474609375, 139.74261474609375, 139.74261474609375, 139.74261474609375, 139.74261474609375, 139.74261474609375, 139.74261474609375, 139.74261474609375, 139.74261474609375, 139.74261474609375, 139.74261474609375, 139.74261474609375, 139.74261474609375, 139.74261474609375, 139.74261474609375, 139.74261474609375, 139.74261474609375, 139.74261474609375, 139.74261474609375, 139.74261474609375, 139.74261474609375, 139.5982421875], "forward_backward_time_ms": 3551.0560150146484}, "execution_memory": {"layer_memory_total_mb": [1112.0, 660.0625, 660.0625, 660.0625, 660.0625, 660.0625, 660.0625, 660.0625, 660.0625, 660.0625, 660.0625, 660.0625, 660.0625, 660.0625, 660.0625, 660.0625, 660.0625, 660.0625, 660.0625, 660.0625, 660.0625, 660.0625, 660.0625, 660.0625, 660.0625, 4202.0], "total_memory": 21155.5}}