{"model": {"model_name": "GPT_350M", "num_layers": 26, "parameters": {"total_parameters_bytes": 407166976, "parameters_per_layer_bytes": [52428800, 12596224, 12596224, 12596224, 12596224, 12596224, 12596224, 12596224, 12596224, 12596224, 12596224, 12596224, 12596224, 12596224, 12596224, 12596224, 12596224, 12596224, 12596224, 12596224, 12596224, 12596224, 12596224, 12596224, 12596224, 52428800]}}, "execution_time": {"batch_generator_time_ms": 0, "optimizer_time_ms": 0, "layer_compute_total_ms": [47.68358459472656, 124.82354736328125, 124.82354736328125, 124.82354736328125, 124.82354736328125, 124.82354736328125, 124.82354736328125, 124.82354736328125, 124.82354736328125, 124.82354736328125, 124.82354736328125, 124.82354736328125, 124.82354736328125, 124.82354736328125, 124.82354736328125, 124.82354736328125, 124.82354736328125, 124.82354736328125, 124.82354736328125, 124.82354736328125, 124.82354736328125, 124.82354736328125, 124.82354736328125, 124.82354736328125, 124.82354736328125, 110.057470703125], "forward_backward_time_ms": 3153.5061920166017}, "execution_memory": {"layer_memory_total_mb": [1440.0, 1182.125, 1182.125, 1182.125, 1182.125, 1182.125, 1182.125, 1182.125, 1182.125, 1182.125, 1182.125, 1182.125, 1182.125, 1182.125, 1182.125, 1182.125, 1182.125, 1182.125, 1182.125, 1182.125, 1182.125, 1182.125, 1182.125, 1182.125, 1182.125, 8400.0], "total_memory": 38211.0}}