{"model": {"model_name": "GPT_350M", "num_layers": 26, "parameters": {"total_parameters_bytes": 407166976, "parameters_per_layer_bytes": [52428800, 12596224, 12596224, 12596224, 12596224, 12596224, 12596224, 12596224, 12596224, 12596224, 12596224, 12596224, 12596224, 12596224, 12596224, 12596224, 12596224, 12596224, 12596224, 12596224, 12596224, 12596224, 12596224, 12596224, 12596224, 52428800]}}, "execution_time": {"batch_generator_time_ms": 0, "optimizer_time_ms": 0, "layer_compute_total_ms": [2.626355266571045, 58.94533157348633, 58.94533157348633, 58.94533157348633, 58.94533157348633, 58.94533157348633, 58.94533157348633, 58.94533157348633, 58.94533157348633, 58.94533157348633, 58.94533157348633, 58.94533157348633, 58.94533157348633, 58.94533157348633, 58.94533157348633, 58.94533157348633, 58.94533157348633, 58.94533157348633, 58.94533157348633, 58.94533157348633, 58.94533157348633, 58.94533157348633, 58.94533157348633, 58.94533157348633, 58.94533157348633, 171.39384765625], "forward_backward_time_ms": 1588.7081606864929}, "execution_memory": {"layer_memory_total_mb": [1872.0, 2252.25, 2252.25, 2252.25, 2252.25, 2252.25, 2252.25, 2252.25, 2252.25, 2252.25, 2252.25, 2252.25, 2252.25, 2252.25, 2252.25, 2252.25, 2252.25, 2252.25, 2252.25, 2252.25, 2252.25, 2252.25, 2252.25, 2252.25, 2252.25, 16800.0], "total_memory": 72726.0}}