{"model": {"model_name": "GPT_350M", "num_layers": 26, "parameters": {"total_parameters_bytes": 407166976, "parameters_per_layer_bytes": [52428800, 12596224, 12596224, 12596224, 12596224, 12596224, 12596224, 12596224, 12596224, 12596224, 12596224, 12596224, 12596224, 12596224, 12596224, 12596224, 12596224, 12596224, 12596224, 12596224, 12596224, 12596224, 12596224, 12596224, 12596224, 52428800]}}, "execution_time": {"batch_generator_time_ms": 0, "optimizer_time_ms": 0, "layer_compute_total_ms": [46.77283782958985, 114.95792846679687, 114.95792846679687, 114.95792846679687, 114.95792846679687, 114.95792846679687, 114.95792846679687, 114.95792846679687, 114.95792846679687, 114.95792846679687, 114.95792846679687, 114.95792846679687, 114.95792846679687, 114.95792846679687, 114.95792846679687, 114.95792846679687, 114.95792846679687, 114.95792846679687, 114.95792846679687, 114.95792846679687, 114.95792846679687, 114.95792846679687, 114.95792846679687, 114.95792846679687, 114.95792846679687, 69.52345581054688], "forward_backward_time_ms": 2875.286576843262}, "execution_memory": {"layer_memory_total_mb": [1112.0, 660.0625, 660.0625, 660.0625, 660.0625, 660.0625, 660.0625, 660.0625, 660.0625, 660.0625, 660.0625, 660.0625, 660.0625, 660.0625, 660.0625, 660.0625, 660.0625, 660.0625, 660.0625, 660.0625, 660.0625, 660.0625, 660.0625, 660.0625, 660.0625, 4200.0], "total_memory": 21153.5}}