{"model": {"model_name": "GPT_1-3B", "num_layers": 26, "parameters": {"total_parameters_bytes": 8601518080, "parameters_per_layer_bytes": [524288000, 314705920, 314705920, 314705920, 314705920, 314705920, 314705920, 314705920, 314705920, 314705920, 314705920, 314705920, 314705920, 314705920, 314705920, 314705920, 314705920, 314705920, 314705920, 314705920, 314705920, 314705920, 314705920, 314705920, 314705920, 524288000]}}, "execution_time": {"batch_generator_time_ms": 0, "optimizer_time_ms": 0, "layer_compute_total_ms": [5.829631996154785, 155.61246337890626, 155.61246337890626, 155.61246337890626, 155.61246337890626, 155.61246337890626, 155.61246337890626, 155.61246337890626, 155.61246337890626, 155.61246337890626, 155.61246337890626, 155.61246337890626, 155.61246337890626, 155.61246337890626, 155.61246337890626, 155.61246337890626, 155.61246337890626, 155.61246337890626, 155.61246337890626, 155.61246337890626, 155.61246337890626, 155.61246337890626, 155.61246337890626, 155.61246337890626, 155.61246337890626, 251.52255859375], "forward_backward_time_ms": 3992.0513116836564}, "execution_memory": {"layer_memory_total_mb": [2870.0, 2902.125, 2902.125, 2902.125, 2902.125, 2902.125, 2902.125, 2902.125, 2902.125, 2902.125, 2902.125, 2902.125, 2902.125, 2902.125, 2902.125, 2902.125, 2902.125, 2902.125, 2902.125, 2902.125, 2902.125, 2902.125, 2902.125, 2902.125, 2902.125, 9600.0], "total_memory": 82121.0}}