{"model": {"model_name": "GPT_1-3B", "num_layers": 26, "parameters": {"total_parameters_bytes": 8601518080, "parameters_per_layer_bytes": [524288000, 314705920, 314705920, 314705920, 314705920, 314705920, 314705920, 314705920, 314705920, 314705920, 314705920, 314705920, 314705920, 314705920, 314705920, 314705920, 314705920, 314705920, 314705920, 314705920, 314705920, 314705920, 314705920, 314705920, 314705920, 524288000]}}, "execution_time": {"batch_generator_time_ms": 0, "optimizer_time_ms": 0, "layer_compute_total_ms": [48.90787963867187, 132.603125, 132.603125, 132.603125, 132.603125, 132.603125, 132.603125, 132.603125, 132.603125, 132.603125, 132.603125, 132.603125, 132.603125, 132.603125, 132.603125, 132.603125, 132.603125, 132.603125, 132.603125, 132.603125, 132.603125, 132.603125, 132.603125, 132.603125, 132.603125, 92.51345825195312], "forward_backward_time_ms": 3323.8963378906265}, "execution_memory": {"layer_memory_total_mb": [1326.0, 656.5634765625, 656.5634765625, 656.5634765625, 656.5634765625, 656.5634765625, 656.5634765625, 656.5634765625, 656.5634765625, 656.5634765625, 656.5634765625, 656.5634765625, 656.5634765625, 656.5634765625, 656.5634765625, 656.5634765625, 656.5634765625, 656.5634765625, 656.5634765625, 656.5634765625, 656.5634765625, 656.5634765625, 656.5634765625, 656.5634765625, 656.5634765625, 2400.0], "total_memory": 19483.5234375}}