{"model": {"model_name": "GPT_1-3B", "num_layers": 26, "parameters": {"total_parameters_bytes": 8601518080, "parameters_per_layer_bytes": [524288000, 314705920, 314705920, 314705920, 314705920, 314705920, 314705920, 314705920, 314705920, 314705920, 314705920, 314705920, 314705920, 314705920, 314705920, 314705920, 314705920, 314705920, 314705920, 314705920, 314705920, 314705920, 314705920, 314705920, 314705920, 524288000]}}, "execution_time": {"batch_generator_time_ms": 0, "optimizer_time_ms": 0, "layer_compute_total_ms": [104.14305114746094, 348.3680786132812, 348.3680786132812, 348.3680786132812, 348.3680786132812, 348.3680786132812, 348.3680786132812, 348.3680786132812, 348.3680786132812, 348.3680786132812, 348.3680786132812, 348.3680786132812, 348.3680786132812, 348.3680786132812, 348.3680786132812, 348.3680786132812, 348.3680786132812, 348.3680786132812, 348.3680786132812, 348.3680786132812, 348.3680786132812, 348.3680786132812, 348.3680786132812, 348.3680786132812, 348.3680786132812, 350.4232421875], "forward_backward_time_ms": 8815.400180053708}, "execution_memory": {"layer_memory_total_mb": [2364.0, 2828.125, 2828.125, 2828.125, 2828.125, 2828.125, 2828.125, 2828.125, 2828.125, 2828.125, 2828.125, 2828.125, 2828.125, 2828.125, 2828.125, 2828.125, 2828.125, 2828.125, 2828.125, 2828.125, 2828.125, 2828.125, 2828.125, 2828.125, 2828.125, 8992.0], "total_memory": 79231.0}}