{"model": {"model_name": "GPT_1-3B", "num_layers": 26, "parameters": {"total_parameters_bytes": 8601518080, "parameters_per_layer_bytes": [524288000, 314705920, 314705920, 314705920, 314705920, 314705920, 314705920, 314705920, 314705920, 314705920, 314705920, 314705920, 314705920, 314705920, 314705920, 314705920, 314705920, 314705920, 314705920, 314705920, 314705920, 314705920, 314705920, 314705920, 314705920, 524288000]}}, "execution_time": {"batch_generator_time_ms": 0, "optimizer_time_ms": 0, "layer_compute_total_ms": [139.18310546875, 403.96226806640624, 403.96226806640624, 403.96226806640624, 403.96226806640624, 403.96226806640624, 403.96226806640624, 403.96226806640624, 403.96226806640624, 403.96226806640624, 403.96226806640624, 403.96226806640624, 403.96226806640624, 403.96226806640624, 403.96226806640624, 403.96226806640624, 403.96226806640624, 403.96226806640624, 403.96226806640624, 403.96226806640624, 403.96226806640624, 403.96226806640624, 403.96226806640624, 403.96226806640624, 403.96226806640624, 171.53126220703126], "forward_backward_time_ms": 10005.808801269532}, "execution_memory": {"layer_memory_total_mb": [1508.0, 1012.03125, 1012.03125, 1012.03125, 1012.03125, 1012.03125, 1012.03125, 1012.03125, 1012.03125, 1012.03125, 1012.03125, 1012.03125, 1012.03125, 1012.03125, 1012.03125, 1012.03125, 1012.03125, 1012.03125, 1012.03125, 1012.03125, 1012.03125, 1012.03125, 1012.03125, 1012.03125, 1012.03125, 2328.0], "total_memory": 28124.75}}