{"model": {"model_name": "GPT_1-3B", "num_layers": 26, "parameters": {"total_parameters_bytes": 8601518080, "parameters_per_layer_bytes": [524288000, 314705920, 314705920, 314705920, 314705920, 314705920, 314705920, 314705920, 314705920, 314705920, 314705920, 314705920, 314705920, 314705920, 314705920, 314705920, 314705920, 314705920, 314705920, 314705920, 314705920, 314705920, 314705920, 314705920, 314705920, 524288000]}}, "execution_time": {"batch_generator_time_ms": 0, "optimizer_time_ms": 0, "layer_compute_total_ms": [241.61822509765625, 793.1396240234375, 793.1396240234375, 793.1396240234375, 793.1396240234375, 793.1396240234375, 793.1396240234375, 793.1396240234375, 793.1396240234375, 793.1396240234375, 793.1396240234375, 793.1396240234375, 793.1396240234375, 793.1396240234375, 793.1396240234375, 793.1396240234375, 793.1396240234375, 793.1396240234375, 793.1396240234375, 793.1396240234375, 793.1396240234375, 793.1396240234375, 793.1396240234375, 793.1396240234375, 793.1396240234375, 453.39404296875], "forward_backward_time_ms": 19730.363244628905}, "execution_memory": {"layer_memory_total_mb": [2364.0, 2518.125, 2518.125, 2518.125, 2518.125, 2518.125, 2518.125, 2518.125, 2518.125, 2518.125, 2518.125, 2518.125, 2518.125, 2518.125, 2518.125, 2518.125, 2518.125, 2518.125, 2518.125, 2518.125, 2518.125, 2518.125, 2518.125, 2518.125, 2518.125, 8800.0], "total_memory": 71599.0}}