{"model": {"model_name": "GPT_1-3B", "num_layers": 26, "parameters": {"total_parameters_bytes": 8601518080, "parameters_per_layer_bytes": [524288000, 314705920, 314705920, 314705920, 314705920, 314705920, 314705920, 314705920, 314705920, 314705920, 314705920, 314705920, 314705920, 314705920, 314705920, 314705920, 314705920, 314705920, 314705920, 314705920, 314705920, 314705920, 314705920, 314705920, 314705920, 524288000]}}, "execution_time": {"batch_generator_time_ms": 0, "optimizer_time_ms": 0, "layer_compute_total_ms": [82.00806579589843, 253.74515380859376, 253.74515380859376, 253.74515380859376, 253.74515380859376, 253.74515380859376, 253.74515380859376, 253.74515380859376, 253.74515380859376, 253.74515380859376, 253.74515380859376, 253.74515380859376, 253.74515380859376, 253.74515380859376, 253.74515380859376, 253.74515380859376, 253.74515380859376, 253.74515380859376, 253.74515380859376, 253.74515380859376, 253.74515380859376, 253.74515380859376, 253.74515380859376, 253.74515380859376, 253.74515380859376, 154.55888671875], "forward_backward_time_ms": 6326.450643920896}, "execution_memory": {"layer_memory_total_mb": [2364.0, 2040.2509765625, 2040.2509765625, 2040.2509765625, 2040.2509765625, 2040.2509765625, 2040.2509765625, 2040.2509765625, 2040.2509765625, 2040.2509765625, 2040.2509765625, 2040.2509765625, 2040.2509765625, 2040.2509765625, 2040.2509765625, 2040.2509765625, 2040.2509765625, 2040.2509765625, 2040.2509765625, 2040.2509765625, 2040.2509765625, 2040.2509765625, 2040.2509765625, 2040.2509765625, 2040.2509765625, 8992.0], "total_memory": 60322.0234375}}