{"model": {"model_name": "GPT_1-3B", "num_layers": 26, "parameters": {"total_parameters_bytes": 8601518080, "parameters_per_layer_bytes": [524288000, 314705920, 314705920, 314705920, 314705920, 314705920, 314705920, 314705920, 314705920, 314705920, 314705920, 314705920, 314705920, 314705920, 314705920, 314705920, 314705920, 314705920, 314705920, 314705920, 314705920, 314705920, 314705920, 314705920, 314705920, 524288000]}}, "execution_time": {"batch_generator_time_ms": 0, "optimizer_time_ms": 0, "layer_compute_total_ms": [177.22203979492187, 577.676708984375, 577.676708984375, 577.676708984375, 577.676708984375, 577.676708984375, 577.676708984375, 577.676708984375, 577.676708984375, 577.676708984375, 577.676708984375, 577.676708984375, 577.676708984375, 577.676708984375, 577.676708984375, 577.676708984375, 577.676708984375, 577.676708984375, 577.676708984375, 577.676708984375, 577.676708984375, 577.676708984375, 577.676708984375, 577.676708984375, 577.676708984375, 186.41510009765625], "forward_backward_time_ms": 14227.878155517572}, "execution_memory": {"layer_memory_total_mb": [1046.0, 248.2822265625, 248.2822265625, 248.2822265625, 248.2822265625, 248.2822265625, 248.2822265625, 248.2822265625, 248.2822265625, 248.2822265625, 248.2822265625, 248.2822265625, 248.2822265625, 248.2822265625, 248.2822265625, 248.2822265625, 248.2822265625, 248.2822265625, 248.2822265625, 248.2822265625, 248.2822265625, 248.2822265625, 248.2822265625, 248.2822265625, 248.2822265625, 1284.0], "total_memory": 8288.7734375}}