{"model": {"model_name": "GPT_1-3B", "num_layers": 26, "parameters": {"total_parameters_bytes": 8601518080, "parameters_per_layer_bytes": [524288000, 314705920, 314705920, 314705920, 314705920, 314705920, 314705920, 314705920, 314705920, 314705920, 314705920, 314705920, 314705920, 314705920, 314705920, 314705920, 314705920, 314705920, 314705920, 314705920, 314705920, 314705920, 314705920, 314705920, 314705920, 524288000]}}, "execution_time": {"batch_generator_time_ms": 0, "optimizer_time_ms": 0, "layer_compute_total_ms": [17.159577560424804, 353.152001953125, 353.152001953125, 353.152001953125, 353.152001953125, 353.152001953125, 353.152001953125, 353.152001953125, 353.152001953125, 353.152001953125, 353.152001953125, 353.152001953125, 353.152001953125, 353.152001953125, 353.152001953125, 353.152001953125, 353.152001953125, 353.152001953125, 353.152001953125, 353.152001953125, 353.152001953125, 353.152001953125, 353.152001953125, 353.152001953125, 353.152001953125, 20000.0], "forward_backward_time_ms": 28492.80762443543}, "execution_memory": {"layer_memory_total_mb": [3364.0, 4918.25, 4918.25, 4918.25, 4918.25, 4918.25, 4918.25, 4918.25, 4918.25, 4918.25, 4918.25, 4918.25, 4918.25, 4918.25, 4918.25, 4918.25, 4918.25, 4918.25, 4918.25, 4918.25, 4918.25, 4918.25, 4918.25, 4918.25, 4918.25, 110000000.0], "total_memory": 110121402.0}}