{"model": {"model_name": "GPT_1-3B", "num_layers": 26, "parameters": {"total_parameters_bytes": 8601518080, "parameters_per_layer_bytes": [524288000, 314705920, 314705920, 314705920, 314705920, 314705920, 314705920, 314705920, 314705920, 314705920, 314705920, 314705920, 314705920, 314705920, 314705920, 314705920, 314705920, 314705920, 314705920, 314705920, 314705920, 314705920, 314705920, 314705920, 314705920, 524288000]}}, "execution_time": {"batch_generator_time_ms": 0, "optimizer_time_ms": 0, "layer_compute_total_ms": [126.04273071289063, 387.0445556640625, 387.0445556640625, 387.0445556640625, 387.0445556640625, 387.0445556640625, 387.0445556640625, 387.0445556640625, 387.0445556640625, 387.0445556640625, 387.0445556640625, 387.0445556640625, 387.0445556640625, 387.0445556640625, 387.0445556640625, 387.0445556640625, 387.0445556640625, 387.0445556640625, 387.0445556640625, 387.0445556640625, 387.0445556640625, 387.0445556640625, 387.0445556640625, 387.0445556640625, 387.0445556640625, 134.3752197265625], "forward_backward_time_ms": 9549.487286376952}, "execution_memory": {"layer_memory_total_mb": [1508.0, 884.03125, 884.03125, 884.03125, 884.03125, 884.03125, 884.03125, 884.03125, 884.03125, 884.03125, 884.03125, 884.03125, 884.03125, 884.03125, 884.03125, 884.03125, 884.03125, 884.03125, 884.03125, 884.03125, 884.03125, 884.03125, 884.03125, 884.03125, 884.03125, 2328.0], "total_memory": 25052.75}}