{"model": {"model_name": "GPT_1-3B", "num_layers": 26, "parameters": {"total_parameters_bytes": 8601518080, "parameters_per_layer_bytes": [524288000, 314705920, 314705920, 314705920, 314705920, 314705920, 314705920, 314705920, 314705920, 314705920, 314705920, 314705920, 314705920, 314705920, 314705920, 314705920, 314705920, 314705920, 314705920, 314705920, 314705920, 314705920, 314705920, 314705920, 314705920, 524288000]}}, "execution_time": {"batch_generator_time_ms": 0, "optimizer_time_ms": 0, "layer_compute_total_ms": [62.05256958007813, 194.09468994140624, 194.09468994140624, 194.09468994140624, 194.09468994140624, 194.09468994140624, 194.09468994140624, 194.09468994140624, 194.09468994140624, 194.09468994140624, 194.09468994140624, 194.09468994140624, 194.09468994140624, 194.09468994140624, 194.09468994140624, 194.09468994140624, 194.09468994140624, 194.09468994140624, 194.09468994140624, 194.09468994140624, 194.09468994140624, 194.09468994140624, 194.09468994140624, 194.09468994140624, 194.09468994140624, 67.95264282226563], "forward_backward_time_ms": 4788.277770996094}, "execution_memory": {"layer_memory_total_mb": [1046.0, 640.2666015625, 640.2666015625, 640.2666015625, 640.2666015625, 640.2666015625, 640.2666015625, 640.2666015625, 640.2666015625, 640.2666015625, 640.2666015625, 640.2666015625, 640.2666015625, 640.2666015625, 640.2666015625, 640.2666015625, 640.2666015625, 640.2666015625, 640.2666015625, 640.2666015625, 640.2666015625, 640.2666015625, 640.2666015625, 640.2666015625, 640.2666015625, 1200.0], "total_memory": 17612.3984375}}