{"model": {"model_name": "GPT_1-3B", "num_layers": 26, "parameters": {"total_parameters_bytes": 8601518080, "parameters_per_layer_bytes": [524288000, 314705920, 314705920, 314705920, 314705920, 314705920, 314705920, 314705920, 314705920, 314705920, 314705920, 314705920, 314705920, 314705920, 314705920, 314705920, 314705920, 314705920, 314705920, 314705920, 314705920, 314705920, 314705920, 314705920, 314705920, 524288000]}}, "execution_time": {"batch_generator_time_ms": 0, "optimizer_time_ms": 0, "layer_compute_total_ms": [82.75353698730468, 225.5880126953125, 225.5880126953125, 225.5880126953125, 225.5880126953125, 225.5880126953125, 225.5880126953125, 225.5880126953125, 225.5880126953125, 225.5880126953125, 225.5880126953125, 225.5880126953125, 225.5880126953125, 225.5880126953125, 225.5880126953125, 225.5880126953125, 225.5880126953125, 225.5880126953125, 225.5880126953125, 225.5880126953125, 225.5880126953125, 225.5880126953125, 225.5880126953125, 225.5880126953125, 225.5880126953125, 103.93292236328125], "forward_backward_time_ms": 5600.798764038086}, "execution_memory": {"layer_memory_total_mb": [1836.0, 899.1259765625, 899.1259765625, 899.1259765625, 899.1259765625, 899.1259765625, 899.1259765625, 899.1259765625, 899.1259765625, 899.1259765625, 899.1259765625, 899.1259765625, 899.1259765625, 899.1259765625, 899.1259765625, 899.1259765625, 899.1259765625, 899.1259765625, 899.1259765625, 899.1259765625, 899.1259765625, 899.1259765625, 899.1259765625, 899.1259765625, 899.1259765625, 4528.0], "total_memory": 27943.0234375}}