{"model": {"model_name": "GPT_1-3B", "num_layers": 26, "parameters": {"total_parameters_bytes": 8601518080, "parameters_per_layer_bytes": [524288000, 314705920, 314705920, 314705920, 314705920, 314705920, 314705920, 314705920, 314705920, 314705920, 314705920, 314705920, 314705920, 314705920, 314705920, 314705920, 314705920, 314705920, 314705920, 314705920, 314705920, 314705920, 314705920, 314705920, 314705920, 524288000]}}, "execution_time": {"batch_generator_time_ms": 0, "optimizer_time_ms": 0, "layer_compute_total_ms": [40.24975433349609, 120.2044921875, 120.2044921875, 120.2044921875, 120.2044921875, 120.2044921875, 120.2044921875, 120.2044921875, 120.2044921875, 120.2044921875, 120.2044921875, 120.2044921875, 120.2044921875, 120.2044921875, 120.2044921875, 120.2044921875, 120.2044921875, 120.2044921875, 120.2044921875, 120.2044921875, 120.2044921875, 120.2044921875, 120.2044921875, 120.2044921875, 120.2044921875, 79.562548828125], "forward_backward_time_ms": 3004.7201156616197}, "execution_memory": {"layer_memory_total_mb": [1838.0, 977.1259765625, 977.1259765625, 977.1259765625, 977.1259765625, 977.1259765625, 977.1259765625, 977.1259765625, 977.1259765625, 977.1259765625, 977.1259765625, 977.1259765625, 977.1259765625, 977.1259765625, 977.1259765625, 977.1259765625, 977.1259765625, 977.1259765625, 977.1259765625, 977.1259765625, 977.1259765625, 977.1259765625, 977.1259765625, 977.1259765625, 977.1259765625, 4800.0], "total_memory": 30089.0234375}}