{"model": {"model_name": "GPT_1-3B", "num_layers": 26, "parameters": {"total_parameters_bytes": 8601518080, "parameters_per_layer_bytes": [524288000, 314705920, 314705920, 314705920, 314705920, 314705920, 314705920, 314705920, 314705920, 314705920, 314705920, 314705920, 314705920, 314705920, 314705920, 314705920, 314705920, 314705920, 314705920, 314705920, 314705920, 314705920, 314705920, 314705920, 314705920, 524288000]}}, "execution_time": {"batch_generator_time_ms": 0, "optimizer_time_ms": 0, "layer_compute_total_ms": [9.772032356262207, 178.89423217773438, 178.89423217773438, 178.89423217773438, 178.89423217773438, 178.89423217773438, 178.89423217773438, 178.89423217773438, 178.89423217773438, 178.89423217773438, 178.89423217773438, 178.89423217773438, 178.89423217773438, 178.89423217773438, 178.89423217773438, 178.89423217773438, 178.89423217773438, 178.89423217773438, 178.89423217773438, 178.89423217773438, 178.89423217773438, 178.89423217773438, 178.89423217773438, 178.89423217773438, 178.89423217773438, 322.1454833984375], "forward_backward_time_ms": 4625.379088020325}, "execution_memory": {"layer_memory_total_mb": [2870.0, 2562.2509765625, 2562.2509765625, 2562.2509765625, 2562.2509765625, 2562.2509765625, 2562.2509765625, 2562.2509765625, 2562.2509765625, 2562.2509765625, 2562.2509765625, 2562.2509765625, 2562.2509765625, 2562.2509765625, 2562.2509765625, 2562.2509765625, 2562.2509765625, 2562.2509765625, 2562.2509765625, 2562.2509765625, 2562.2509765625, 2562.2509765625, 2562.2509765625, 2562.2509765625, 2562.2509765625, 9664.0], "total_memory": 74028.0234375}}