{"model": {"model_name": "GPT_1-3B", "num_layers": 26, "parameters": {"total_parameters_bytes": 8601518080, "parameters_per_layer_bytes": [524288000, 314705920, 314705920, 314705920, 314705920, 314705920, 314705920, 314705920, 314705920, 314705920, 314705920, 314705920, 314705920, 314705920, 314705920, 314705920, 314705920, 314705920, 314705920, 314705920, 314705920, 314705920, 314705920, 314705920, 314705920, 524288000]}}, "execution_time": {"batch_generator_time_ms": 0, "optimizer_time_ms": 0, "layer_compute_total_ms": [69.66784057617187, 200.4537353515625, 200.4537353515625, 200.4537353515625, 200.4537353515625, 200.4537353515625, 200.4537353515625, 200.4537353515625, 200.4537353515625, 200.4537353515625, 200.4537353515625, 200.4537353515625, 200.4537353515625, 200.4537353515625, 200.4537353515625, 200.4537353515625, 200.4537353515625, 200.4537353515625, 200.4537353515625, 200.4537353515625, 200.4537353515625, 200.4537353515625, 200.4537353515625, 200.4537353515625, 200.4537353515625, 86.32401733398437], "forward_backward_time_ms": 4966.881506347657}, "execution_memory": {"layer_memory_total_mb": [1046.0, 672.2666015625, 672.2666015625, 672.2666015625, 672.2666015625, 672.2666015625, 672.2666015625, 672.2666015625, 672.2666015625, 672.2666015625, 672.2666015625, 672.2666015625, 672.2666015625, 672.2666015625, 672.2666015625, 672.2666015625, 672.2666015625, 672.2666015625, 672.2666015625, 672.2666015625, 672.2666015625, 672.2666015625, 672.2666015625, 672.2666015625, 672.2666015625, 1200.0], "total_memory": 18380.3984375}}