{"model": {"model_name": "GPT_1-3B", "num_layers": 26, "parameters": {"total_parameters_bytes": 8601518080, "parameters_per_layer_bytes": [524288000, 314705920, 314705920, 314705920, 314705920, 314705920, 314705920, 314705920, 314705920, 314705920, 314705920, 314705920, 314705920, 314705920, 314705920, 314705920, 314705920, 314705920, 314705920, 314705920, 314705920, 314705920, 314705920, 314705920, 314705920, 524288000]}}, "execution_time": {"batch_generator_time_ms": 0, "optimizer_time_ms": 0, "layer_compute_total_ms": [10.000179672241211, 306.08250732421874, 306.08250732421874, 306.08250732421874, 306.08250732421874, 306.08250732421874, 306.08250732421874, 306.08250732421874, 306.08250732421874, 306.08250732421874, 306.08250732421874, 306.08250732421874, 306.08250732421874, 306.08250732421874, 306.08250732421874, 306.08250732421874, 306.08250732421874, 306.08250732421874, 306.08250732421874, 306.08250732421874, 306.08250732421874, 306.08250732421874, 306.08250732421874, 306.08250732421874, 306.08250732421874, 20000.0], "forward_backward_time_ms": 27355.98035545349}, "execution_memory": {"layer_memory_total_mb": [3364.0, 5046.25, 5046.25, 5046.25, 5046.25, 5046.25, 5046.25, 5046.25, 5046.25, 5046.25, 5046.25, 5046.25, 5046.25, 5046.25, 5046.25, 5046.25, 5046.25, 5046.25, 5046.25, 5046.25, 5046.25, 5046.25, 5046.25, 5046.25, 5046.25, 110000000.0], "total_memory": 110124474.0}}