{"model": {"model_name": "GPT_1-3B", "num_layers": 26, "parameters": {"total_parameters_bytes": 8601518080, "parameters_per_layer_bytes": [524288000, 314705920, 314705920, 314705920, 314705920, 314705920, 314705920, 314705920, 314705920, 314705920, 314705920, 314705920, 314705920, 314705920, 314705920, 314705920, 314705920, 314705920, 314705920, 314705920, 314705920, 314705920, 314705920, 314705920, 314705920, 524288000]}}, "execution_time": {"batch_generator_time_ms": 0, "optimizer_time_ms": 0, "layer_compute_total_ms": [99.21146850585937, 269.37548828125, 269.37548828125, 269.37548828125, 269.37548828125, 269.37548828125, 269.37548828125, 269.37548828125, 269.37548828125, 269.37548828125, 269.37548828125, 269.37548828125, 269.37548828125, 269.37548828125, 269.37548828125, 269.37548828125, 269.37548828125, 269.37548828125, 269.37548828125, 269.37548828125, 269.37548828125, 269.37548828125, 269.37548828125, 269.37548828125, 269.37548828125, 184.13670654296874], "forward_backward_time_ms": 6748.359893798828}, "execution_memory": {"layer_memory_total_mb": [1836.0, 1148.0625, 1148.0625, 1148.0625, 1148.0625, 1148.0625, 1148.0625, 1148.0625, 1148.0625, 1148.0625, 1148.0625, 1148.0625, 1148.0625, 1148.0625, 1148.0625, 1148.0625, 1148.0625, 1148.0625, 1148.0625, 1148.0625, 1148.0625, 1148.0625, 1148.0625, 1148.0625, 1148.0625, 4400.0], "total_memory": 33789.5}}