{"model": {"model_name": "GPT_1-3B", "num_layers": 26, "parameters": {"total_parameters_bytes": 8601518080, "parameters_per_layer_bytes": [524288000, 314705920, 314705920, 314705920, 314705920, 314705920, 314705920, 314705920, 314705920, 314705920, 314705920, 314705920, 314705920, 314705920, 314705920, 314705920, 314705920, 314705920, 314705920, 314705920, 314705920, 314705920, 314705920, 314705920, 314705920, 524288000]}}, "execution_time": {"batch_generator_time_ms": 0, "optimizer_time_ms": 0, "layer_compute_total_ms": [320.528076171875, 1032.6958984375, 1032.6958984375, 1032.6958984375, 1032.6958984375, 1032.6958984375, 1032.6958984375, 1032.6958984375, 1032.6958984375, 1032.6958984375, 1032.6958984375, 1032.6958984375, 1032.6958984375, 1032.6958984375, 1032.6958984375, 1032.6958984375, 1032.6958984375, 1032.6958984375, 1032.6958984375, 1032.6958984375, 1032.6958984375, 1032.6958984375, 1032.6958984375, 1032.6958984375, 1032.6958984375, 360.04423828125], "forward_backward_time_ms": 25465.273876953135}, "execution_memory": {"layer_memory_total_mb": [1836.0, 1181.0634765625, 1181.0634765625, 1181.0634765625, 1181.0634765625, 1181.0634765625, 1181.0634765625, 1181.0634765625, 1181.0634765625, 1181.0634765625, 1181.0634765625, 1181.0634765625, 1181.0634765625, 1181.0634765625, 1181.0634765625, 1181.0634765625, 1181.0634765625, 1181.0634765625, 1181.0634765625, 1181.0634765625, 1181.0634765625, 1181.0634765625, 1181.0634765625, 1181.0634765625, 1181.0634765625, 4400.0], "total_memory": 34581.5234375}}