{"model": {"model_name": "GPT_1-3B", "num_layers": 26, "parameters": {"total_parameters_bytes": 8601518080, "parameters_per_layer_bytes": [524288000, 314705920, 314705920, 314705920, 314705920, 314705920, 314705920, 314705920, 314705920, 314705920, 314705920, 314705920, 314705920, 314705920, 314705920, 314705920, 314705920, 314705920, 314705920, 314705920, 314705920, 314705920, 314705920, 314705920, 314705920, 524288000]}}, "execution_time": {"batch_generator_time_ms": 0, "optimizer_time_ms": 0, "layer_compute_total_ms": [3.401753616333008, 52.295475769042966, 52.295475769042966, 52.295475769042966, 52.295475769042966, 52.295475769042966, 52.295475769042966, 52.295475769042966, 52.295475769042966, 52.295475769042966, 52.295475769042966, 52.295475769042966, 52.295475769042966, 52.295475769042966, 52.295475769042966, 52.295475769042966, 52.295475769042966, 52.295475769042966, 52.295475769042966, 52.295475769042966, 52.295475769042966, 52.295475769042966, 52.295475769042966, 52.295475769042966, 52.295475769042966, 106.3110595703125], "forward_backward_time_ms": 1364.804231643676}, "execution_memory": {"layer_memory_total_mb": [2870.0, 2670.2509765625, 2670.2509765625, 2670.2509765625, 2670.2509765625, 2670.2509765625, 2670.2509765625, 2670.2509765625, 2670.2509765625, 2670.2509765625, 2670.2509765625, 2670.2509765625, 2670.2509765625, 2670.2509765625, 2670.2509765625, 2670.2509765625, 2670.2509765625, 2670.2509765625, 2670.2509765625, 2670.2509765625, 2670.2509765625, 2670.2509765625, 2670.2509765625, 2670.2509765625, 2670.2509765625, 9600.0], "total_memory": 76556.0234375}}