{"model": {"model_name": "GPT_1-3B", "num_layers": 26, "parameters": {"total_parameters_bytes": 8601518080, "parameters_per_layer_bytes": [524288000, 314705920, 314705920, 314705920, 314705920, 314705920, 314705920, 314705920, 314705920, 314705920, 314705920, 314705920, 314705920, 314705920, 314705920, 314705920, 314705920, 314705920, 314705920, 314705920, 314705920, 314705920, 314705920, 314705920, 314705920, 524288000]}}, "execution_time": {"batch_generator_time_ms": 0, "optimizer_time_ms": 0, "layer_compute_total_ms": [5.992243003845215, 99.26287231445312, 99.26287231445312, 99.26287231445312, 99.26287231445312, 99.26287231445312, 99.26287231445312, 99.26287231445312, 99.26287231445312, 99.26287231445312, 99.26287231445312, 99.26287231445312, 99.26287231445312, 99.26287231445312, 99.26287231445312, 99.26287231445312, 99.26287231445312, 99.26287231445312, 99.26287231445312, 99.26287231445312, 99.26287231445312, 99.26287231445312, 99.26287231445312, 99.26287231445312, 99.26287231445312, 210.66689453125], "forward_backward_time_ms": 2598.968073081969}, "execution_memory": {"layer_memory_total_mb": [3364.0, 4918.25, 4918.25, 4918.25, 4918.25, 4918.25, 4918.25, 4918.25, 4918.25, 4918.25, 4918.25, 4918.25, 4918.25, 4918.25, 4918.25, 4918.25, 4918.25, 4918.25, 4918.25, 4918.25, 4918.25, 4918.25, 4918.25, 4918.25, 4918.25, 17600.0], "total_memory": 139002.0}}