{"model": {"model_name": "GPT_1-3B", "num_layers": 26, "parameters": {"total_parameters_bytes": 8601518080, "parameters_per_layer_bytes": [524288000, 314705920, 314705920, 314705920, 314705920, 314705920, 314705920, 314705920, 314705920, 314705920, 314705920, 314705920, 314705920, 314705920, 314705920, 314705920, 314705920, 314705920, 314705920, 314705920, 314705920, 314705920, 314705920, 314705920, 314705920, 524288000]}}, "execution_time": {"batch_generator_time_ms": 0, "optimizer_time_ms": 0, "layer_compute_total_ms": [120.75192260742188, 392.0647216796875, 392.0647216796875, 392.0647216796875, 392.0647216796875, 392.0647216796875, 392.0647216796875, 392.0647216796875, 392.0647216796875, 392.0647216796875, 392.0647216796875, 392.0647216796875, 392.0647216796875, 392.0647216796875, 392.0647216796875, 392.0647216796875, 392.0647216796875, 392.0647216796875, 392.0647216796875, 392.0647216796875, 392.0647216796875, 392.0647216796875, 392.0647216796875, 392.0647216796875, 392.0647216796875, 215.0117431640625], "forward_backward_time_ms": 9745.316986083988}, "execution_memory": {"layer_memory_total_mb": [1742.0, 1179.1259765625, 1179.1259765625, 1179.1259765625, 1179.1259765625, 1179.1259765625, 1179.1259765625, 1179.1259765625, 1179.1259765625, 1179.1259765625, 1179.1259765625, 1179.1259765625, 1179.1259765625, 1179.1259765625, 1179.1259765625, 1179.1259765625, 1179.1259765625, 1179.1259765625, 1179.1259765625, 1179.1259765625, 1179.1259765625, 1179.1259765625, 1179.1259765625, 1179.1259765625, 1179.1259765625, 4896.0], "total_memory": 34937.0234375}}