{"model": {"model_name": "GPT_1-3B", "num_layers": 26, "parameters": {"total_parameters_bytes": 8601518080, "parameters_per_layer_bytes": [524288000, 314705920, 314705920, 314705920, 314705920, 314705920, 314705920, 314705920, 314705920, 314705920, 314705920, 314705920, 314705920, 314705920, 314705920, 314705920, 314705920, 314705920, 314705920, 314705920, 314705920, 314705920, 314705920, 314705920, 314705920, 524288000]}}, "execution_time": {"batch_generator_time_ms": 0, "optimizer_time_ms": 0, "layer_compute_total_ms": [160.05068359375, 514.2115234375, 514.2115234375, 514.2115234375, 514.2115234375, 514.2115234375, 514.2115234375, 514.2115234375, 514.2115234375, 514.2115234375, 514.2115234375, 514.2115234375, 514.2115234375, 514.2115234375, 514.2115234375, 514.2115234375, 514.2115234375, 514.2115234375, 514.2115234375, 514.2115234375, 514.2115234375, 514.2115234375, 514.2115234375, 514.2115234375, 514.2115234375, 180.151904296875], "forward_backward_time_ms": 12681.279150390621}, "execution_memory": {"layer_memory_total_mb": [1262.0, 792.5322265625, 792.5322265625, 792.5322265625, 792.5322265625, 792.5322265625, 792.5322265625, 792.5322265625, 792.5322265625, 792.5322265625, 792.5322265625, 792.5322265625, 792.5322265625, 792.5322265625, 792.5322265625, 792.5322265625, 792.5322265625, 792.5322265625, 792.5322265625, 792.5322265625, 792.5322265625, 792.5322265625, 792.5322265625, 792.5322265625, 792.5322265625, 2400.0], "total_memory": 22682.7734375}}