{"model": {"model_name": "GPT_1-3B", "num_layers": 26, "parameters": {"total_parameters_bytes": 8601518080, "parameters_per_layer_bytes": [524288000, 314705920, 314705920, 314705920, 314705920, 314705920, 314705920, 314705920, 314705920, 314705920, 314705920, 314705920, 314705920, 314705920, 314705920, 314705920, 314705920, 314705920, 314705920, 314705920, 314705920, 314705920, 314705920, 314705920, 314705920, 524288000]}}, "execution_time": {"batch_generator_time_ms": 0, "optimizer_time_ms": 0, "layer_compute_total_ms": [5.929164886474609, 124.31237182617187, 124.31237182617187, 124.31237182617187, 124.31237182617187, 124.31237182617187, 124.31237182617187, 124.31237182617187, 124.31237182617187, 124.31237182617187, 124.31237182617187, 124.31237182617187, 124.31237182617187, 124.31237182617187, 124.31237182617187, 124.31237182617187, 124.31237182617187, 124.31237182617187, 124.31237182617187, 124.31237182617187, 124.31237182617187, 124.31237182617187, 124.31237182617187, 124.31237182617187, 124.31237182617187, 250.7186279296875], "forward_backward_time_ms": 3240.144716644286}, "execution_memory": {"layer_memory_total_mb": [2582.0, 2626.2509765625, 2626.2509765625, 2626.2509765625, 2626.2509765625, 2626.2509765625, 2626.2509765625, 2626.2509765625, 2626.2509765625, 2626.2509765625, 2626.2509765625, 2626.2509765625, 2626.2509765625, 2626.2509765625, 2626.2509765625, 2626.2509765625, 2626.2509765625, 2626.2509765625, 2626.2509765625, 2626.2509765625, 2626.2509765625, 2626.2509765625, 2626.2509765625, 2626.2509765625, 2626.2509765625, 9664.0], "total_memory": 75276.0234375}}