{
    "model": {
        "model_name": "GPT_1-3B",
        "num_layers": 26,
        "parameters": {
            "total_parameters_bytes": 8601518080,
            "parameters_per_layer_bytes": [
                524288000,
                314705920,
                314705920,
                314705920,
                314705920,
                314705920,
                314705920,
                314705920,
                314705920,
                314705920,
                314705920,
                314705920,
                314705920,
                314705920,
                314705920,
                314705920,
                314705920,
                314705920,
                314705920,
                314705920,
                314705920,
                314705920,
                314705920,
                314705920,
                314705920,
                524288000
            ]
        }
    },
    "execution_time": {
        "batch_generator_time_ms": 0,
        "optimizer_time_ms": 0,
        "layer_compute_total_ms": [
            58.62051696777344,
            186.06612548828124,
            186.06612548828124,
            186.06612548828124,
            186.06612548828124,
            186.06612548828124,
            186.06612548828124,
            186.06612548828124,
            186.06612548828124,
            186.06612548828124,
            186.06612548828124,
            186.06612548828124,
            186.06612548828124,
            186.06612548828124,
            186.06612548828124,
            186.06612548828124,
            186.06612548828124,
            186.06612548828124,
            186.06612548828124,
            186.06612548828124,
            186.06612548828124,
            186.06612548828124,
            186.06612548828124,
            186.06612548828124,
            186.06612548828124,
            105.82691650390625
        ],
        "forward_backward_time_ms": 4630.034445190429
    },
    "execution_memory": {
        "layer_memory_total_mb": [
            1372.0,
            784.5634765625,
            784.5634765625,
            784.5634765625,
            784.5634765625,
            784.5634765625,
            784.5634765625,
            784.5634765625,
            784.5634765625,
            784.5634765625,
            784.5634765625,
            784.5634765625,
            784.5634765625,
            784.5634765625,
            784.5634765625,
            784.5634765625,
            784.5634765625,
            784.5634765625,
            784.5634765625,
            784.5634765625,
            784.5634765625,
            784.5634765625,
            784.5634765625,
            784.5634765625,
            784.5634765625,
            2852.0
        ],
        "total_memory": 23053.5234375
    }
}