{"model": {"model_name": "GPT_1-3B", "num_layers": 26, "parameters": {"total_parameters_bytes": 8601518080, "parameters_per_layer_bytes": [524288000, 314705920, 314705920, 314705920, 314705920, 314705920, 314705920, 314705920, 314705920, 314705920, 314705920, 314705920, 314705920, 314705920, 314705920, 314705920, 314705920, 314705920, 314705920, 314705920, 314705920, 314705920, 314705920, 314705920, 314705920, 524288000]}}, "execution_time": {"batch_generator_time_ms": 0, "optimizer_time_ms": 0, "layer_compute_total_ms": [25.320858001708984, 73.72840881347656, 73.72840881347656, 73.72840881347656, 73.72840881347656, 73.72840881347656, 73.72840881347656, 73.72840881347656, 73.72840881347656, 73.72840881347656, 73.72840881347656, 73.72840881347656, 73.72840881347656, 73.72840881347656, 73.72840881347656, 73.72840881347656, 73.72840881347656, 73.72840881347656, 73.72840881347656, 73.72840881347656, 73.72840881347656, 73.72840881347656, 73.72840881347656, 73.72840881347656, 73.72840881347656, 88.70502319335938], "forward_backward_time_ms": 1883.507692718506}, "execution_memory": {"layer_memory_total_mb": [1372.0, 1140.03125, 1140.03125, 1140.03125, 1140.03125, 1140.03125, 1140.03125, 1140.03125, 1140.03125, 1140.03125, 1140.03125, 1140.03125, 1140.03125, 1140.03125, 1140.03125, 1140.03125, 1140.03125, 1140.03125, 1140.03125, 1140.03125, 1140.03125, 1140.03125, 1140.03125, 1140.03125, 1140.03125, 2800.0], "total_memory": 31532.75}}