{"model": {"model_name": "GPT_1-3B", "num_layers": 26, "parameters": {"total_parameters_bytes": 8601518080, "parameters_per_layer_bytes": [524288000, 314705920, 314705920, 314705920, 314705920, 314705920, 314705920, 314705920, 314705920, 314705920, 314705920, 314705920, 314705920, 314705920, 314705920, 314705920, 314705920, 314705920, 314705920, 314705920, 314705920, 314705920, 314705920, 314705920, 314705920, 524288000]}}, "execution_time": {"batch_generator_time_ms": 0, "optimizer_time_ms": 0, "layer_compute_total_ms": [48.77291412353516, 125.66712646484375, 125.66712646484375, 125.66712646484375, 125.66712646484375, 125.66712646484375, 125.66712646484375, 125.66712646484375, 125.66712646484375, 125.66712646484375, 125.66712646484375, 125.66712646484375, 125.66712646484375, 125.66712646484375, 125.66712646484375, 125.66712646484375, 125.66712646484375, 125.66712646484375, 125.66712646484375, 125.66712646484375, 125.66712646484375, 125.66712646484375, 125.66712646484375, 125.66712646484375, 125.66712646484375, 91.93818359375], "forward_backward_time_ms": 3156.7221328735363}, "execution_memory": {"layer_memory_total_mb": [1118.0, 852.03125, 852.03125, 852.03125, 852.03125, 852.03125, 852.03125, 852.03125, 852.03125, 852.03125, 852.03125, 852.03125, 852.03125, 852.03125, 852.03125, 852.03125, 852.03125, 852.03125, 852.03125, 852.03125, 852.03125, 852.03125, 852.03125, 852.03125, 852.03125, 2400.0], "total_memory": 23966.75}}