{"model": {"model_name": "GPT_1-3B", "num_layers": 26, "parameters": {"total_parameters_bytes": 8601518080, "parameters_per_layer_bytes": [524288000, 314705920, 314705920, 314705920, 314705920, 314705920, 314705920, 314705920, 314705920, 314705920, 314705920, 314705920, 314705920, 314705920, 314705920, 314705920, 314705920, 314705920, 314705920, 314705920, 314705920, 314705920, 314705920, 314705920, 314705920, 524288000]}}, "execution_time": {"batch_generator_time_ms": 0, "optimizer_time_ms": 0, "layer_compute_total_ms": [39.842413330078124, 113.77398071289062, 113.77398071289062, 113.77398071289062, 113.77398071289062, 113.77398071289062, 113.77398071289062, 113.77398071289062, 113.77398071289062, 113.77398071289062, 113.77398071289062, 113.77398071289062, 113.77398071289062, 113.77398071289062, 113.77398071289062, 113.77398071289062, 113.77398071289062, 113.77398071289062, 113.77398071289062, 113.77398071289062, 113.77398071289062, 113.77398071289062, 113.77398071289062, 113.77398071289062, 113.77398071289062, 77.49529418945312], "forward_backward_time_ms": 2847.913244628905}, "execution_memory": {"layer_memory_total_mb": [1682.0, 1009.1259765625, 1009.1259765625, 1009.1259765625, 1009.1259765625, 1009.1259765625, 1009.1259765625, 1009.1259765625, 1009.1259765625, 1009.1259765625, 1009.1259765625, 1009.1259765625, 1009.1259765625, 1009.1259765625, 1009.1259765625, 1009.1259765625, 1009.1259765625, 1009.1259765625, 1009.1259765625, 1009.1259765625, 1009.1259765625, 1009.1259765625, 1009.1259765625, 1009.1259765625, 1009.1259765625, 4864.0], "total_memory": 30765.0234375}}