{
    "model": {
        "model_name": "GPT_1-3B",
        "num_layers": 26,
        "parameters": {
            "total_parameters_bytes": 8601518080,
            "parameters_per_layer_bytes": [
                524288000,
                314705920,
                314705920,
                314705920,
                314705920,
                314705920,
                314705920,
                314705920,
                314705920,
                314705920,
                314705920,
                314705920,
                314705920,
                314705920,
                314705920,
                314705920,
                314705920,
                314705920,
                314705920,
                314705920,
                314705920,
                314705920,
                314705920,
                314705920,
                314705920,
                524288000
            ]
        }
    },
    "execution_time": {
        "batch_generator_time_ms": 0,
        "optimizer_time_ms": 0,
        "layer_compute_total_ms": [
            6.844211292266846,
            72.08386535644532,
            72.08386535644532,
            72.08386535644532,
            72.08386535644532,
            72.08386535644532,
            72.08386535644532,
            72.08386535644532,
            72.08386535644532,
            72.08386535644532,
            72.08386535644532,
            72.08386535644532,
            72.08386535644532,
            72.08386535644532,
            72.08386535644532,
            72.08386535644532,
            72.08386535644532,
            72.08386535644532,
            72.08386535644532,
            72.08386535644532,
            72.08386535644532,
            72.08386535644532,
            72.08386535644532,
            72.08386535644532,
            72.08386535644532,
            158.5407958984375
        ],
        "forward_backward_time_ms": 1895.3977757453924
    },
    "execution_memory": {
        "layer_memory_total_mb": [
            2336.0,
            1857.0634765625,
            1857.0634765625,
            1857.0634765625,
            1857.0634765625,
            1857.0634765625,
            1857.0634765625,
            1857.0634765625,
            1857.0634765625,
            1857.0634765625,
            1857.0634765625,
            1857.0634765625,
            1857.0634765625,
            1857.0634765625,
            1857.0634765625,
            1857.0634765625,
            1857.0634765625,
            1857.0634765625,
            1857.0634765625,
            1857.0634765625,
            1857.0634765625,
            1857.0634765625,
            1857.0634765625,
            1857.0634765625,
            1857.0634765625,
            5600.0
        ],
        "total_memory": 52505.5234375
    }
}