{"model": {"model_name": "GPT_1-3B", "num_layers": 26, "parameters": {"total_parameters_bytes": 8601518080, "parameters_per_layer_bytes": [524288000, 314705920, 314705920, 314705920, 314705920, 314705920, 314705920, 314705920, 314705920, 314705920, 314705920, 314705920, 314705920, 314705920, 314705920, 314705920, 314705920, 314705920, 314705920, 314705920, 314705920, 314705920, 314705920, 314705920, 314705920, 524288000]}}, "execution_time": {"batch_generator_time_ms": 0, "optimizer_time_ms": 0, "layer_compute_total_ms": [52.083917236328126, 156.27161865234376, 156.27161865234376, 156.27161865234376, 156.27161865234376, 156.27161865234376, 156.27161865234376, 156.27161865234376, 156.27161865234376, 156.27161865234376, 156.27161865234376, 156.27161865234376, 156.27161865234376, 156.27161865234376, 156.27161865234376, 156.27161865234376, 156.27161865234376, 156.27161865234376, 156.27161865234376, 156.27161865234376, 156.27161865234376, 156.27161865234376, 156.27161865234376, 156.27161865234376, 156.27161865234376, 172.03875732421875], "forward_backward_time_ms": 3974.6415222167984}, "execution_memory": {"layer_memory_total_mb": [1682.0, 1501.0634765625, 1501.0634765625, 1501.0634765625, 1501.0634765625, 1501.0634765625, 1501.0634765625, 1501.0634765625, 1501.0634765625, 1501.0634765625, 1501.0634765625, 1501.0634765625, 1501.0634765625, 1501.0634765625, 1501.0634765625, 1501.0634765625, 1501.0634765625, 1501.0634765625, 1501.0634765625, 1501.0634765625, 1501.0634765625, 1501.0634765625, 1501.0634765625, 1501.0634765625, 1501.0634765625, 4800.0], "total_memory": 42507.5234375}}