{"model": {"model_name": "GPT_1-3B", "num_layers": 26, "parameters": {"total_parameters_bytes": 8601518080, "parameters_per_layer_bytes": [524288000, 314705920, 314705920, 314705920, 314705920, 314705920, 314705920, 314705920, 314705920, 314705920, 314705920, 314705920, 314705920, 314705920, 314705920, 314705920, 314705920, 314705920, 314705920, 314705920, 314705920, 314705920, 314705920, 314705920, 314705920, 524288000]}}, "execution_time": {"batch_generator_time_ms": 0, "optimizer_time_ms": 0, "layer_compute_total_ms": [19.09002227783203, 54.928793334960936, 54.928793334960936, 54.928793334960936, 54.928793334960936, 54.928793334960936, 54.928793334960936, 54.928793334960936, 54.928793334960936, 54.928793334960936, 54.928793334960936, 54.928793334960936, 54.928793334960936, 54.928793334960936, 54.928793334960936, 54.928793334960936, 54.928793334960936, 54.928793334960936, 54.928793334960936, 54.928793334960936, 54.928793334960936, 54.928793334960936, 54.928793334960936, 54.928793334960936, 54.928793334960936, 26.13594970703125], "forward_backward_time_ms": 1363.5170120239259}, "execution_memory": {"layer_memory_total_mb": [844.0, 356.2822265625, 356.2822265625, 356.2822265625, 356.2822265625, 356.2822265625, 356.2822265625, 356.2822265625, 356.2822265625, 356.2822265625, 356.2822265625, 356.2822265625, 356.2822265625, 356.2822265625, 356.2822265625, 356.2822265625, 356.2822265625, 356.2822265625, 356.2822265625, 356.2822265625, 356.2822265625, 356.2822265625, 356.2822265625, 356.2822265625, 356.2822265625, 1400.0], "total_memory": 10794.7734375}}