{"model": {"model_name": "GPT_1-3B", "num_layers": 26, "parameters": {"total_parameters_bytes": 8601518080, "parameters_per_layer_bytes": [524288000, 314705920, 314705920, 314705920, 314705920, 314705920, 314705920, 314705920, 314705920, 314705920, 314705920, 314705920, 314705920, 314705920, 314705920, 314705920, 314705920, 314705920, 314705920, 314705920, 314705920, 314705920, 314705920, 314705920, 314705920, 524288000]}}, "execution_time": {"batch_generator_time_ms": 0, "optimizer_time_ms": 0, "layer_compute_total_ms": [179.26205444335938, 572.0919921875, 572.0919921875, 572.0919921875, 572.0919921875, 572.0919921875, 572.0919921875, 572.0919921875, 572.0919921875, 572.0919921875, 572.0919921875, 572.0919921875, 572.0919921875, 572.0919921875, 572.0919921875, 572.0919921875, 572.0919921875, 572.0919921875, 572.0919921875, 572.0919921875, 572.0919921875, 572.0919921875, 572.0919921875, 572.0919921875, 572.0919921875, 185.91129150390626], "forward_backward_time_ms": 14095.38115844726}, "execution_memory": {"layer_memory_total_mb": [854.0, 492.015625, 492.015625, 492.015625, 492.015625, 492.015625, 492.015625, 492.015625, 492.015625, 492.015625, 492.015625, 492.015625, 492.015625, 492.015625, 492.015625, 492.015625, 492.015625, 492.015625, 492.015625, 492.015625, 492.015625, 492.015625, 492.015625, 492.015625, 492.015625, 1264.0], "total_memory": 13926.375}}