{"model": {"model_name": "GPT_1-3B", "num_layers": 26, "parameters": {"total_parameters_bytes": 8601518080, "parameters_per_layer_bytes": [524288000, 314705920, 314705920, 314705920, 314705920, 314705920, 314705920, 314705920, 314705920, 314705920, 314705920, 314705920, 314705920, 314705920, 314705920, 314705920, 314705920, 314705920, 314705920, 314705920, 314705920, 314705920, 314705920, 314705920, 314705920, 524288000]}}, "execution_time": {"batch_generator_time_ms": 0, "optimizer_time_ms": 0, "layer_compute_total_ms": [119.99088745117187, 373.73480224609375, 373.73480224609375, 373.73480224609375, 373.73480224609375, 373.73480224609375, 373.73480224609375, 373.73480224609375, 373.73480224609375, 373.73480224609375, 373.73480224609375, 373.73480224609375, 373.73480224609375, 373.73480224609375, 373.73480224609375, 373.73480224609375, 373.73480224609375, 373.73480224609375, 373.73480224609375, 373.73480224609375, 373.73480224609375, 373.73480224609375, 373.73480224609375, 373.73480224609375, 373.73480224609375, 213.848876953125], "forward_backward_time_ms": 9303.475018310546}, "execution_memory": {"layer_memory_total_mb": [1682.0, 1281.1259765625, 1281.1259765625, 1281.1259765625, 1281.1259765625, 1281.1259765625, 1281.1259765625, 1281.1259765625, 1281.1259765625, 1281.1259765625, 1281.1259765625, 1281.1259765625, 1281.1259765625, 1281.1259765625, 1281.1259765625, 1281.1259765625, 1281.1259765625, 1281.1259765625, 1281.1259765625, 1281.1259765625, 1281.1259765625, 1281.1259765625, 1281.1259765625, 1281.1259765625, 1281.1259765625, 4800.0], "total_memory": 37229.0234375}}