{"model": {"model_name": "GPT_1-3B", "num_layers": 26, "parameters": {"total_parameters_bytes": 8601518080, "parameters_per_layer_bytes": [524288000, 314705920, 314705920, 314705920, 314705920, 314705920, 314705920, 314705920, 314705920, 314705920, 314705920, 314705920, 314705920, 314705920, 314705920, 314705920, 314705920, 314705920, 314705920, 314705920, 314705920, 314705920, 314705920, 314705920, 314705920, 524288000]}}, "execution_time": {"batch_generator_time_ms": 0, "optimizer_time_ms": 0, "layer_compute_total_ms": [3.59301118850708, 41.49452209472656, 41.49452209472656, 41.49452209472656, 41.49452209472656, 41.49452209472656, 41.49452209472656, 41.49452209472656, 41.49452209472656, 41.49452209472656, 41.49452209472656, 41.49452209472656, 41.49452209472656, 41.49452209472656, 41.49452209472656, 41.49452209472656, 41.49452209472656, 41.49452209472656, 41.49452209472656, 41.49452209472656, 41.49452209472656, 41.49452209472656, 41.49452209472656, 41.49452209472656, 41.49452209472656, 106.13558349609374], "forward_backward_time_ms": 1105.5971249580382}, "execution_memory": {"layer_memory_total_mb": [2582.0, 3020.125, 3020.125, 3020.125, 3020.125, 3020.125, 3020.125, 3020.125, 3020.125, 3020.125, 3020.125, 3020.125, 3020.125, 3020.125, 3020.125, 3020.125, 3020.125, 3020.125, 3020.125, 3020.125, 3020.125, 3020.125, 3020.125, 3020.125, 3020.125, 9600.0], "total_memory": 84665.0}}