{"model": {"model_name": "GPT_1-3B", "num_layers": 26, "parameters": {"total_parameters_bytes": 8601518080, "parameters_per_layer_bytes": [524288000, 314705920, 314705920, 314705920, 314705920, 314705920, 314705920, 314705920, 314705920, 314705920, 314705920, 314705920, 314705920, 314705920, 314705920, 314705920, 314705920, 314705920, 314705920, 314705920, 314705920, 314705920, 314705920, 314705920, 314705920, 524288000]}}, "execution_time": {"batch_generator_time_ms": 0, "optimizer_time_ms": 0, "layer_compute_total_ms": [40.62208099365235, 109.62718505859375, 109.62718505859375, 109.62718505859375, 109.62718505859375, 109.62718505859375, 109.62718505859375, 109.62718505859375, 109.62718505859375, 109.62718505859375, 109.62718505859375, 109.62718505859375, 109.62718505859375, 109.62718505859375, 109.62718505859375, 109.62718505859375, 109.62718505859375, 109.62718505859375, 109.62718505859375, 109.62718505859375, 109.62718505859375, 109.62718505859375, 109.62718505859375, 109.62718505859375, 109.62718505859375, 51.70565185546875], "forward_backward_time_ms": 2723.3801742553705}, "execution_memory": {"layer_memory_total_mb": [1118.0, 504.5634765625, 504.5634765625, 504.5634765625, 504.5634765625, 504.5634765625, 504.5634765625, 504.5634765625, 504.5634765625, 504.5634765625, 504.5634765625, 504.5634765625, 504.5634765625, 504.5634765625, 504.5634765625, 504.5634765625, 504.5634765625, 504.5634765625, 504.5634765625, 504.5634765625, 504.5634765625, 504.5634765625, 504.5634765625, 504.5634765625, 504.5634765625, 2400.0], "total_memory": 15627.5234375}}