{
    "model": {
        "model_name": "GPT_1-3B",
        "num_layers": 26,
        "parameters": {
            "total_parameters_bytes": 8601518080,
            "parameters_per_layer_bytes": [
                524288000,
                314705920,
                314705920,
                314705920,
                314705920,
                314705920,
                314705920,
                314705920,
                314705920,
                314705920,
                314705920,
                314705920,
                314705920,
                314705920,
                314705920,
                314705920,
                314705920,
                314705920,
                314705920,
                314705920,
                314705920,
                314705920,
                314705920,
                314705920,
                314705920,
                524288000
            ]
        }
    },
    "execution_time": {
        "batch_generator_time_ms": 0,
        "optimizer_time_ms": 0,
        "layer_compute_total_ms": [
            78.69972534179688,
            253.33472900390626,
            253.33472900390626,
            253.33472900390626,
            253.33472900390626,
            253.33472900390626,
            253.33472900390626,
            253.33472900390626,
            253.33472900390626,
            253.33472900390626,
            253.33472900390626,
            253.33472900390626,
            253.33472900390626,
            253.33472900390626,
            253.33472900390626,
            253.33472900390626,
            253.33472900390626,
            253.33472900390626,
            253.33472900390626,
            253.33472900390626,
            253.33472900390626,
            253.33472900390626,
            253.33472900390626,
            253.33472900390626,
            253.33472900390626,
            90.06755981445312
        ],
        "forward_backward_time_ms": 6248.800781250003
    },
    "execution_memory": {
        "layer_memory_total_mb": [
            844.0,
            476.015625,
            476.015625,
            476.015625,
            476.015625,
            476.015625,
            476.015625,
            476.015625,
            476.015625,
            476.015625,
            476.015625,
            476.015625,
            476.015625,
            476.015625,
            476.015625,
            476.015625,
            476.015625,
            476.015625,
            476.015625,
            476.015625,
            476.015625,
            476.015625,
            476.015625,
            476.015625,
            476.015625,
            1452.0
        ],
        "total_memory": 13720.375
    }
}