{"model": {"model_name": "GPT_1-3B", "num_layers": 26, "parameters": {"total_parameters_bytes": 8601518080, "parameters_per_layer_bytes": [524288000, 314705920, 314705920, 314705920, 314705920, 314705920, 314705920, 314705920, 314705920, 314705920, 314705920, 314705920, 314705920, 314705920, 314705920, 314705920, 314705920, 314705920, 314705920, 314705920, 314705920, 314705920, 314705920, 314705920, 314705920, 524288000]}}, "execution_time": {"batch_generator_time_ms": 0, "optimizer_time_ms": 0, "layer_compute_total_ms": [34.25955810546875, 98.62901916503907, 98.62901916503907, 98.62901916503907, 98.62901916503907, 98.62901916503907, 98.62901916503907, 98.62901916503907, 98.62901916503907, 98.62901916503907, 98.62901916503907, 98.62901916503907, 98.62901916503907, 98.62901916503907, 98.62901916503907, 98.62901916503907, 98.62901916503907, 98.62901916503907, 98.62901916503907, 98.62901916503907, 98.62901916503907, 98.62901916503907, 98.62901916503907, 98.62901916503907, 98.62901916503907, 43.8681396484375], "forward_backward_time_ms": 2445.2241577148448}, "execution_memory": {"layer_memory_total_mb": [624.0, 631.0078125, 631.0078125, 631.0078125, 631.0078125, 631.0078125, 631.0078125, 631.0078125, 631.0078125, 631.0078125, 631.0078125, 631.0078125, 631.0078125, 631.0078125, 631.0078125, 631.0078125, 631.0078125, 631.0078125, 631.0078125, 631.0078125, 631.0078125, 631.0078125, 631.0078125, 631.0078125, 631.0078125, 700.0], "total_memory": 16468.1875}}