{"model": {"model_name": "GPT_1-3B", "num_layers": 26, "parameters": {"total_parameters_bytes": 8601518080, "parameters_per_layer_bytes": [524288000, 314705920, 314705920, 314705920, 314705920, 314705920, 314705920, 314705920, 314705920, 314705920, 314705920, 314705920, 314705920, 314705920, 314705920, 314705920, 314705920, 314705920, 314705920, 314705920, 314705920, 314705920, 314705920, 314705920, 314705920, 524288000]}}, "execution_time": {"batch_generator_time_ms": 0, "optimizer_time_ms": 0, "layer_compute_total_ms": [24.076697540283202, 62.19243469238281, 62.19243469238281, 62.19243469238281, 62.19243469238281, 62.19243469238281, 62.19243469238281, 62.19243469238281, 62.19243469238281, 62.19243469238281, 62.19243469238281, 62.19243469238281, 62.19243469238281, 62.19243469238281, 62.19243469238281, 62.19243469238281, 62.19243469238281, 62.19243469238281, 62.19243469238281, 62.19243469238281, 62.19243469238281, 62.19243469238281, 62.19243469238281, 62.19243469238281, 62.19243469238281, 46.955929565429685], "forward_backward_time_ms": 1563.6510597229008}, "execution_memory": {"layer_memory_total_mb": [844.0, 356.2822265625, 356.2822265625, 356.2822265625, 356.2822265625, 356.2822265625, 356.2822265625, 356.2822265625, 356.2822265625, 356.2822265625, 356.2822265625, 356.2822265625, 356.2822265625, 356.2822265625, 356.2822265625, 356.2822265625, 356.2822265625, 356.2822265625, 356.2822265625, 356.2822265625, 356.2822265625, 356.2822265625, 356.2822265625, 356.2822265625, 356.2822265625, 1400.0], "total_memory": 10794.7734375}}