{
    "model": {
        "model_name": "GPT_1-3B",
        "num_layers": 26,
        "parameters": {
            "total_parameters_bytes": 8601518080,
            "parameters_per_layer_bytes": [
                524288000,
                314705920,
                314705920,
                314705920,
                314705920,
                314705920,
                314705920,
                314705920,
                314705920,
                314705920,
                314705920,
                314705920,
                314705920,
                314705920,
                314705920,
                314705920,
                314705920,
                314705920,
                314705920,
                314705920,
                314705920,
                314705920,
                314705920,
                314705920,
                314705920,
                524288000
            ]
        }
    },
    "execution_time": {
        "batch_generator_time_ms": 0,
        "optimizer_time_ms": 0,
        "layer_compute_total_ms": [
            3.84081916809082,
            63.26722412109375,
            63.26722412109375,
            63.26722412109375,
            63.26722412109375,
            63.26722412109375,
            63.26722412109375,
            63.26722412109375,
            63.26722412109375,
            63.26722412109375,
            63.26722412109375,
            63.26722412109375,
            63.26722412109375,
            63.26722412109375,
            63.26722412109375,
            63.26722412109375,
            63.26722412109375,
            63.26722412109375,
            63.26722412109375,
            63.26722412109375,
            63.26722412109375,
            63.26722412109375,
            63.26722412109375,
            63.26722412109375,
            63.26722412109375,
            121.69359130859375
        ],
        "forward_backward_time_ms": 1643.947789382934
    },
    "execution_memory": {
        "layer_memory_total_mb": [
            2336.0,
            1761.1337890625,
            1761.1337890625,
            1761.1337890625,
            1761.1337890625,
            1761.1337890625,
            1761.1337890625,
            1761.1337890625,
            1761.1337890625,
            1761.1337890625,
            1761.1337890625,
            1761.1337890625,
            1761.1337890625,
            1761.1337890625,
            1761.1337890625,
            1761.1337890625,
            1761.1337890625,
            1761.1337890625,
            1761.1337890625,
            1761.1337890625,
            1761.1337890625,
            1761.1337890625,
            1761.1337890625,
            1761.1337890625,
            1761.1337890625,
            5600.0
        ],
        "total_memory": 50203.2109375
    }
}