{"model": {"model_name": "GPT_1-3B", "num_layers": 26, "parameters": {"total_parameters_bytes": 8601518080, "parameters_per_layer_bytes": [524288000, 314705920, 314705920, 314705920, 314705920, 314705920, 314705920, 314705920, 314705920, 314705920, 314705920, 314705920, 314705920, 314705920, 314705920, 314705920, 314705920, 314705920, 314705920, 314705920, 314705920, 314705920, 314705920, 314705920, 314705920, 524288000]}}, "execution_time": {"batch_generator_time_ms": 0, "optimizer_time_ms": 0, "layer_compute_total_ms": [162.26775512695312, 505.061376953125, 505.061376953125, 505.061376953125, 505.061376953125, 505.061376953125, 505.061376953125, 505.061376953125, 505.061376953125, 505.061376953125, 505.061376953125, 505.061376953125, 505.061376953125, 505.061376953125, 505.061376953125, 505.061376953125, 505.061376953125, 505.061376953125, 505.061376953125, 505.061376953125, 505.061376953125, 505.061376953125, 505.061376953125, 505.061376953125, 505.061376953125, 179.63724365234376], "forward_backward_time_ms": 12463.378045654292}, "execution_memory": {"layer_memory_total_mb": [1118.0, 856.03125, 856.03125, 856.03125, 856.03125, 856.03125, 856.03125, 856.03125, 856.03125, 856.03125, 856.03125, 856.03125, 856.03125, 856.03125, 856.03125, 856.03125, 856.03125, 856.03125, 856.03125, 856.03125, 856.03125, 856.03125, 856.03125, 856.03125, 856.03125, 2480.0], "total_memory": 24142.75}}