{"model": {"model_name": "GPT_1-3B", "num_layers": 26, "parameters": {"total_parameters_bytes": 8601518080, "parameters_per_layer_bytes": [524288000, 314705920, 314705920, 314705920, 314705920, 314705920, 314705920, 314705920, 314705920, 314705920, 314705920, 314705920, 314705920, 314705920, 314705920, 314705920, 314705920, 314705920, 314705920, 314705920, 314705920, 314705920, 314705920, 314705920, 314705920, 524288000]}}, "execution_time": {"batch_generator_time_ms": 0, "optimizer_time_ms": 0, "layer_compute_total_ms": [62.557183837890626, 192.96481323242188, 192.96481323242188, 192.96481323242188, 192.96481323242188, 192.96481323242188, 192.96481323242188, 192.96481323242188, 192.96481323242188, 192.96481323242188, 192.96481323242188, 192.96481323242188, 192.96481323242188, 192.96481323242188, 192.96481323242188, 192.96481323242188, 192.96481323242188, 192.96481323242188, 192.96481323242188, 192.96481323242188, 192.96481323242188, 192.96481323242188, 192.96481323242188, 192.96481323242188, 192.96481323242188, 67.83795166015625], "forward_backward_time_ms": 4761.550653076172}, "execution_memory": {"layer_memory_total_mb": [854.0, 672.015625, 672.015625, 672.015625, 672.015625, 672.015625, 672.015625, 672.015625, 672.015625, 672.015625, 672.015625, 672.015625, 672.015625, 672.015625, 672.015625, 672.015625, 672.015625, 672.015625, 672.015625, 672.015625, 672.015625, 672.015625, 672.015625, 672.015625, 672.015625, 1200.0], "total_memory": 18182.375}}