{"model": {"model_name": "GPT_1-3B", "num_layers": 26, "parameters": {"total_parameters_bytes": 8601518080, "parameters_per_layer_bytes": [524288000, 314705920, 314705920, 314705920, 314705920, 314705920, 314705920, 314705920, 314705920, 314705920, 314705920, 314705920, 314705920, 314705920, 314705920, 314705920, 314705920, 314705920, 314705920, 314705920, 314705920, 314705920, 314705920, 314705920, 314705920, 524288000]}}, "execution_time": {"batch_generator_time_ms": 0, "optimizer_time_ms": 0, "layer_compute_total_ms": [70.04344482421875, 196.01715087890625, 196.01715087890625, 196.01715087890625, 196.01715087890625, 196.01715087890625, 196.01715087890625, 196.01715087890625, 196.01715087890625, 196.01715087890625, 196.01715087890625, 196.01715087890625, 196.01715087890625, 196.01715087890625, 196.01715087890625, 196.01715087890625, 196.01715087890625, 196.01715087890625, 196.01715087890625, 196.01715087890625, 196.01715087890625, 196.01715087890625, 196.01715087890625, 196.01715087890625, 196.01715087890625, 85.66495971679687], "forward_backward_time_ms": 4860.120025634766}, "execution_memory": {"layer_memory_total_mb": [854.0, 680.2666015625, 680.2666015625, 680.2666015625, 680.2666015625, 680.2666015625, 680.2666015625, 680.2666015625, 680.2666015625, 680.2666015625, 680.2666015625, 680.2666015625, 680.2666015625, 680.2666015625, 680.2666015625, 680.2666015625, 680.2666015625, 680.2666015625, 680.2666015625, 680.2666015625, 680.2666015625, 680.2666015625, 680.2666015625, 680.2666015625, 680.2666015625, 1264.0], "total_memory": 18444.3984375}}