{
    "model": {
        "model_name": "GPT_1-3B",
        "num_layers": 26,
        "parameters": {
            "total_parameters_bytes": 8601518080,
            "parameters_per_layer_bytes": [
                524288000,
                314705920,
                314705920,
                314705920,
                314705920,
                314705920,
                314705920,
                314705920,
                314705920,
                314705920,
                314705920,
                314705920,
                314705920,
                314705920,
                314705920,
                314705920,
                314705920,
                314705920,
                314705920,
                314705920,
                314705920,
                314705920,
                314705920,
                314705920,
                314705920,
                524288000
            ]
        }
    },
    "execution_time": {
        "batch_generator_time_ms": 0,
        "optimizer_time_ms": 0,
        "layer_compute_total_ms": [
            90.30225830078125,
            288.60845947265625,
            288.60845947265625,
            288.60845947265625,
            288.60845947265625,
            288.60845947265625,
            288.60845947265625,
            288.60845947265625,
            288.60845947265625,
            288.60845947265625,
            288.60845947265625,
            288.60845947265625,
            288.60845947265625,
            288.60845947265625,
            288.60845947265625,
            288.60845947265625,
            288.60845947265625,
            288.60845947265625,
            288.60845947265625,
            288.60845947265625,
            288.60845947265625,
            288.60845947265625,
            288.60845947265625,
            288.60845947265625,
            288.60845947265625,
            93.785498046875
        ],
        "forward_backward_time_ms": 7110.690783691406
    },
    "execution_memory": {
        "layer_memory_total_mb": [
            624.0,
            387.0078125,
            387.0078125,
            387.0078125,
            387.0078125,
            387.0078125,
            387.0078125,
            387.0078125,
            387.0078125,
            387.0078125,
            387.0078125,
            387.0078125,
            387.0078125,
            387.0078125,
            387.0078125,
            387.0078125,
            387.0078125,
            387.0078125,
            387.0078125,
            387.0078125,
            387.0078125,
            387.0078125,
            387.0078125,
            387.0078125,
            387.0078125,
            732.0
        ],
        "total_memory": 10644.1875
    }
}