{"model": {"model_name": "GPT_1-3B", "num_layers": 26, "parameters": {"total_parameters_bytes": 8601518080, "parameters_per_layer_bytes": [524288000, 314705920, 314705920, 314705920, 314705920, 314705920, 314705920, 314705920, 314705920, 314705920, 314705920, 314705920, 314705920, 314705920, 314705920, 314705920, 314705920, 314705920, 314705920, 314705920, 314705920, 314705920, 314705920, 314705920, 314705920, 524288000]}}, "execution_time": {"batch_generator_time_ms": 0, "optimizer_time_ms": 0, "layer_compute_total_ms": [10.687295722961426, 142.3943664550781, 142.3943664550781, 142.3943664550781, 142.3943664550781, 142.3943664550781, 142.3943664550781, 142.3943664550781, 142.3943664550781, 142.3943664550781, 142.3943664550781, 142.3943664550781, 142.3943664550781, 142.3943664550781, 142.3943664550781, 142.3943664550781, 142.3943664550781, 142.3943664550781, 142.3943664550781, 142.3943664550781, 142.3943664550781, 142.3943664550781, 142.3943664550781, 142.3943664550781, 142.3943664550781, 321.2201904296875], "forward_backward_time_ms": 3749.3722810745226}, "execution_memory": {"layer_memory_total_mb": [2582.0, 2828.125, 2828.125, 2828.125, 2828.125, 2828.125, 2828.125, 2828.125, 2828.125, 2828.125, 2828.125, 2828.125, 2828.125, 2828.125, 2828.125, 2828.125, 2828.125, 2828.125, 2828.125, 2828.125, 2828.125, 2828.125, 2828.125, 2828.125, 2828.125, 9664.0], "total_memory": 80121.0}}