{"model": {"model_name": "GPT_1-3B", "num_layers": 26, "parameters": {"total_parameters_bytes": 8601518080, "parameters_per_layer_bytes": [524288000, 314705920, 314705920, 314705920, 314705920, 314705920, 314705920, 314705920, 314705920, 314705920, 314705920, 314705920, 314705920, 314705920, 314705920, 314705920, 314705920, 314705920, 314705920, 314705920, 314705920, 314705920, 314705920, 314705920, 314705920, 524288000]}}, "execution_time": {"batch_generator_time_ms": 0, "optimizer_time_ms": 0, "layer_compute_total_ms": [1442.028564453125, 22301.749609375, 22301.749609375, 22301.749609375, 22301.749609375, 22301.749609375, 22301.749609375, 22301.749609375, 22301.749609375, 22301.749609375, 22301.749609375, 22301.749609375, 22301.749609375, 22301.749609375, 22301.749609375, 22301.749609375, 22301.749609375, 22301.749609375, 22301.749609375, 22301.749609375, 22301.749609375, 22301.749609375, 22301.749609375, 22301.749609375, 22301.749609375, 1501.8009765625], "forward_backward_time_ms": 538185.8201660159}, "execution_memory": {"layer_memory_total_mb": [5686.0, 110000736.125, 110000736.125, 110000736.125, 110000736.125, 110000736.125, 110000736.125, 110000736.125, 110000736.125, 110000736.125, 110000736.125, 110000736.125, 110000736.125, 110000736.125, 110000736.125, 110000736.125, 110000736.125, 110000736.125, 110000736.125, 110000736.125, 110000736.125, 110000736.125, 110000736.125, 110000736.125, 110000736.125, 8716.0], "total_memory": 2640032069.0}}