{"model": {"model_name": "GPT_1-3B", "num_layers": 26, "parameters": {"total_parameters_bytes": 8601518080, "parameters_per_layer_bytes": [524288000, 314705920, 314705920, 314705920, 314705920, 314705920, 314705920, 314705920, 314705920, 314705920, 314705920, 314705920, 314705920, 314705920, 314705920, 314705920, 314705920, 314705920, 314705920, 314705920, 314705920, 314705920, 314705920, 314705920, 314705920, 524288000]}}, "execution_time": {"batch_generator_time_ms": 0, "optimizer_time_ms": 0, "layer_compute_total_ms": [9.139609909057617, 446.33619384765626, 446.33619384765626, 446.33619384765626, 446.33619384765626, 446.33619384765626, 446.33619384765626, 446.33619384765626, 446.33619384765626, 446.33619384765626, 446.33619384765626, 446.33619384765626, 446.33619384765626, 446.33619384765626, 446.33619384765626, 446.33619384765626, 446.33619384765626, 446.33619384765626, 446.33619384765626, 446.33619384765626, 446.33619384765626, 446.33619384765626, 446.33619384765626, 446.33619384765626, 446.33619384765626, 20000.0], "forward_backward_time_ms": 30721.208262252803}, "execution_memory": {"layer_memory_total_mb": [5880.0, 8576.5, 8576.5, 8576.5, 8576.5, 8576.5, 8576.5, 8576.5, 8576.5, 8576.5, 8576.5, 8576.5, 8576.5, 8576.5, 8576.5, 8576.5, 8576.5, 8576.5, 8576.5, 8576.5, 8576.5, 8576.5, 8576.5, 8576.5, 8576.5, 110000000.0], "total_memory": 110211716.0}}