{"model": {"model_name": "GPT_1-3B", "num_layers": 26, "parameters": {"total_parameters_bytes": 8601518080, "parameters_per_layer_bytes": [524288000, 314705920, 314705920, 314705920, 314705920, 314705920, 314705920, 314705920, 314705920, 314705920, 314705920, 314705920, 314705920, 314705920, 314705920, 314705920, 314705920, 314705920, 314705920, 314705920, 314705920, 314705920, 314705920, 314705920, 314705920, 524288000]}}, "execution_time": {"batch_generator_time_ms": 0, "optimizer_time_ms": 0, "layer_compute_total_ms": [207.05054931640626, 1112.1922119140625, 1112.1922119140625, 1112.1922119140625, 1112.1922119140625, 1112.1922119140625, 1112.1922119140625, 1112.1922119140625, 1112.1922119140625, 1112.1922119140625, 1112.1922119140625, 1112.1922119140625, 1112.1922119140625, 1112.1922119140625, 1112.1922119140625, 1112.1922119140625, 1112.1922119140625, 1112.1922119140625, 1112.1922119140625, 1112.1922119140625, 1112.1922119140625, 1112.1922119140625, 1112.1922119140625, 1112.1922119140625, 1112.1922119140625, 20000.0], "forward_backward_time_ms": 46899.66363525389}, "execution_memory": {"layer_memory_total_mb": [4440.0, 4168.2509765625, 4168.2509765625, 4168.2509765625, 4168.2509765625, 4168.2509765625, 4168.2509765625, 4168.2509765625, 4168.2509765625, 4168.2509765625, 4168.2509765625, 4168.2509765625, 4168.2509765625, 4168.2509765625, 4168.2509765625, 4168.2509765625, 4168.2509765625, 4168.2509765625, 4168.2509765625, 4168.2509765625, 4168.2509765625, 4168.2509765625, 4168.2509765625, 4168.2509765625, 4168.2509765625, 110000000.0], "total_memory": 110104478.0234375}}