{"model": {"model_name": "GPT_1-3B", "num_layers": 26, "parameters": {"total_parameters_bytes": 8601518080, "parameters_per_layer_bytes": [524288000, 314705920, 314705920, 314705920, 314705920, 314705920, 314705920, 314705920, 314705920, 314705920, 314705920, 314705920, 314705920, 314705920, 314705920, 314705920, 314705920, 314705920, 314705920, 314705920, 314705920, 314705920, 314705920, 314705920, 314705920, 524288000]}}, "execution_time": {"batch_generator_time_ms": 0, "optimizer_time_ms": 0, "layer_compute_total_ms": [165.11099243164062, 520.215966796875, 520.215966796875, 520.215966796875, 520.215966796875, 520.215966796875, 520.215966796875, 520.215966796875, 520.215966796875, 520.215966796875, 520.215966796875, 520.215966796875, 520.215966796875, 520.215966796875, 520.215966796875, 520.215966796875, 520.215966796875, 520.215966796875, 520.215966796875, 520.215966796875, 520.215966796875, 520.215966796875, 520.215966796875, 520.215966796875, 520.215966796875, 208.04157714843748], "forward_backward_time_ms": 12858.335772705082}, "execution_memory": {"layer_memory_total_mb": [4104.0, 1794.2509765625, 1794.2509765625, 1794.2509765625, 1794.2509765625, 1794.2509765625, 1794.2509765625, 1794.2509765625, 1794.2509765625, 1794.2509765625, 1794.2509765625, 1794.2509765625, 1794.2509765625, 1794.2509765625, 1794.2509765625, 1794.2509765625, 1794.2509765625, 1794.2509765625, 1794.2509765625, 1794.2509765625, 1794.2509765625, 1794.2509765625, 1794.2509765625, 1794.2509765625, 1794.2509765625, 8402.0], "total_memory": 55568.0234375}}