{"model": {"model_name": "GPT_1-3B", "num_layers": 26, "parameters": {"total_parameters_bytes": 8601518080, "parameters_per_layer_bytes": [524288000, 314705920, 314705920, 314705920, 314705920, 314705920, 314705920, 314705920, 314705920, 314705920, 314705920, 314705920, 314705920, 314705920, 314705920, 314705920, 314705920, 314705920, 314705920, 314705920, 314705920, 314705920, 314705920, 314705920, 314705920, 524288000]}}, "execution_time": {"batch_generator_time_ms": 0, "optimizer_time_ms": 0, "layer_compute_total_ms": [163.78533325195312, 626.9083740234375, 626.9083740234375, 626.9083740234375, 626.9083740234375, 626.9083740234375, 626.9083740234375, 626.9083740234375, 626.9083740234375, 626.9083740234375, 626.9083740234375, 626.9083740234375, 626.9083740234375, 626.9083740234375, 626.9083740234375, 626.9083740234375, 626.9083740234375, 626.9083740234375, 626.9083740234375, 626.9083740234375, 626.9083740234375, 626.9083740234375, 626.9083740234375, 626.9083740234375, 626.9083740234375, 308.2967041015625], "forward_backward_time_ms": 15517.883013916022}, "execution_memory": {"layer_memory_total_mb": [4824.0, 3972.5009765625, 3972.5009765625, 3972.5009765625, 3972.5009765625, 3972.5009765625, 3972.5009765625, 3972.5009765625, 3972.5009765625, 3972.5009765625, 3972.5009765625, 3972.5009765625, 3972.5009765625, 3972.5009765625, 3972.5009765625, 3972.5009765625, 3972.5009765625, 3972.5009765625, 3972.5009765625, 3972.5009765625, 3972.5009765625, 3972.5009765625, 3972.5009765625, 3972.5009765625, 3972.5009765625, 16802.0], "total_memory": 116966.0234375}}