{
    "model": {
        "model_name": "GPT_1-3B",
        "num_layers": 26,
        "parameters": {
            "total_parameters_bytes": 8601518080,
            "parameters_per_layer_bytes": [
                524288000,
                314705920,
                314705920,
                314705920,
                314705920,
                314705920,
                314705920,
                314705920,
                314705920,
                314705920,
                314705920,
                314705920,
                314705920,
                314705920,
                314705920,
                314705920,
                314705920,
                314705920,
                314705920,
                314705920,
                314705920,
                314705920,
                314705920,
                314705920,
                314705920,
                524288000
            ]
        }
    },
    "execution_time": {
        "batch_generator_time_ms": 0,
        "optimizer_time_ms": 0,
        "layer_compute_total_ms": [
            438.7252197265625,
            2024.00087890625,
            2024.00087890625,
            2024.00087890625,
            2024.00087890625,
            2024.00087890625,
            2024.00087890625,
            2024.00087890625,
            2024.00087890625,
            2024.00087890625,
            2024.00087890625,
            2024.00087890625,
            2024.00087890625,
            2024.00087890625,
            2024.00087890625,
            2024.00087890625,
            2024.00087890625,
            2024.00087890625,
            2024.00087890625,
            2024.00087890625,
            2024.00087890625,
            2024.00087890625,
            2024.00087890625,
            2024.00087890625,
            2024.00087890625,
            20000.0
        ],
        "forward_backward_time_ms": 69014.74631347654
    },
    "execution_memory": {
        "layer_memory_total_mb": [
            4824.0,
            3204.5009765625,
            3204.5009765625,
            3204.5009765625,
            3204.5009765625,
            3204.5009765625,
            3204.5009765625,
            3204.5009765625,
            3204.5009765625,
            3204.5009765625,
            3204.5009765625,
            3204.5009765625,
            3204.5009765625,
            3204.5009765625,
            3204.5009765625,
            3204.5009765625,
            3204.5009765625,
            3204.5009765625,
            3204.5009765625,
            3204.5009765625,
            3204.5009765625,
            3204.5009765625,
            3204.5009765625,
            3204.5009765625,
            3204.5009765625,
            110000000.0
        ],
        "total_memory": 110081732.0234375
    }
}