{"model": {"model_name": "GPT_1-3B", "num_layers": 26, "parameters": {"total_parameters_bytes": 8601518080, "parameters_per_layer_bytes": [524288000, 314705920, 314705920, 314705920, 314705920, 314705920, 314705920, 314705920, 314705920, 314705920, 314705920, 314705920, 314705920, 314705920, 314705920, 314705920, 314705920, 314705920, 314705920, 314705920, 314705920, 314705920, 314705920, 314705920, 314705920, 524288000]}}, "execution_time": {"batch_generator_time_ms": 0, "optimizer_time_ms": 0, "layer_compute_total_ms": [19.341722106933595, 887.9173706054687, 887.9173706054687, 887.9173706054687, 887.9173706054687, 887.9173706054687, 887.9173706054687, 887.9173706054687, 887.9173706054687, 887.9173706054687, 887.9173706054687, 887.9173706054687, 887.9173706054687, 887.9173706054687, 887.9173706054687, 887.9173706054687, 887.9173706054687, 887.9173706054687, 887.9173706054687, 887.9173706054687, 887.9173706054687, 887.9173706054687, 887.9173706054687, 887.9173706054687, 887.9173706054687, 20000.0], "forward_backward_time_ms": 41329.35861663817}, "execution_memory": {"layer_memory_total_mb": [7852.0, 16897.0, 16897.0, 16897.0, 16897.0, 16897.0, 16897.0, 16897.0, 16897.0, 16897.0, 16897.0, 16897.0, 16897.0, 16897.0, 16897.0, 16897.0, 16897.0, 16897.0, 16897.0, 16897.0, 16897.0, 16897.0, 16897.0, 16897.0, 16897.0, 110000000.0], "total_memory": 110413380.0}}