{"model": {"model_name": "GPT_1-3B", "num_layers": 26, "parameters": {"total_parameters_bytes": 8601518080, "parameters_per_layer_bytes": [524288000, 314705920, 314705920, 314705920, 314705920, 314705920, 314705920, 314705920, 314705920, 314705920, 314705920, 314705920, 314705920, 314705920, 314705920, 314705920, 314705920, 314705920, 314705920, 314705920, 314705920, 314705920, 314705920, 314705920, 314705920, 524288000]}}, "execution_time": {"batch_generator_time_ms": 0, "optimizer_time_ms": 0, "layer_compute_total_ms": [253.84427490234376, 811.3809326171875, 811.3809326171875, 811.3809326171875, 811.3809326171875, 811.3809326171875, 811.3809326171875, 811.3809326171875, 811.3809326171875, 811.3809326171875, 811.3809326171875, 811.3809326171875, 811.3809326171875, 811.3809326171875, 811.3809326171875, 811.3809326171875, 811.3809326171875, 811.3809326171875, 811.3809326171875, 811.3809326171875, 811.3809326171875, 811.3809326171875, 811.3809326171875, 811.3809326171875, 811.3809326171875, 272.9185302734375], "forward_backward_time_ms": 19999.90518798827}, "execution_memory": {"layer_memory_total_mb": [3872.0, 1586.0625, 1586.0625, 1586.0625, 1586.0625, 1586.0625, 1586.0625, 1586.0625, 1586.0625, 1586.0625, 1586.0625, 1586.0625, 1586.0625, 1586.0625, 1586.0625, 1586.0625, 1586.0625, 1586.0625, 1586.0625, 1586.0625, 1586.0625, 1586.0625, 1586.0625, 1586.0625, 1586.0625, 4202.0], "total_memory": 46139.5}}