{"model": {"model_name": "GPT_1-3B", "num_layers": 26, "parameters": {"total_parameters_bytes": 8601518080, "parameters_per_layer_bytes": [524288000, 314705920, 314705920, 314705920, 314705920, 314705920, 314705920, 314705920, 314705920, 314705920, 314705920, 314705920, 314705920, 314705920, 314705920, 314705920, 314705920, 314705920, 314705920, 314705920, 314705920, 314705920, 314705920, 314705920, 314705920, 524288000]}}, "execution_time": {"batch_generator_time_ms": 0, "optimizer_time_ms": 0, "layer_compute_total_ms": [195.76708984375, 748.4813232421875, 748.4813232421875, 748.4813232421875, 748.4813232421875, 748.4813232421875, 748.4813232421875, 748.4813232421875, 748.4813232421875, 748.4813232421875, 748.4813232421875, 748.4813232421875, 748.4813232421875, 748.4813232421875, 748.4813232421875, 748.4813232421875, 748.4813232421875, 748.4813232421875, 748.4813232421875, 748.4813232421875, 748.4813232421875, 748.4813232421875, 748.4813232421875, 748.4813232421875, 748.4813232421875, 377.358544921875], "forward_backward_time_ms": 18536.677392578124}, "execution_memory": {"layer_memory_total_mb": [3784.0, 2642.1259765625, 2642.1259765625, 2642.1259765625, 2642.1259765625, 2642.1259765625, 2642.1259765625, 2642.1259765625, 2642.1259765625, 2642.1259765625, 2642.1259765625, 2642.1259765625, 2642.1259765625, 2642.1259765625, 2642.1259765625, 2642.1259765625, 2642.1259765625, 2642.1259765625, 2642.1259765625, 2642.1259765625, 2642.1259765625, 2642.1259765625, 2642.1259765625, 2642.1259765625, 2642.1259765625, 8658.0], "total_memory": 75853.0234375}}