{"model": {"model_name": "GPT_1-3B", "num_layers": 26, "parameters": {"total_parameters_bytes": 8601518080, "parameters_per_layer_bytes": [524288000, 314705920, 314705920, 314705920, 314705920, 314705920, 314705920, 314705920, 314705920, 314705920, 314705920, 314705920, 314705920, 314705920, 314705920, 314705920, 314705920, 314705920, 314705920, 314705920, 314705920, 314705920, 314705920, 314705920, 314705920, 524288000]}}, "execution_time": {"batch_generator_time_ms": 0, "optimizer_time_ms": 0, "layer_compute_total_ms": [1263.846533203125, 22086.1919921875, 22086.1919921875, 22086.1919921875, 22086.1919921875, 22086.1919921875, 22086.1919921875, 22086.1919921875, 22086.1919921875, 22086.1919921875, 22086.1919921875, 22086.1919921875, 22086.1919921875, 22086.1919921875, 22086.1919921875, 22086.1919921875, 22086.1919921875, 22086.1919921875, 22086.1919921875, 22086.1919921875, 22086.1919921875, 22086.1919921875, 22086.1919921875, 22086.1919921875, 22086.1919921875, 20000.0], "forward_backward_time_ms": 551332.4543457034}, "execution_memory": {"layer_memory_total_mb": [6142.0, 110001472.25, 110001472.25, 110001472.25, 110001472.25, 110001472.25, 110001472.25, 110001472.25, 110001472.25, 110001472.25, 110001472.25, 110001472.25, 110001472.25, 110001472.25, 110001472.25, 110001472.25, 110001472.25, 110001472.25, 110001472.25, 110001472.25, 110001472.25, 110001472.25, 110001472.25, 110001472.25, 110001472.25, 110000000.0], "total_memory": 2750041476.0}}