{"model": {"model_name": "GPT_1-3B", "num_layers": 26, "parameters": {"total_parameters_bytes": 8601518080, "parameters_per_layer_bytes": [524288000, 314705920, 314705920, 314705920, 314705920, 314705920, 314705920, 314705920, 314705920, 314705920, 314705920, 314705920, 314705920, 314705920, 314705920, 314705920, 314705920, 314705920, 314705920, 314705920, 314705920, 314705920, 314705920, 314705920, 314705920, 524288000]}}, "execution_time": {"batch_generator_time_ms": 0, "optimizer_time_ms": 0, "layer_compute_total_ms": [562.6392578125, 20793.900048828124, 20793.900048828124, 20793.900048828124, 20793.900048828124, 20793.900048828124, 20793.900048828124, 20793.900048828124, 20793.900048828124, 20793.900048828124, 20793.900048828124, 20793.900048828124, 20793.900048828124, 20793.900048828124, 20793.900048828124, 20793.900048828124, 20793.900048828124, 20793.900048828124, 20793.900048828124, 20793.900048828124, 20793.900048828124, 20793.900048828124, 20793.900048828124, 20793.900048828124, 20793.900048828124, 691.871533203125], "forward_backward_time_ms": 500308.11196289037}, "execution_memory": {"layer_memory_total_mb": [5430.0, 110000736.125, 110000736.125, 110000736.125, 110000736.125, 110000736.125, 110000736.125, 110000736.125, 110000736.125, 110000736.125, 110000736.125, 110000736.125, 110000736.125, 110000736.125, 110000736.125, 110000736.125, 110000736.125, 110000736.125, 110000736.125, 110000736.125, 110000736.125, 110000736.125, 110000736.125, 110000736.125, 110000736.125, 8780.0], "total_memory": 2640031877.0}}