{"model": {"model_name": "GPT_1-3B", "num_layers": 26, "parameters": {"total_parameters_bytes": 8601518080, "parameters_per_layer_bytes": [524288000, 314705920, 314705920, 314705920, 314705920, 314705920, 314705920, 314705920, 314705920, 314705920, 314705920, 314705920, 314705920, 314705920, 314705920, 314705920, 314705920, 314705920, 314705920, 314705920, 314705920, 314705920, 314705920, 314705920, 314705920, 524288000]}}, "execution_time": {"batch_generator_time_ms": 0, "optimizer_time_ms": 0, "layer_compute_total_ms": [510.691552734375, 1626.330908203125, 1626.330908203125, 1626.330908203125, 1626.330908203125, 1626.330908203125, 1626.330908203125, 1626.330908203125, 1626.330908203125, 1626.330908203125, 1626.330908203125, 1626.330908203125, 1626.330908203125, 1626.330908203125, 1626.330908203125, 1626.330908203125, 1626.330908203125, 1626.330908203125, 1626.330908203125, 1626.330908203125, 1626.330908203125, 1626.330908203125, 1626.330908203125, 1626.330908203125, 1626.330908203125, 540.9515625], "forward_backward_time_ms": 40083.58491210939}, "execution_memory": {"layer_memory_total_mb": [5686.0, 3010.125, 3010.125, 3010.125, 3010.125, 3010.125, 3010.125, 3010.125, 3010.125, 3010.125, 3010.125, 3010.125, 3010.125, 3010.125, 3010.125, 3010.125, 3010.125, 3010.125, 3010.125, 3010.125, 3010.125, 3010.125, 3010.125, 3010.125, 3010.125, 8716.0], "total_memory": 86645.0}}