{"model": {"model_name": "GPT_1-3B", "num_layers": 26, "parameters": {"total_parameters_bytes": 8601518080, "parameters_per_layer_bytes": [524288000, 314705920, 314705920, 314705920, 314705920, 314705920, 314705920, 314705920, 314705920, 314705920, 314705920, 314705920, 314705920, 314705920, 314705920, 314705920, 314705920, 314705920, 314705920, 314705920, 314705920, 314705920, 314705920, 314705920, 314705920, 524288000]}}, "execution_time": {"batch_generator_time_ms": 0, "optimizer_time_ms": 0, "layer_compute_total_ms": [392.86988525390626, 20512.552978515625, 20512.552978515625, 20512.552978515625, 20512.552978515625, 20512.552978515625, 20512.552978515625, 20512.552978515625, 20512.552978515625, 20512.552978515625, 20512.552978515625, 20512.552978515625, 20512.552978515625, 20512.552978515625, 20512.552978515625, 20512.552978515625, 20512.552978515625, 20512.552978515625, 20512.552978515625, 20512.552978515625, 20512.552978515625, 20512.552978515625, 20512.552978515625, 20512.552978515625, 20512.552978515625, 20000.0], "forward_backward_time_ms": 512694.1413696289}, "execution_memory": {"layer_memory_total_mb": [5886.0, 110001472.25, 110001472.25, 110001472.25, 110001472.25, 110001472.25, 110001472.25, 110001472.25, 110001472.25, 110001472.25, 110001472.25, 110001472.25, 110001472.25, 110001472.25, 110001472.25, 110001472.25, 110001472.25, 110001472.25, 110001472.25, 110001472.25, 110001472.25, 110001472.25, 110001472.25, 110001472.25, 110001472.25, 110000000.0], "total_memory": 2750041220.0}}