{
    "model": {
        "model_name": "GPT_1-3B",
        "num_layers": 26,
        "parameters": {
            "total_parameters_bytes": 8601518080,
            "parameters_per_layer_bytes": [
                524288000,
                314705920,
                314705920,
                314705920,
                314705920,
                314705920,
                314705920,
                314705920,
                314705920,
                314705920,
                314705920,
                314705920,
                314705920,
                314705920,
                314705920,
                314705920,
                314705920,
                314705920,
                314705920,
                314705920,
                314705920,
                314705920,
                314705920,
                314705920,
                314705920,
                524288000
            ]
        }
    },
    "execution_time": {
        "batch_generator_time_ms": 0,
        "optimizer_time_ms": 0,
        "layer_compute_total_ms": [
            20000.0,
            1390.9946533203124,
            1390.9946533203124,
            1390.9946533203124,
            1390.9946533203124,
            1390.9946533203124,
            1390.9946533203124,
            1390.9946533203124,
            1390.9946533203124,
            1390.9946533203124,
            1390.9946533203124,
            1390.9946533203124,
            1390.9946533203124,
            1390.9946533203124,
            1390.9946533203124,
            1390.9946533203124,
            1390.9946533203124,
            1390.9946533203124,
            1390.9946533203124,
            1390.9946533203124,
            1390.9946533203124,
            1390.9946533203124,
            1390.9946533203124,
            1390.9946533203124,
            1390.9946533203124,
            20000.0
        ],
        "forward_backward_time_ms": 73383.87167968747
    },
    "execution_memory": {
        "layer_memory_total_mb": [
            110000000.0,
            5229.0009765625,
            5229.0009765625,
            5229.0009765625,
            5229.0009765625,
            5229.0009765625,
            5229.0009765625,
            5229.0009765625,
            5229.0009765625,
            5229.0009765625,
            5229.0009765625,
            5229.0009765625,
            5229.0009765625,
            5229.0009765625,
            5229.0009765625,
            5229.0009765625,
            5229.0009765625,
            5229.0009765625,
            5229.0009765625,
            5229.0009765625,
            5229.0009765625,
            5229.0009765625,
            5229.0009765625,
            5229.0009765625,
            5229.0009765625,
            110000000.0
        ],
        "total_memory": 220125496.0234375
    }
}