{
    "model": {
        "model_name": "GPT_1-3B",
        "num_layers": 26,
        "parameters": {
            "total_parameters_bytes": 8601518080,
            "parameters_per_layer_bytes": [
                524288000,
                314705920,
                314705920,
                314705920,
                314705920,
                314705920,
                314705920,
                314705920,
                314705920,
                314705920,
                314705920,
                314705920,
                314705920,
                314705920,
                314705920,
                314705920,
                314705920,
                314705920,
                314705920,
                314705920,
                314705920,
                314705920,
                314705920,
                314705920,
                314705920,
                524288000
            ]
        }
    },
    "execution_time": {
        "batch_generator_time_ms": 0,
        "optimizer_time_ms": 0,
        "layer_compute_total_ms": [
            626.5913330078125,
            2301.78583984375,
            2301.78583984375,
            2301.78583984375,
            2301.78583984375,
            2301.78583984375,
            2301.78583984375,
            2301.78583984375,
            2301.78583984375,
            2301.78583984375,
            2301.78583984375,
            2301.78583984375,
            2301.78583984375,
            2301.78583984375,
            2301.78583984375,
            2301.78583984375,
            2301.78583984375,
            2301.78583984375,
            2301.78583984375,
            2301.78583984375,
            2301.78583984375,
            2301.78583984375,
            2301.78583984375,
            2301.78583984375,
            2301.78583984375,
            738.326123046875
        ],
        "forward_backward_time_ms": 56607.777612304715
    },
    "execution_memory": {
        "layer_memory_total_mb": [
            4104.0,
            2050.2509765625,
            2050.2509765625,
            2050.2509765625,
            2050.2509765625,
            2050.2509765625,
            2050.2509765625,
            2050.2509765625,
            2050.2509765625,
            2050.2509765625,
            2050.2509765625,
            2050.2509765625,
            2050.2509765625,
            2050.2509765625,
            2050.2509765625,
            2050.2509765625,
            2050.2509765625,
            2050.2509765625,
            2050.2509765625,
            2050.2509765625,
            2050.2509765625,
            2050.2509765625,
            2050.2509765625,
            2050.2509765625,
            2050.2509765625,
            8402.0
        ],
        "total_memory": 61712.0234375
    }
}