{"model": {"model_name": "GPT_1-3B", "num_layers": 26, "parameters": {"total_parameters_bytes": 8601518080, "parameters_per_layer_bytes": [524288000, 314705920, 314705920, 314705920, 314705920, 314705920, 314705920, 314705920, 314705920, 314705920, 314705920, 314705920, 314705920, 314705920, 314705920, 314705920, 314705920, 314705920, 314705920, 314705920, 314705920, 314705920, 314705920, 314705920, 314705920, 524288000]}}, "execution_time": {"batch_generator_time_ms": 0, "optimizer_time_ms": 0, "layer_compute_total_ms": [336.5052490234375, 1055.148828125, 1055.148828125, 1055.148828125, 1055.148828125, 1055.148828125, 1055.148828125, 1055.148828125, 1055.148828125, 1055.148828125, 1055.148828125, 1055.148828125, 1055.148828125, 1055.148828125, 1055.148828125, 1055.148828125, 1055.148828125, 1055.148828125, 1055.148828125, 1055.148828125, 1055.148828125, 1055.148828125, 1055.148828125, 1055.148828125, 1055.148828125, 408.8008544921875], "forward_backward_time_ms": 26068.877978515615}, "execution_memory": {"layer_memory_total_mb": [6142.0, 3780.5009765625, 3780.5009765625, 3780.5009765625, 3780.5009765625, 3780.5009765625, 3780.5009765625, 3780.5009765625, 3780.5009765625, 3780.5009765625, 3780.5009765625, 3780.5009765625, 3780.5009765625, 3780.5009765625, 3780.5009765625, 3780.5009765625, 3780.5009765625, 3780.5009765625, 3780.5009765625, 3780.5009765625, 3780.5009765625, 3780.5009765625, 3780.5009765625, 3780.5009765625, 3780.5009765625, 16404.0], "total_memory": 113278.0234375}}