{"model": {"model_name": "GPT_1-3B", "num_layers": 26, "parameters": {"total_parameters_bytes": 8601518080, "parameters_per_layer_bytes": [524288000, 314705920, 314705920, 314705920, 314705920, 314705920, 314705920, 314705920, 314705920, 314705920, 314705920, 314705920, 314705920, 314705920, 314705920, 314705920, 314705920, 314705920, 314705920, 314705920, 314705920, 314705920, 314705920, 314705920, 314705920, 524288000]}}, "execution_time": {"batch_generator_time_ms": 0, "optimizer_time_ms": 0, "layer_compute_total_ms": [20000.0, 20464.186181640624, 20464.186181640624, 20464.186181640624, 20464.186181640624, 20464.186181640624, 20464.186181640624, 20464.186181640624, 20464.186181640624, 20464.186181640624, 20464.186181640624, 20464.186181640624, 20464.186181640624, 20464.186181640624, 20464.186181640624, 20464.186181640624, 20464.186181640624, 20464.186181640624, 20464.186181640624, 20464.186181640624, 20464.186181640624, 20464.186181640624, 20464.186181640624, 20464.186181640624, 20464.186181640624, 20000.0], "forward_backward_time_ms": 531140.4683593747}, "execution_memory": {"layer_memory_total_mb": [110000000.0, 110005889.0, 110005889.0, 110005889.0, 110005889.0, 110005889.0, 110005889.0, 110005889.0, 110005889.0, 110005889.0, 110005889.0, 110005889.0, 110005889.0, 110005889.0, 110005889.0, 110005889.0, 110005889.0, 110005889.0, 110005889.0, 110005889.0, 110005889.0, 110005889.0, 110005889.0, 110005889.0, 110005889.0, 110000000.0], "total_memory": 2860141336.0}}