{"model": {"model_name": "GPT_1-3B", "num_layers": 26, "parameters": {"total_parameters_bytes": 8601518080, "parameters_per_layer_bytes": [524288000, 314705920, 314705920, 314705920, 314705920, 314705920, 314705920, 314705920, 314705920, 314705920, 314705920, 314705920, 314705920, 314705920, 314705920, 314705920, 314705920, 314705920, 314705920, 314705920, 314705920, 314705920, 314705920, 314705920, 314705920, 524288000]}}, "execution_time": {"batch_generator_time_ms": 0, "optimizer_time_ms": 0, "layer_compute_total_ms": [25.984613800048827, 1549.1916015625, 1549.1916015625, 1549.1916015625, 1549.1916015625, 1549.1916015625, 1549.1916015625, 1549.1916015625, 1549.1916015625, 1549.1916015625, 1549.1916015625, 1549.1916015625, 1549.1916015625, 1549.1916015625, 1549.1916015625, 1549.1916015625, 1549.1916015625, 1549.1916015625, 1549.1916015625, 1549.1916015625, 1549.1916015625, 1549.1916015625, 1549.1916015625, 1549.1916015625, 1549.1916015625, 20000.0], "forward_backward_time_ms": 57206.58305130005}, "execution_memory": {"layer_memory_total_mb": [5880.0, 7949.0009765625, 7949.0009765625, 7949.0009765625, 7949.0009765625, 7949.0009765625, 7949.0009765625, 7949.0009765625, 7949.0009765625, 7949.0009765625, 7949.0009765625, 7949.0009765625, 7949.0009765625, 7949.0009765625, 7949.0009765625, 7949.0009765625, 7949.0009765625, 7949.0009765625, 7949.0009765625, 7949.0009765625, 7949.0009765625, 7949.0009765625, 7949.0009765625, 7949.0009765625, 7949.0009765625, 110000000.0], "total_memory": 110196656.0234375}}