{"model": {"model_name": "GPT_1-3B", "num_layers": 26, "parameters": {"total_parameters_bytes": 8601518080, "parameters_per_layer_bytes": [524288000, 314705920, 314705920, 314705920, 314705920, 314705920, 314705920, 314705920, 314705920, 314705920, 314705920, 314705920, 314705920, 314705920, 314705920, 314705920, 314705920, 314705920, 314705920, 314705920, 314705920, 314705920, 314705920, 314705920, 314705920, 524288000]}}, "execution_time": {"batch_generator_time_ms": 0, "optimizer_time_ms": 0, "layer_compute_total_ms": [339.5358642578125, 1272.312646484375, 1272.312646484375, 1272.312646484375, 1272.312646484375, 1272.312646484375, 1272.312646484375, 1272.312646484375, 1272.312646484375, 1272.312646484375, 1272.312646484375, 1272.312646484375, 1272.312646484375, 1272.312646484375, 1272.312646484375, 1272.312646484375, 1272.312646484375, 1272.312646484375, 1272.312646484375, 1272.312646484375, 1272.312646484375, 1272.312646484375, 1272.312646484375, 1272.312646484375, 1272.312646484375, 20000.0], "forward_backward_time_ms": 50875.0393798828}, "execution_memory": {"layer_memory_total_mb": [6798.0, 8192.5, 8192.5, 8192.5, 8192.5, 8192.5, 8192.5, 8192.5, 8192.5, 8192.5, 8192.5, 8192.5, 8192.5, 8192.5, 8192.5, 8192.5, 8192.5, 8192.5, 8192.5, 8192.5, 8192.5, 8192.5, 8192.5, 8192.5, 8192.5, 110000000.0], "total_memory": 110203418.0}}