{
    "model": {
        "model_name": "GPT_1-3B",
        "num_layers": 26,
        "parameters": {
            "total_parameters_bytes": 8601518080,
            "parameters_per_layer_bytes": [
                524288000,
                314705920,
                314705920,
                314705920,
                314705920,
                314705920,
                314705920,
                314705920,
                314705920,
                314705920,
                314705920,
                314705920,
                314705920,
                314705920,
                314705920,
                314705920,
                314705920,
                314705920,
                314705920,
                314705920,
                314705920,
                314705920,
                314705920,
                314705920,
                314705920,
                524288000
            ]
        }
    },
    "execution_time": {
        "batch_generator_time_ms": 0,
        "optimizer_time_ms": 0,
        "layer_compute_total_ms": [
            719.189111328125,
            2419.96298828125,
            2419.96298828125,
            2419.96298828125,
            2419.96298828125,
            2419.96298828125,
            2419.96298828125,
            2419.96298828125,
            2419.96298828125,
            2419.96298828125,
            2419.96298828125,
            2419.96298828125,
            2419.96298828125,
            2419.96298828125,
            2419.96298828125,
            2419.96298828125,
            2419.96298828125,
            2419.96298828125,
            2419.96298828125,
            2419.96298828125,
            2419.96298828125,
            2419.96298828125,
            2419.96298828125,
            2419.96298828125,
            2419.96298828125,
            747.232861328125
        ],
        "forward_backward_time_ms": 59545.53369140627
    },
    "execution_memory": {
        "layer_memory_total_mb": [
            3872.0,
            1576.0625,
            1576.0625,
            1576.0625,
            1576.0625,
            1576.0625,
            1576.0625,
            1576.0625,
            1576.0625,
            1576.0625,
            1576.0625,
            1576.0625,
            1576.0625,
            1576.0625,
            1576.0625,
            1576.0625,
            1576.0625,
            1576.0625,
            1576.0625,
            1576.0625,
            1576.0625,
            1576.0625,
            1576.0625,
            1576.0625,
            1576.0625,
            4202.0
        ],
        "total_memory": 45899.5
    }
}