{"model": {"model_name": "GPT_1-3B", "num_layers": 26, "parameters": {"total_parameters_bytes": 8601518080, "parameters_per_layer_bytes": [524288000, 314705920, 314705920, 314705920, 314705920, 314705920, 314705920, 314705920, 314705920, 314705920, 314705920, 314705920, 314705920, 314705920, 314705920, 314705920, 314705920, 314705920, 314705920, 314705920, 314705920, 314705920, 314705920, 314705920, 314705920, 524288000]}}, "execution_time": {"batch_generator_time_ms": 0, "optimizer_time_ms": 0, "layer_compute_total_ms": [280.6331420898438, 911.58505859375, 911.58505859375, 911.58505859375, 911.58505859375, 911.58505859375, 911.58505859375, 911.58505859375, 911.58505859375, 911.58505859375, 911.58505859375, 911.58505859375, 911.58505859375, 911.58505859375, 911.58505859375, 911.58505859375, 911.58505859375, 911.58505859375, 911.58505859375, 911.58505859375, 911.58505859375, 911.58505859375, 911.58505859375, 911.58505859375, 911.58505859375, 346.77861328125], "forward_backward_time_ms": 22505.4531616211}, "execution_memory": {"layer_memory_total_mb": [3584.0, 1707.0634765625, 1707.0634765625, 1707.0634765625, 1707.0634765625, 1707.0634765625, 1707.0634765625, 1707.0634765625, 1707.0634765625, 1707.0634765625, 1707.0634765625, 1707.0634765625, 1707.0634765625, 1707.0634765625, 1707.0634765625, 1707.0634765625, 1707.0634765625, 1707.0634765625, 1707.0634765625, 1707.0634765625, 1707.0634765625, 1707.0634765625, 1707.0634765625, 1707.0634765625, 1707.0634765625, 4458.0], "total_memory": 49011.5234375}}