{"model": {"model_name": "GPT_2-6B", "num_layers": 34, "parameters": {"total_parameters_bytes": 11119165440, "parameters_per_layer_bytes": [524288000, 314705920, 314705920, 314705920, 314705920, 314705920, 314705920, 314705920, 314705920, 314705920, 314705920, 314705920, 314705920, 314705920, 314705920, 314705920, 314705920, 314705920, 314705920, 314705920, 314705920, 314705920, 314705920, 314705920, 314705920, 314705920, 314705920, 314705920, 314705920, 314705920, 314705920, 314705920, 314705920, 524288000]}}, "execution_time": {"batch_generator_time_ms": 0, "optimizer_time_ms": 0, "layer_compute_total_ms": [541.24267578125, 2721.72177734375, 2721.72177734375, 2721.72177734375, 2721.72177734375, 2721.72177734375, 2721.72177734375, 2721.72177734375, 2721.72177734375, 2721.72177734375, 2721.72177734375, 2721.72177734375, 2721.72177734375, 2721.72177734375, 2721.72177734375, 2721.72177734375, 2721.72177734375, 2721.72177734375, 2721.72177734375, 2721.72177734375, 2721.72177734375, 2721.72177734375, 2721.72177734375, 2721.72177734375, 2721.72177734375, 2721.72177734375, 2721.72177734375, 2721.72177734375, 2721.72177734375, 2721.72177734375, 2721.72177734375, 2721.72177734375, 2721.72177734375, 20000.0], "forward_backward_time_ms": 107636.33955078122}, "execution_memory": {"layer_memory_total_mb": [6028.0, 4285.43505859375, 4285.43505859375, 4285.43505859375, 4285.43505859375, 4285.43505859375, 4285.43505859375, 4285.43505859375, 4285.43505859375, 4285.43505859375, 4285.43505859375, 4285.43505859375, 4285.43505859375, 4285.43505859375, 4285.43505859375, 4285.43505859375, 4285.43505859375, 4285.43505859375, 4285.43505859375, 4285.43505859375, 4285.43505859375, 4285.43505859375, 4285.43505859375, 4285.43505859375, 4285.43505859375, 4285.43505859375, 4285.43505859375, 4285.43505859375, 4285.43505859375, 4285.43505859375, 4285.43505859375, 4285.43505859375, 4285.43505859375, 110000000.0], "total_memory": 110143161.921875}}