{"model": {"model_name": "GPT_2-6B", "num_layers": 34, "parameters": {"total_parameters_bytes": 11119165440, "parameters_per_layer_bytes": [524288000, 314705920, 314705920, 314705920, 314705920, 314705920, 314705920, 314705920, 314705920, 314705920, 314705920, 314705920, 314705920, 314705920, 314705920, 314705920, 314705920, 314705920, 314705920, 314705920, 314705920, 314705920, 314705920, 314705920, 314705920, 314705920, 314705920, 314705920, 314705920, 314705920, 314705920, 314705920, 314705920, 524288000]}}, "execution_time": {"batch_generator_time_ms": 0, "optimizer_time_ms": 0, "layer_compute_total_ms": [32.75550765991211, 2424.563623046875, 2424.563623046875, 2424.563623046875, 2424.563623046875, 2424.563623046875, 2424.563623046875, 2424.563623046875, 2424.563623046875, 2424.563623046875, 2424.563623046875, 2424.563623046875, 2424.563623046875, 2424.563623046875, 2424.563623046875, 2424.563623046875, 2424.563623046875, 2424.563623046875, 2424.563623046875, 2424.563623046875, 2424.563623046875, 2424.563623046875, 2424.563623046875, 2424.563623046875, 2424.563623046875, 2424.563623046875, 2424.563623046875, 2424.563623046875, 2424.563623046875, 2424.563623046875, 2424.563623046875, 2424.563623046875, 2424.563623046875, 20000.0], "forward_backward_time_ms": 97618.7914451599}, "execution_memory": {"layer_memory_total_mb": [7348.0, 10960.5, 10960.5, 10960.5, 10960.5, 10960.5, 10960.5, 10960.5, 10960.5, 10960.5, 10960.5, 10960.5, 10960.5, 10960.5, 10960.5, 10960.5, 10960.5, 10960.5, 10960.5, 10960.5, 10960.5, 10960.5, 10960.5, 10960.5, 10960.5, 10960.5, 10960.5, 10960.5, 10960.5, 10960.5, 10960.5, 10960.5, 10960.5, 110000000.0], "total_memory": 110358084.0}}