{"model": {"model_name": "GPT_2-6B", "num_layers": 34, "parameters": {"total_parameters_bytes": 11119165440, "parameters_per_layer_bytes": [524288000, 314705920, 314705920, 314705920, 314705920, 314705920, 314705920, 314705920, 314705920, 314705920, 314705920, 314705920, 314705920, 314705920, 314705920, 314705920, 314705920, 314705920, 314705920, 314705920, 314705920, 314705920, 314705920, 314705920, 314705920, 314705920, 314705920, 314705920, 314705920, 314705920, 314705920, 314705920, 314705920, 524288000]}}, "execution_time": {"batch_generator_time_ms": 0, "optimizer_time_ms": 0, "layer_compute_total_ms": [189.41583251953125, 833.1013916015625, 833.1013916015625, 833.1013916015625, 833.1013916015625, 833.1013916015625, 833.1013916015625, 833.1013916015625, 833.1013916015625, 833.1013916015625, 833.1013916015625, 833.1013916015625, 833.1013916015625, 833.1013916015625, 833.1013916015625, 833.1013916015625, 833.1013916015625, 833.1013916015625, 833.1013916015625, 833.1013916015625, 833.1013916015625, 833.1013916015625, 833.1013916015625, 833.1013916015625, 833.1013916015625, 833.1013916015625, 833.1013916015625, 833.1013916015625, 833.1013916015625, 833.1013916015625, 833.1013916015625, 833.1013916015625, 833.1013916015625, 348.7240234375], "forward_backward_time_ms": 27197.384387207014}, "execution_memory": {"layer_memory_total_mb": [6028.0, 5404.5009765625, 5404.5009765625, 5404.5009765625, 5404.5009765625, 5404.5009765625, 5404.5009765625, 5404.5009765625, 5404.5009765625, 5404.5009765625, 5404.5009765625, 5404.5009765625, 5404.5009765625, 5404.5009765625, 5404.5009765625, 5404.5009765625, 5404.5009765625, 5404.5009765625, 5404.5009765625, 5404.5009765625, 5404.5009765625, 5404.5009765625, 5404.5009765625, 5404.5009765625, 5404.5009765625, 5404.5009765625, 5404.5009765625, 5404.5009765625, 5404.5009765625, 5404.5009765625, 5404.5009765625, 5404.5009765625, 5404.5009765625, 17002.0], "total_memory": 195974.03125}}