{"model": {"model_name": "GPT_2-6B", "num_layers": 34, "parameters": {"total_parameters_bytes": 11119165440, "parameters_per_layer_bytes": [524288000, 314705920, 314705920, 314705920, 314705920, 314705920, 314705920, 314705920, 314705920, 314705920, 314705920, 314705920, 314705920, 314705920, 314705920, 314705920, 314705920, 314705920, 314705920, 314705920, 314705920, 314705920, 314705920, 314705920, 314705920, 314705920, 314705920, 314705920, 314705920, 314705920, 314705920, 314705920, 314705920, 524288000]}}, "execution_time": {"batch_generator_time_ms": 0, "optimizer_time_ms": 0, "layer_compute_total_ms": [18.68400650024414, 2126.8831298828127, 2126.8831298828127, 2126.8831298828127, 2126.8831298828127, 2126.8831298828127, 2126.8831298828127, 2126.8831298828127, 2126.8831298828127, 2126.8831298828127, 2126.8831298828127, 2126.8831298828127, 2126.8831298828127, 2126.8831298828127, 2126.8831298828127, 2126.8831298828127, 2126.8831298828127, 2126.8831298828127, 2126.8831298828127, 2126.8831298828127, 2126.8831298828127, 2126.8831298828127, 2126.8831298828127, 2126.8831298828127, 2126.8831298828127, 2126.8831298828127, 2126.8831298828127, 2126.8831298828127, 2126.8831298828127, 2126.8831298828127, 2126.8831298828127, 2126.8831298828127, 2126.8831298828127, 20000.0], "forward_backward_time_ms": 88078.94416275028}, "execution_memory": {"layer_memory_total_mb": [7348.0, 10960.5, 10960.5, 10960.5, 10960.5, 10960.5, 10960.5, 10960.5, 10960.5, 10960.5, 10960.5, 10960.5, 10960.5, 10960.5, 10960.5, 10960.5, 10960.5, 10960.5, 10960.5, 10960.5, 10960.5, 10960.5, 10960.5, 10960.5, 10960.5, 10960.5, 10960.5, 10960.5, 10960.5, 10960.5, 10960.5, 10960.5, 10960.5, 110000000.0], "total_memory": 110358084.0}}