{"model": {"model_name": "GPT_2-6B", "num_layers": 34, "parameters": {"total_parameters_bytes": 11119165440, "parameters_per_layer_bytes": [524288000, 314705920, 314705920, 314705920, 314705920, 314705920, 314705920, 314705920, 314705920, 314705920, 314705920, 314705920, 314705920, 314705920, 314705920, 314705920, 314705920, 314705920, 314705920, 314705920, 314705920, 314705920, 314705920, 314705920, 314705920, 314705920, 314705920, 314705920, 314705920, 314705920, 314705920, 314705920, 314705920, 524288000]}}, "execution_time": {"batch_generator_time_ms": 0, "optimizer_time_ms": 0, "layer_compute_total_ms": [911.0057861328125, 3082.65341796875, 3082.65341796875, 3082.65341796875, 3082.65341796875, 3082.65341796875, 3082.65341796875, 3082.65341796875, 3082.65341796875, 3082.65341796875, 3082.65341796875, 3082.65341796875, 3082.65341796875, 3082.65341796875, 3082.65341796875, 3082.65341796875, 3082.65341796875, 3082.65341796875, 3082.65341796875, 3082.65341796875, 3082.65341796875, 3082.65341796875, 3082.65341796875, 3082.65341796875, 3082.65341796875, 3082.65341796875, 3082.65341796875, 3082.65341796875, 3082.65341796875, 3082.65341796875, 3082.65341796875, 3082.65341796875, 3082.65341796875, 925.14755859375], "forward_backward_time_ms": 100481.06271972651}, "execution_memory": {"layer_memory_total_mb": [4838.0, 1853.0634765625, 1853.0634765625, 1853.0634765625, 1853.0634765625, 1853.0634765625, 1853.0634765625, 1853.0634765625, 1853.0634765625, 1853.0634765625, 1853.0634765625, 1853.0634765625, 1853.0634765625, 1853.0634765625, 1853.0634765625, 1853.0634765625, 1853.0634765625, 1853.0634765625, 1853.0634765625, 1853.0634765625, 1853.0634765625, 1853.0634765625, 1853.0634765625, 1853.0634765625, 1853.0634765625, 1853.0634765625, 1853.0634765625, 1853.0634765625, 1853.0634765625, 1853.0634765625, 1853.0634765625, 1853.0634765625, 1853.0634765625, 4252.0], "total_memory": 68388.03125}}