{"model": {"model_name": "GPT_2-6B", "num_layers": 34, "parameters": {"total_parameters_bytes": 11119165440, "parameters_per_layer_bytes": [524288000, 314705920, 314705920, 314705920, 314705920, 314705920, 314705920, 314705920, 314705920, 314705920, 314705920, 314705920, 314705920, 314705920, 314705920, 314705920, 314705920, 314705920, 314705920, 314705920, 314705920, 314705920, 314705920, 314705920, 314705920, 314705920, 314705920, 314705920, 314705920, 314705920, 314705920, 314705920, 314705920, 524288000]}}, "execution_time": {"batch_generator_time_ms": 0, "optimizer_time_ms": 0, "layer_compute_total_ms": [340.4021728515625, 1187.8615234375, 1187.8615234375, 1187.8615234375, 1187.8615234375, 1187.8615234375, 1187.8615234375, 1187.8615234375, 1187.8615234375, 1187.8615234375, 1187.8615234375, 1187.8615234375, 1187.8615234375, 1187.8615234375, 1187.8615234375, 1187.8615234375, 1187.8615234375, 1187.8615234375, 1187.8615234375, 1187.8615234375, 1187.8615234375, 1187.8615234375, 1187.8615234375, 1187.8615234375, 1187.8615234375, 1187.8615234375, 1187.8615234375, 1187.8615234375, 1187.8615234375, 1187.8615234375, 1187.8615234375, 1187.8615234375, 1187.8615234375, 408.9079833984375], "forward_backward_time_ms": 38760.87890625}, "execution_memory": {"layer_memory_total_mb": [4838.0, 1733.0634765625, 1733.0634765625, 1733.0634765625, 1733.0634765625, 1733.0634765625, 1733.0634765625, 1733.0634765625, 1733.0634765625, 1733.0634765625, 1733.0634765625, 1733.0634765625, 1733.0634765625, 1733.0634765625, 1733.0634765625, 1733.0634765625, 1733.0634765625, 1733.0634765625, 1733.0634765625, 1733.0634765625, 1733.0634765625, 1733.0634765625, 1733.0634765625, 1733.0634765625, 1733.0634765625, 1733.0634765625, 1733.0634765625, 1733.0634765625, 1733.0634765625, 1733.0634765625, 1733.0634765625, 1733.0634765625, 1733.0634765625, 4252.0], "total_memory": 64548.03125}}