{"model": {"model_name": "GPT_2-6B", "num_layers": 34, "parameters": {"total_parameters_bytes": 11119165440, "parameters_per_layer_bytes": [524288000, 314705920, 314705920, 314705920, 314705920, 314705920, 314705920, 314705920, 314705920, 314705920, 314705920, 314705920, 314705920, 314705920, 314705920, 314705920, 314705920, 314705920, 314705920, 314705920, 314705920, 314705920, 314705920, 314705920, 314705920, 314705920, 314705920, 314705920, 314705920, 314705920, 314705920, 314705920, 314705920, 524288000]}}, "execution_time": {"batch_generator_time_ms": 0, "optimizer_time_ms": 0, "layer_compute_total_ms": [814.652294921875, 2974.531640625, 2974.531640625, 2974.531640625, 2974.531640625, 2974.531640625, 2974.531640625, 2974.531640625, 2974.531640625, 2974.531640625, 2974.531640625, 2974.531640625, 2974.531640625, 2974.531640625, 2974.531640625, 2974.531640625, 2974.531640625, 2974.531640625, 2974.531640625, 2974.531640625, 2974.531640625, 2974.531640625, 2974.531640625, 2974.531640625, 2974.531640625, 2974.531640625, 2974.531640625, 2974.531640625, 2974.531640625, 2974.531640625, 2974.531640625, 2974.531640625, 2974.531640625, 903.110546875], "forward_backward_time_ms": 96902.77534179692}, "execution_memory": {"layer_memory_total_mb": [5128.0, 2980.125, 2980.125, 2980.125, 2980.125, 2980.125, 2980.125, 2980.125, 2980.125, 2980.125, 2980.125, 2980.125, 2980.125, 2980.125, 2980.125, 2980.125, 2980.125, 2980.125, 2980.125, 2980.125, 2980.125, 2980.125, 2980.125, 2980.125, 2980.125, 2980.125, 2980.125, 2980.125, 2980.125, 2980.125, 2980.125, 2980.125, 2980.125, 8502.0], "total_memory": 108994.0}}