{"model": {"model_name": "GPT_2-6B", "num_layers": 34, "parameters": {"total_parameters_bytes": 11119165440, "parameters_per_layer_bytes": [524288000, 314705920, 314705920, 314705920, 314705920, 314705920, 314705920, 314705920, 314705920, 314705920, 314705920, 314705920, 314705920, 314705920, 314705920, 314705920, 314705920, 314705920, 314705920, 314705920, 314705920, 314705920, 314705920, 314705920, 314705920, 314705920, 314705920, 314705920, 314705920, 314705920, 314705920, 314705920, 314705920, 524288000]}}, "execution_time": {"batch_generator_time_ms": 0, "optimizer_time_ms": 0, "layer_compute_total_ms": [393.24677734375, 1386.746484375, 1386.746484375, 1386.746484375, 1386.746484375, 1386.746484375, 1386.746484375, 1386.746484375, 1386.746484375, 1386.746484375, 1386.746484375, 1386.746484375, 1386.746484375, 1386.746484375, 1386.746484375, 1386.746484375, 1386.746484375, 1386.746484375, 1386.746484375, 1386.746484375, 1386.746484375, 1386.746484375, 1386.746484375, 1386.746484375, 1386.746484375, 1386.746484375, 1386.746484375, 1386.746484375, 1386.746484375, 1386.746484375, 1386.746484375, 1386.746484375, 1386.746484375, 484.5240234375], "forward_backward_time_ms": 45253.65830078123}, "execution_memory": {"layer_memory_total_mb": [7674.0, 5180.25, 5180.25, 5180.25, 5180.25, 5180.25, 5180.25, 5180.25, 5180.25, 5180.25, 5180.25, 5180.25, 5180.25, 5180.25, 5180.25, 5180.25, 5180.25, 5180.25, 5180.25, 5180.25, 5180.25, 5180.25, 5180.25, 5180.25, 5180.25, 5180.25, 5180.25, 5180.25, 5180.25, 5180.25, 5180.25, 5180.25, 5180.25, 16504.0], "total_memory": 189946.0}}