{"model": {"model_name": "GPT_2-6B", "num_layers": 34, "parameters": {"total_parameters_bytes": 11119165440, "parameters_per_layer_bytes": [524288000, 314705920, 314705920, 314705920, 314705920, 314705920, 314705920, 314705920, 314705920, 314705920, 314705920, 314705920, 314705920, 314705920, 314705920, 314705920, 314705920, 314705920, 314705920, 314705920, 314705920, 314705920, 314705920, 314705920, 314705920, 314705920, 314705920, 314705920, 314705920, 314705920, 314705920, 314705920, 314705920, 524288000]}}, "execution_time": {"batch_generator_time_ms": 0, "optimizer_time_ms": 0, "layer_compute_total_ms": [250.11260986328125, 1624.6171875, 1624.6171875, 1624.6171875, 1624.6171875, 1624.6171875, 1624.6171875, 1624.6171875, 1624.6171875, 1624.6171875, 1624.6171875, 1624.6171875, 1624.6171875, 1624.6171875, 1624.6171875, 1624.6171875, 1624.6171875, 1624.6171875, 1624.6171875, 1624.6171875, 1624.6171875, 1624.6171875, 1624.6171875, 1624.6171875, 1624.6171875, 1624.6171875, 1624.6171875, 1624.6171875, 1624.6171875, 1624.6171875, 1624.6171875, 1624.6171875, 1624.6171875, 20000.0], "forward_backward_time_ms": 72237.86260986328}, "execution_memory": {"layer_memory_total_mb": [6028.0, 5404.5009765625, 5404.5009765625, 5404.5009765625, 5404.5009765625, 5404.5009765625, 5404.5009765625, 5404.5009765625, 5404.5009765625, 5404.5009765625, 5404.5009765625, 5404.5009765625, 5404.5009765625, 5404.5009765625, 5404.5009765625, 5404.5009765625, 5404.5009765625, 5404.5009765625, 5404.5009765625, 5404.5009765625, 5404.5009765625, 5404.5009765625, 5404.5009765625, 5404.5009765625, 5404.5009765625, 5404.5009765625, 5404.5009765625, 5404.5009765625, 5404.5009765625, 5404.5009765625, 5404.5009765625, 5404.5009765625, 5404.5009765625, 110000000.0], "total_memory": 110178972.03125}}