{"model": {"model_name": "GPT_2-6B", "num_layers": 34, "parameters": {"total_parameters_bytes": 11119165440, "parameters_per_layer_bytes": [524288000, 314705920, 314705920, 314705920, 314705920, 314705920, 314705920, 314705920, 314705920, 314705920, 314705920, 314705920, 314705920, 314705920, 314705920, 314705920, 314705920, 314705920, 314705920, 314705920, 314705920, 314705920, 314705920, 314705920, 314705920, 314705920, 314705920, 314705920, 314705920, 314705920, 314705920, 314705920, 314705920, 524288000]}}, "execution_time": {"batch_generator_time_ms": 0, "optimizer_time_ms": 0, "layer_compute_total_ms": [195.77655029296875, 680.2454345703125, 680.2454345703125, 680.2454345703125, 680.2454345703125, 680.2454345703125, 680.2454345703125, 680.2454345703125, 680.2454345703125, 680.2454345703125, 680.2454345703125, 680.2454345703125, 680.2454345703125, 680.2454345703125, 680.2454345703125, 680.2454345703125, 680.2454345703125, 680.2454345703125, 680.2454345703125, 680.2454345703125, 680.2454345703125, 680.2454345703125, 680.2454345703125, 680.2454345703125, 680.2454345703125, 680.2454345703125, 680.2454345703125, 680.2454345703125, 680.2454345703125, 680.2454345703125, 680.2454345703125, 680.2454345703125, 680.2454345703125, 244.59055175781248], "forward_backward_time_ms": 22208.22100830077}, "execution_memory": {"layer_memory_total_mb": [5128.0, 2730.2509765625, 2730.2509765625, 2730.2509765625, 2730.2509765625, 2730.2509765625, 2730.2509765625, 2730.2509765625, 2730.2509765625, 2730.2509765625, 2730.2509765625, 2730.2509765625, 2730.2509765625, 2730.2509765625, 2730.2509765625, 2730.2509765625, 2730.2509765625, 2730.2509765625, 2730.2509765625, 2730.2509765625, 2730.2509765625, 2730.2509765625, 2730.2509765625, 2730.2509765625, 2730.2509765625, 2730.2509765625, 2730.2509765625, 2730.2509765625, 2730.2509765625, 2730.2509765625, 2730.2509765625, 2730.2509765625, 2730.2509765625, 8502.0], "total_memory": 100998.03125}}