{"model": {"model_name": "GPT_2-6B", "num_layers": 34, "parameters": {"total_parameters_bytes": 11119165440, "parameters_per_layer_bytes": [524288000, 314705920, 314705920, 314705920, 314705920, 314705920, 314705920, 314705920, 314705920, 314705920, 314705920, 314705920, 314705920, 314705920, 314705920, 314705920, 314705920, 314705920, 314705920, 314705920, 314705920, 314705920, 314705920, 314705920, 314705920, 314705920, 314705920, 314705920, 314705920, 314705920, 314705920, 314705920, 314705920, 524288000]}}, "execution_time": {"batch_generator_time_ms": 0, "optimizer_time_ms": 0, "layer_compute_total_ms": [504.09306640625, 20873.106640625, 20873.106640625, 20873.106640625, 20873.106640625, 20873.106640625, 20873.106640625, 20873.106640625, 20873.106640625, 20873.106640625, 20873.106640625, 20873.106640625, 20873.106640625, 20873.106640625, 20873.106640625, 20873.106640625, 20873.106640625, 20873.106640625, 20873.106640625, 20873.106640625, 20873.106640625, 20873.106640625, 20873.106640625, 20873.106640625, 20873.106640625, 20873.106640625, 20873.106640625, 20873.106640625, 20873.106640625, 20873.106640625, 20873.106640625, 20873.106640625, 20873.106640625, 20000.0], "forward_backward_time_ms": 688443.5055664064}, "execution_memory": {"layer_memory_total_mb": [8494.0, 110003760.5, 110003760.5, 110003760.5, 110003760.5, 110003760.5, 110003760.5, 110003760.5, 110003760.5, 110003760.5, 110003760.5, 110003760.5, 110003760.5, 110003760.5, 110003760.5, 110003760.5, 110003760.5, 110003760.5, 110003760.5, 110003760.5, 110003760.5, 110003760.5, 110003760.5, 110003760.5, 110003760.5, 110003760.5, 110003760.5, 110003760.5, 110003760.5, 110003760.5, 110003760.5, 110003760.5, 110003760.5, 110000000.0], "total_memory": 3630128830.0}}