{"model": {"model_name": "GPT_2-6B", "num_layers": 34, "parameters": {"total_parameters_bytes": 11119165440, "parameters_per_layer_bytes": [524288000, 314705920, 314705920, 314705920, 314705920, 314705920, 314705920, 314705920, 314705920, 314705920, 314705920, 314705920, 314705920, 314705920, 314705920, 314705920, 314705920, 314705920, 314705920, 314705920, 314705920, 314705920, 314705920, 314705920, 314705920, 314705920, 314705920, 314705920, 314705920, 314705920, 314705920, 314705920, 314705920, 524288000]}}, "execution_time": {"batch_generator_time_ms": 0, "optimizer_time_ms": 0, "layer_compute_total_ms": [232.17684326171874, 1045.2215576171875, 1045.2215576171875, 1045.2215576171875, 1045.2215576171875, 1045.2215576171875, 1045.2215576171875, 1045.2215576171875, 1045.2215576171875, 1045.2215576171875, 1045.2215576171875, 1045.2215576171875, 1045.2215576171875, 1045.2215576171875, 1045.2215576171875, 1045.2215576171875, 1045.2215576171875, 1045.2215576171875, 1045.2215576171875, 1045.2215576171875, 1045.2215576171875, 1045.2215576171875, 1045.2215576171875, 1045.2215576171875, 1045.2215576171875, 1045.2215576171875, 1045.2215576171875, 1045.2215576171875, 1045.2215576171875, 1045.2215576171875, 1045.2215576171875, 1045.2215576171875, 1045.2215576171875, 446.007080078125], "forward_backward_time_ms": 34125.27376708984}, "execution_memory": {"layer_memory_total_mb": [5128.0, 2702.2509765625, 2702.2509765625, 2702.2509765625, 2702.2509765625, 2702.2509765625, 2702.2509765625, 2702.2509765625, 2702.2509765625, 2702.2509765625, 2702.2509765625, 2702.2509765625, 2702.2509765625, 2702.2509765625, 2702.2509765625, 2702.2509765625, 2702.2509765625, 2702.2509765625, 2702.2509765625, 2702.2509765625, 2702.2509765625, 2702.2509765625, 2702.2509765625, 2702.2509765625, 2702.2509765625, 2702.2509765625, 2702.2509765625, 2702.2509765625, 2702.2509765625, 2702.2509765625, 2702.2509765625, 2702.2509765625, 2702.2509765625, 8502.0], "total_memory": 100102.03125}}