{"model": {"model_name": "GPT_2-6B", "num_layers": 34, "parameters": {"total_parameters_bytes": 11119165440, "parameters_per_layer_bytes": [524288000, 314705920, 314705920, 314705920, 314705920, 314705920, 314705920, 314705920, 314705920, 314705920, 314705920, 314705920, 314705920, 314705920, 314705920, 314705920, 314705920, 314705920, 314705920, 314705920, 314705920, 314705920, 314705920, 314705920, 314705920, 314705920, 314705920, 314705920, 314705920, 314705920, 314705920, 314705920, 314705920, 524288000]}}, "execution_time": {"batch_generator_time_ms": 0, "optimizer_time_ms": 0, "layer_compute_total_ms": [680.0291748046875, 21003.13759765625, 21003.13759765625, 21003.13759765625, 21003.13759765625, 21003.13759765625, 21003.13759765625, 21003.13759765625, 21003.13759765625, 21003.13759765625, 21003.13759765625, 21003.13759765625, 21003.13759765625, 21003.13759765625, 21003.13759765625, 21003.13759765625, 21003.13759765625, 21003.13759765625, 21003.13759765625, 21003.13759765625, 21003.13759765625, 21003.13759765625, 21003.13759765625, 21003.13759765625, 21003.13759765625, 21003.13759765625, 21003.13759765625, 21003.13759765625, 21003.13759765625, 21003.13759765625, 21003.13759765625, 21003.13759765625, 21003.13759765625, 822.430078125], "forward_backward_time_ms": 673602.8623779293}, "execution_memory": {"layer_memory_total_mb": [7104.0, 110000940.125, 110000940.125, 110000940.125, 110000940.125, 110000940.125, 110000940.125, 110000940.125, 110000940.125, 110000940.125, 110000940.125, 110000940.125, 110000940.125, 110000940.125, 110000940.125, 110000940.125, 110000940.125, 110000940.125, 110000940.125, 110000940.125, 110000940.125, 110000940.125, 110000940.125, 110000940.125, 110000940.125, 110000940.125, 110000940.125, 110000940.125, 110000940.125, 110000940.125, 110000940.125, 110000940.125, 110000940.125, 8894.0], "total_memory": 3520046082.0}}