{"model": {"model_name": "GPT_2-6B", "num_layers": 34, "parameters": {"total_parameters_bytes": 11119165440, "parameters_per_layer_bytes": [524288000, 314705920, 314705920, 314705920, 314705920, 314705920, 314705920, 314705920, 314705920, 314705920, 314705920, 314705920, 314705920, 314705920, 314705920, 314705920, 314705920, 314705920, 314705920, 314705920, 314705920, 314705920, 314705920, 314705920, 314705920, 314705920, 314705920, 314705920, 314705920, 314705920, 314705920, 314705920, 314705920, 524288000]}}, "execution_time": {"batch_generator_time_ms": 0, "optimizer_time_ms": 0, "layer_compute_total_ms": [1622.340966796875, 22626.7052734375, 22626.7052734375, 22626.7052734375, 22626.7052734375, 22626.7052734375, 22626.7052734375, 22626.7052734375, 22626.7052734375, 22626.7052734375, 22626.7052734375, 22626.7052734375, 22626.7052734375, 22626.7052734375, 22626.7052734375, 22626.7052734375, 22626.7052734375, 22626.7052734375, 22626.7052734375, 22626.7052734375, 22626.7052734375, 22626.7052734375, 22626.7052734375, 22626.7052734375, 22626.7052734375, 22626.7052734375, 22626.7052734375, 22626.7052734375, 22626.7052734375, 22626.7052734375, 22626.7052734375, 22626.7052734375, 22626.7052734375, 20000.0], "forward_backward_time_ms": 745676.9097167971}, "execution_memory": {"layer_memory_total_mb": [7674.0, 110001880.25, 110001880.25, 110001880.25, 110001880.25, 110001880.25, 110001880.25, 110001880.25, 110001880.25, 110001880.25, 110001880.25, 110001880.25, 110001880.25, 110001880.25, 110001880.25, 110001880.25, 110001880.25, 110001880.25, 110001880.25, 110001880.25, 110001880.25, 110001880.25, 110001880.25, 110001880.25, 110001880.25, 110001880.25, 110001880.25, 110001880.25, 110001880.25, 110001880.25, 110001880.25, 110001880.25, 110001880.25, 110000000.0], "total_memory": 3630067842.0}}