{"model": {"model_name": "GPT_2-6B", "num_layers": 34, "parameters": {"total_parameters_bytes": 11119165440, "parameters_per_layer_bytes": [524288000, 314705920, 314705920, 314705920, 314705920, 314705920, 314705920, 314705920, 314705920, 314705920, 314705920, 314705920, 314705920, 314705920, 314705920, 314705920, 314705920, 314705920, 314705920, 314705920, 314705920, 314705920, 314705920, 314705920, 314705920, 314705920, 314705920, 314705920, 314705920, 314705920, 314705920, 314705920, 314705920, 524288000]}}, "execution_time": {"batch_generator_time_ms": 0, "optimizer_time_ms": 0, "layer_compute_total_ms": [308.6759887695313, 1034.120751953125, 1034.120751953125, 1034.120751953125, 1034.120751953125, 1034.120751953125, 1034.120751953125, 1034.120751953125, 1034.120751953125, 1034.120751953125, 1034.120751953125, 1034.120751953125, 1034.120751953125, 1034.120751953125, 1034.120751953125, 1034.120751953125, 1034.120751953125, 1034.120751953125, 1034.120751953125, 1034.120751953125, 1034.120751953125, 1034.120751953125, 1034.120751953125, 1034.120751953125, 1034.120751953125, 1034.120751953125, 1034.120751953125, 1034.120751953125, 1034.120751953125, 1034.120751953125, 1034.120751953125, 1034.120751953125, 1034.120751953125, 333.10986328125], "forward_backward_time_ms": 33733.64991455076}, "execution_memory": {"layer_memory_total_mb": [4838.0, 1693.0634765625, 1693.0634765625, 1693.0634765625, 1693.0634765625, 1693.0634765625, 1693.0634765625, 1693.0634765625, 1693.0634765625, 1693.0634765625, 1693.0634765625, 1693.0634765625, 1693.0634765625, 1693.0634765625, 1693.0634765625, 1693.0634765625, 1693.0634765625, 1693.0634765625, 1693.0634765625, 1693.0634765625, 1693.0634765625, 1693.0634765625, 1693.0634765625, 1693.0634765625, 1693.0634765625, 1693.0634765625, 1693.0634765625, 1693.0634765625, 1693.0634765625, 1693.0634765625, 1693.0634765625, 1693.0634765625, 1693.0634765625, 4252.0], "total_memory": 63268.03125}}