{"model": {"model_name": "GPT_2-6B", "num_layers": 34, "parameters": {"total_parameters_bytes": 11119165440, "parameters_per_layer_bytes": [524288000, 314705920, 314705920, 314705920, 314705920, 314705920, 314705920, 314705920, 314705920, 314705920, 314705920, 314705920, 314705920, 314705920, 314705920, 314705920, 314705920, 314705920, 314705920, 314705920, 314705920, 314705920, 314705920, 314705920, 314705920, 314705920, 314705920, 314705920, 314705920, 314705920, 314705920, 314705920, 314705920, 524288000]}}, "execution_time": {"batch_generator_time_ms": 0, "optimizer_time_ms": 0, "layer_compute_total_ms": [626.1950439453125, 2068.10888671875, 2068.10888671875, 2068.10888671875, 2068.10888671875, 2068.10888671875, 2068.10888671875, 2068.10888671875, 2068.10888671875, 2068.10888671875, 2068.10888671875, 2068.10888671875, 2068.10888671875, 2068.10888671875, 2068.10888671875, 2068.10888671875, 2068.10888671875, 2068.10888671875, 2068.10888671875, 2068.10888671875, 2068.10888671875, 2068.10888671875, 2068.10888671875, 2068.10888671875, 2068.10888671875, 2068.10888671875, 2068.10888671875, 2068.10888671875, 2068.10888671875, 2068.10888671875, 2068.10888671875, 2068.10888671875, 2068.10888671875, 661.787255859375], "forward_backward_time_ms": 67467.46667480469}, "execution_memory": {"layer_memory_total_mb": [7104.0, 3952.296875, 3952.296875, 3952.296875, 3952.296875, 3952.296875, 3952.296875, 3952.296875, 3952.296875, 3952.296875, 3952.296875, 3952.296875, 3952.296875, 3952.296875, 3952.296875, 3952.296875, 3952.296875, 3952.296875, 3952.296875, 3952.296875, 3952.296875, 3952.296875, 3952.296875, 3952.296875, 3952.296875, 3952.296875, 3952.296875, 3952.296875, 3952.296875, 3952.296875, 3952.296875, 3952.296875, 3952.296875, 8894.0], "total_memory": 142471.5}}