{"model": {"model_name": "GPT_2-6B", "num_layers": 34, "parameters": {"total_parameters_bytes": 11119165440, "parameters_per_layer_bytes": [524288000, 314705920, 314705920, 314705920, 314705920, 314705920, 314705920, 314705920, 314705920, 314705920, 314705920, 314705920, 314705920, 314705920, 314705920, 314705920, 314705920, 314705920, 314705920, 314705920, 314705920, 314705920, 314705920, 314705920, 314705920, 314705920, 314705920, 314705920, 314705920, 314705920, 314705920, 314705920, 314705920, 524288000]}}, "execution_time": {"batch_generator_time_ms": 0, "optimizer_time_ms": 0, "layer_compute_total_ms": [24.364114379882814, 1380.305712890625, 1380.305712890625, 1380.305712890625, 1380.305712890625, 1380.305712890625, 1380.305712890625, 1380.305712890625, 1380.305712890625, 1380.305712890625, 1380.305712890625, 1380.305712890625, 1380.305712890625, 1380.305712890625, 1380.305712890625, 1380.305712890625, 1380.305712890625, 1380.305712890625, 1380.305712890625, 1380.305712890625, 1380.305712890625, 1380.305712890625, 1380.305712890625, 1380.305712890625, 1380.305712890625, 1380.305712890625, 1380.305712890625, 1380.305712890625, 1380.305712890625, 1380.305712890625, 1380.305712890625, 1380.305712890625, 1380.305712890625, 20000.0], "forward_backward_time_ms": 64194.14692687987}, "execution_memory": {"layer_memory_total_mb": [9812.0, 21361.0, 21361.0, 21361.0, 21361.0, 21361.0, 21361.0, 21361.0, 21361.0, 21361.0, 21361.0, 21361.0, 21361.0, 21361.0, 21361.0, 21361.0, 21361.0, 21361.0, 21361.0, 21361.0, 21361.0, 21361.0, 21361.0, 21361.0, 21361.0, 21361.0, 21361.0, 21361.0, 21361.0, 21361.0, 21361.0, 21361.0, 21361.0, 110000000.0], "total_memory": 110693364.0}}