{"model": {"model_name": "GPT_2-6B", "num_layers": 34, "parameters": {"total_parameters_bytes": 11119165440, "parameters_per_layer_bytes": [524288000, 314705920, 314705920, 314705920, 314705920, 314705920, 314705920, 314705920, 314705920, 314705920, 314705920, 314705920, 314705920, 314705920, 314705920, 314705920, 314705920, 314705920, 314705920, 314705920, 314705920, 314705920, 314705920, 314705920, 314705920, 314705920, 314705920, 314705920, 314705920, 314705920, 314705920, 314705920, 314705920, 524288000]}}, "execution_time": {"batch_generator_time_ms": 0, "optimizer_time_ms": 0, "layer_compute_total_ms": [42.66004486083985, 125.59052734375, 125.59052734375, 125.59052734375, 125.59052734375, 125.59052734375, 125.59052734375, 125.59052734375, 125.59052734375, 125.59052734375, 125.59052734375, 125.59052734375, 125.59052734375, 125.59052734375, 125.59052734375, 125.59052734375, 125.59052734375, 125.59052734375, 125.59052734375, 125.59052734375, 125.59052734375, 125.59052734375, 125.59052734375, 125.59052734375, 125.59052734375, 125.59052734375, 125.59052734375, 125.59052734375, 125.59052734375, 125.59052734375, 125.59052734375, 125.59052734375, 125.59052734375, 50.91961669921875], "forward_backward_time_ms": 4112.4765365600615}, "execution_memory": {"layer_memory_total_mb": [778.0, 448.5078125, 448.5078125, 448.5078125, 448.5078125, 448.5078125, 448.5078125, 448.5078125, 448.5078125, 448.5078125, 448.5078125, 448.5078125, 448.5078125, 448.5078125, 448.5078125, 448.5078125, 448.5078125, 448.5078125, 448.5078125, 448.5078125, 448.5078125, 448.5078125, 448.5078125, 448.5078125, 448.5078125, 448.5078125, 448.5078125, 448.5078125, 448.5078125, 448.5078125, 448.5078125, 448.5078125, 448.5078125, 650.0], "total_memory": 15780.25}}