{"model": {"model_name": "GPT_2-6B", "num_layers": 34, "parameters": {"total_parameters_bytes": 11119165440, "parameters_per_layer_bytes": [524288000, 314705920, 314705920, 314705920, 314705920, 314705920, 314705920, 314705920, 314705920, 314705920, 314705920, 314705920, 314705920, 314705920, 314705920, 314705920, 314705920, 314705920, 314705920, 314705920, 314705920, 314705920, 314705920, 314705920, 314705920, 314705920, 314705920, 314705920, 314705920, 314705920, 314705920, 314705920, 314705920, 524288000]}}, "execution_time": {"batch_generator_time_ms": 0, "optimizer_time_ms": 0, "layer_compute_total_ms": [224.71967163085938, 723.066259765625, 723.066259765625, 723.066259765625, 723.066259765625, 723.066259765625, 723.066259765625, 723.066259765625, 723.066259765625, 723.066259765625, 723.066259765625, 723.066259765625, 723.066259765625, 723.066259765625, 723.066259765625, 723.066259765625, 723.066259765625, 723.066259765625, 723.066259765625, 723.066259765625, 723.066259765625, 723.066259765625, 723.066259765625, 723.066259765625, 723.066259765625, 723.066259765625, 723.066259765625, 723.066259765625, 723.066259765625, 723.066259765625, 723.066259765625, 723.066259765625, 723.066259765625, 231.96611328125], "forward_backward_time_ms": 23594.806097412118}, "execution_memory": {"layer_memory_total_mb": [1066.0, 717.2666015625, 717.2666015625, 717.2666015625, 717.2666015625, 717.2666015625, 717.2666015625, 717.2666015625, 717.2666015625, 717.2666015625, 717.2666015625, 717.2666015625, 717.2666015625, 717.2666015625, 717.2666015625, 717.2666015625, 717.2666015625, 717.2666015625, 717.2666015625, 717.2666015625, 717.2666015625, 717.2666015625, 717.2666015625, 717.2666015625, 717.2666015625, 717.2666015625, 717.2666015625, 717.2666015625, 717.2666015625, 717.2666015625, 717.2666015625, 717.2666015625, 717.2666015625, 1330.0], "total_memory": 25348.53125}}