{"model": {"model_name": "GPT_2-6B", "num_layers": 34, "parameters": {"total_parameters_bytes": 11119165440, "parameters_per_layer_bytes": [524288000, 314705920, 314705920, 314705920, 314705920, 314705920, 314705920, 314705920, 314705920, 314705920, 314705920, 314705920, 314705920, 314705920, 314705920, 314705920, 314705920, 314705920, 314705920, 314705920, 314705920, 314705920, 314705920, 314705920, 314705920, 314705920, 314705920, 314705920, 314705920, 314705920, 314705920, 314705920, 314705920, 524288000]}}, "execution_time": {"batch_generator_time_ms": 0, "optimizer_time_ms": 0, "layer_compute_total_ms": [203.12001953125, 639.8834716796875, 639.8834716796875, 639.8834716796875, 639.8834716796875, 639.8834716796875, 639.8834716796875, 639.8834716796875, 639.8834716796875, 639.8834716796875, 639.8834716796875, 639.8834716796875, 639.8834716796875, 639.8834716796875, 639.8834716796875, 639.8834716796875, 639.8834716796875, 639.8834716796875, 639.8834716796875, 639.8834716796875, 639.8834716796875, 639.8834716796875, 639.8834716796875, 639.8834716796875, 639.8834716796875, 639.8834716796875, 639.8834716796875, 639.8834716796875, 639.8834716796875, 639.8834716796875, 639.8834716796875, 639.8834716796875, 639.8834716796875, 221.0529296875], "forward_backward_time_ms": 20900.44404296876}, "execution_memory": {"layer_memory_total_mb": [1396.0, 974.5634765625, 974.5634765625, 974.5634765625, 974.5634765625, 974.5634765625, 974.5634765625, 974.5634765625, 974.5634765625, 974.5634765625, 974.5634765625, 974.5634765625, 974.5634765625, 974.5634765625, 974.5634765625, 974.5634765625, 974.5634765625, 974.5634765625, 974.5634765625, 974.5634765625, 974.5634765625, 974.5634765625, 974.5634765625, 974.5634765625, 974.5634765625, 974.5634765625, 974.5634765625, 974.5634765625, 974.5634765625, 974.5634765625, 974.5634765625, 974.5634765625, 974.5634765625, 2500.0], "total_memory": 35082.03125}}