{"model": {"model_name": "GPT_2-6B", "num_layers": 34, "parameters": {"total_parameters_bytes": 11119165440, "parameters_per_layer_bytes": [524288000, 314705920, 314705920, 314705920, 314705920, 314705920, 314705920, 314705920, 314705920, 314705920, 314705920, 314705920, 314705920, 314705920, 314705920, 314705920, 314705920, 314705920, 314705920, 314705920, 314705920, 314705920, 314705920, 314705920, 314705920, 314705920, 314705920, 314705920, 314705920, 314705920, 314705920, 314705920, 314705920, 524288000]}}, "execution_time": {"batch_generator_time_ms": 0, "optimizer_time_ms": 0, "layer_compute_total_ms": [4.628095817565918, 63.133489990234374, 63.133489990234374, 63.133489990234374, 63.133489990234374, 63.133489990234374, 63.133489990234374, 63.133489990234374, 63.133489990234374, 63.133489990234374, 63.133489990234374, 63.133489990234374, 63.133489990234374, 63.133489990234374, 63.133489990234374, 63.133489990234374, 63.133489990234374, 63.133489990234374, 63.133489990234374, 63.133489990234374, 63.133489990234374, 63.133489990234374, 63.133489990234374, 63.133489990234374, 63.133489990234374, 63.133489990234374, 63.133489990234374, 63.133489990234374, 63.133489990234374, 63.133489990234374, 63.133489990234374, 63.133489990234374, 63.133489990234374, 116.3765625], "forward_backward_time_ms": 2141.276338005067}, "execution_memory": {"layer_memory_total_mb": [3226.0, 3836.125, 3836.125, 3836.125, 3836.125, 3836.125, 3836.125, 3836.125, 3836.125, 3836.125, 3836.125, 3836.125, 3836.125, 3836.125, 3836.125, 3836.125, 3836.125, 3836.125, 3836.125, 3836.125, 3836.125, 3836.125, 3836.125, 3836.125, 3836.125, 3836.125, 3836.125, 3836.125, 3836.125, 3836.125, 3836.125, 3836.125, 3836.125, 10000.0], "total_memory": 135982.0}}