{"model": {"model_name": "GPT_2-6B", "num_layers": 34, "parameters": {"total_parameters_bytes": 11119165440, "parameters_per_layer_bytes": [524288000, 314705920, 314705920, 314705920, 314705920, 314705920, 314705920, 314705920, 314705920, 314705920, 314705920, 314705920, 314705920, 314705920, 314705920, 314705920, 314705920, 314705920, 314705920, 314705920, 314705920, 314705920, 314705920, 314705920, 314705920, 314705920, 314705920, 314705920, 314705920, 314705920, 314705920, 314705920, 314705920, 524288000]}}, "execution_time": {"batch_generator_time_ms": 0, "optimizer_time_ms": 0, "layer_compute_total_ms": [77.08938293457031, 242.7186767578125, 242.7186767578125, 242.7186767578125, 242.7186767578125, 242.7186767578125, 242.7186767578125, 242.7186767578125, 242.7186767578125, 242.7186767578125, 242.7186767578125, 242.7186767578125, 242.7186767578125, 242.7186767578125, 242.7186767578125, 242.7186767578125, 242.7186767578125, 242.7186767578125, 242.7186767578125, 242.7186767578125, 242.7186767578125, 242.7186767578125, 242.7186767578125, 242.7186767578125, 242.7186767578125, 242.7186767578125, 242.7186767578125, 242.7186767578125, 242.7186767578125, 242.7186767578125, 242.7186767578125, 242.7186767578125, 242.7186767578125, 81.91876831054688], "forward_backward_time_ms": 7926.005807495113}, "execution_memory": {"layer_memory_total_mb": [1066.0, 349.765625, 349.765625, 349.765625, 349.765625, 349.765625, 349.765625, 349.765625, 349.765625, 349.765625, 349.765625, 349.765625, 349.765625, 349.765625, 349.765625, 349.765625, 349.765625, 349.765625, 349.765625, 349.765625, 349.765625, 349.765625, 349.765625, 349.765625, 349.765625, 349.765625, 349.765625, 349.765625, 349.765625, 349.765625, 349.765625, 349.765625, 349.765625, 1050.0], "total_memory": 13308.5}}