{
    "model": {
        "model_name": "GPT_2-6B",
        "num_layers": 34,
        "parameters": {
            "total_parameters_bytes": 11119165440,
            "parameters_per_layer_bytes": [
                524288000,
                314705920,
                314705920,
                314705920,
                314705920,
                314705920,
                314705920,
                314705920,
                314705920,
                314705920,
                314705920,
                314705920,
                314705920,
                314705920,
                314705920,
                314705920,
                314705920,
                314705920,
                314705920,
                314705920,
                314705920,
                314705920,
                314705920,
                314705920,
                314705920,
                314705920,
                314705920,
                314705920,
                314705920,
                314705920,
                314705920,
                314705920,
                314705920,
                524288000
            ]
        }
    },
    "execution_time": {
        "batch_generator_time_ms": 0,
        "optimizer_time_ms": 0,
        "layer_compute_total_ms": [
            32.192306518554695,
            103.55099182128906,
            103.55099182128906,
            103.55099182128906,
            103.55099182128906,
            103.55099182128906,
            103.55099182128906,
            103.55099182128906,
            103.55099182128906,
            103.55099182128906,
            103.55099182128906,
            103.55099182128906,
            103.55099182128906,
            103.55099182128906,
            103.55099182128906,
            103.55099182128906,
            103.55099182128906,
            103.55099182128906,
            103.55099182128906,
            103.55099182128906,
            103.55099182128906,
            103.55099182128906,
            103.55099182128906,
            103.55099182128906,
            103.55099182128906,
            103.55099182128906,
            103.55099182128906,
            103.55099182128906,
            103.55099182128906,
            103.55099182128906,
            103.55099182128906,
            103.55099182128906,
            103.55099182128906,
            101.65678100585937
        ],
        "forward_backward_time_ms": 3447.480825805666
    },
    "execution_memory": {
        "layer_memory_total_mb": [
            1714.0,
            1019.5634765625,
            1019.5634765625,
            1019.5634765625,
            1019.5634765625,
            1019.5634765625,
            1019.5634765625,
            1019.5634765625,
            1019.5634765625,
            1019.5634765625,
            1019.5634765625,
            1019.5634765625,
            1019.5634765625,
            1019.5634765625,
            1019.5634765625,
            1019.5634765625,
            1019.5634765625,
            1019.5634765625,
            1019.5634765625,
            1019.5634765625,
            1019.5634765625,
            1019.5634765625,
            1019.5634765625,
            1019.5634765625,
            1019.5634765625,
            1019.5634765625,
            1019.5634765625,
            1019.5634765625,
            1019.5634765625,
            1019.5634765625,
            1019.5634765625,
            1019.5634765625,
            1019.5634765625,
            3000.0
        ],
        "total_memory": 37340.03125
    }
}