{"model": {"model_name": "GPT_2-6B", "num_layers": 34, "parameters": {"total_parameters_bytes": 11119165440, "parameters_per_layer_bytes": [524288000, 314705920, 314705920, 314705920, 314705920, 314705920, 314705920, 314705920, 314705920, 314705920, 314705920, 314705920, 314705920, 314705920, 314705920, 314705920, 314705920, 314705920, 314705920, 314705920, 314705920, 314705920, 314705920, 314705920, 314705920, 314705920, 314705920, 314705920, 314705920, 314705920, 314705920, 314705920, 314705920, 524288000]}}, "execution_time": {"batch_generator_time_ms": 0, "optimizer_time_ms": 0, "layer_compute_total_ms": [7.370751953125, 188.635546875, 188.635546875, 188.635546875, 188.635546875, 188.635546875, 188.635546875, 188.635546875, 188.635546875, 188.635546875, 188.635546875, 188.635546875, 188.635546875, 188.635546875, 188.635546875, 188.635546875, 188.635546875, 188.635546875, 188.635546875, 188.635546875, 188.635546875, 188.635546875, 188.635546875, 188.635546875, 188.635546875, 188.635546875, 188.635546875, 188.635546875, 188.635546875, 188.635546875, 188.635546875, 188.635546875, 188.635546875, 290.040625], "forward_backward_time_ms": 6333.748876953121}, "execution_memory": {"layer_memory_total_mb": [3226.0, 3770.125, 3770.125, 3770.125, 3770.125, 3770.125, 3770.125, 3770.125, 3770.125, 3770.125, 3770.125, 3770.125, 3770.125, 3770.125, 3770.125, 3770.125, 3770.125, 3770.125, 3770.125, 3770.125, 3770.125, 3770.125, 3770.125, 3770.125, 3770.125, 3770.125, 3770.125, 3770.125, 3770.125, 3770.125, 3770.125, 3770.125, 3770.125, 10000.0], "total_memory": 133870.0}}