{"model": {"model_name": "GPT_2-6B", "num_layers": 34, "parameters": {"total_parameters_bytes": 11119165440, "parameters_per_layer_bytes": [524288000, 314705920, 314705920, 314705920, 314705920, 314705920, 314705920, 314705920, 314705920, 314705920, 314705920, 314705920, 314705920, 314705920, 314705920, 314705920, 314705920, 314705920, 314705920, 314705920, 314705920, 314705920, 314705920, 314705920, 314705920, 314705920, 314705920, 314705920, 314705920, 314705920, 314705920, 314705920, 314705920, 524288000]}}, "execution_time": {"batch_generator_time_ms": 0, "optimizer_time_ms": 0, "layer_compute_total_ms": [62.558221435546876, 216.77998046875, 216.77998046875, 216.77998046875, 216.77998046875, 216.77998046875, 216.77998046875, 216.77998046875, 216.77998046875, 216.77998046875, 216.77998046875, 216.77998046875, 216.77998046875, 216.77998046875, 216.77998046875, 216.77998046875, 216.77998046875, 216.77998046875, 216.77998046875, 216.77998046875, 216.77998046875, 216.77998046875, 216.77998046875, 216.77998046875, 216.77998046875, 216.77998046875, 216.77998046875, 216.77998046875, 216.77998046875, 216.77998046875, 216.77998046875, 216.77998046875, 216.77998046875, 201.7218505859375], "forward_backward_time_ms": 7201.239447021488}, "execution_memory": {"layer_memory_total_mb": [2102.0, 1568.10400390625, 1568.10400390625, 1568.10400390625, 1568.10400390625, 1568.10400390625, 1568.10400390625, 1568.10400390625, 1568.10400390625, 1568.10400390625, 1568.10400390625, 1568.10400390625, 1568.10400390625, 1568.10400390625, 1568.10400390625, 1568.10400390625, 1568.10400390625, 1568.10400390625, 1568.10400390625, 1568.10400390625, 1568.10400390625, 1568.10400390625, 1568.10400390625, 1568.10400390625, 1568.10400390625, 1568.10400390625, 1568.10400390625, 1568.10400390625, 1568.10400390625, 1568.10400390625, 1568.10400390625, 1568.10400390625, 1568.10400390625, 5080.0], "total_memory": 57361.328125}}