{"model": {"model_name": "GPT_2-6B", "num_layers": 34, "parameters": {"total_parameters_bytes": 11119165440, "parameters_per_layer_bytes": [524288000, 314705920, 314705920, 314705920, 314705920, 314705920, 314705920, 314705920, 314705920, 314705920, 314705920, 314705920, 314705920, 314705920, 314705920, 314705920, 314705920, 314705920, 314705920, 314705920, 314705920, 314705920, 314705920, 314705920, 314705920, 314705920, 314705920, 314705920, 314705920, 314705920, 314705920, 314705920, 314705920, 524288000]}}, "execution_time": {"batch_generator_time_ms": 0, "optimizer_time_ms": 0, "layer_compute_total_ms": [85.37251892089844, 250.7747314453125, 250.7747314453125, 250.7747314453125, 250.7747314453125, 250.7747314453125, 250.7747314453125, 250.7747314453125, 250.7747314453125, 250.7747314453125, 250.7747314453125, 250.7747314453125, 250.7747314453125, 250.7747314453125, 250.7747314453125, 250.7747314453125, 250.7747314453125, 250.7747314453125, 250.7747314453125, 250.7747314453125, 250.7747314453125, 250.7747314453125, 250.7747314453125, 250.7747314453125, 250.7747314453125, 250.7747314453125, 250.7747314453125, 250.7747314453125, 250.7747314453125, 250.7747314453125, 250.7747314453125, 250.7747314453125, 250.7747314453125, 100.91171875], "forward_backward_time_ms": 8211.075643920902}, "execution_memory": {"layer_memory_total_mb": [1066.0, 501.7490234375, 501.7490234375, 501.7490234375, 501.7490234375, 501.7490234375, 501.7490234375, 501.7490234375, 501.7490234375, 501.7490234375, 501.7490234375, 501.7490234375, 501.7490234375, 501.7490234375, 501.7490234375, 501.7490234375, 501.7490234375, 501.7490234375, 501.7490234375, 501.7490234375, 501.7490234375, 501.7490234375, 501.7490234375, 501.7490234375, 501.7490234375, 501.7490234375, 501.7490234375, 501.7490234375, 501.7490234375, 501.7490234375, 501.7490234375, 501.7490234375, 501.7490234375, 1050.0], "total_memory": 18171.96875}}