{"model": {"model_name": "GPT_2-6B", "num_layers": 34, "parameters": {"total_parameters_bytes": 11119165440, "parameters_per_layer_bytes": [524288000, 314705920, 314705920, 314705920, 314705920, 314705920, 314705920, 314705920, 314705920, 314705920, 314705920, 314705920, 314705920, 314705920, 314705920, 314705920, 314705920, 314705920, 314705920, 314705920, 314705920, 314705920, 314705920, 314705920, 314705920, 314705920, 314705920, 314705920, 314705920, 314705920, 314705920, 314705920, 314705920, 524288000]}}, "execution_time": {"batch_generator_time_ms": 0, "optimizer_time_ms": 0, "layer_compute_total_ms": [47.55660858154297, 142.1529052734375, 142.1529052734375, 142.1529052734375, 142.1529052734375, 142.1529052734375, 142.1529052734375, 142.1529052734375, 142.1529052734375, 142.1529052734375, 142.1529052734375, 142.1529052734375, 142.1529052734375, 142.1529052734375, 142.1529052734375, 142.1529052734375, 142.1529052734375, 142.1529052734375, 142.1529052734375, 142.1529052734375, 142.1529052734375, 142.1529052734375, 142.1529052734375, 142.1529052734375, 142.1529052734375, 142.1529052734375, 142.1529052734375, 142.1529052734375, 142.1529052734375, 142.1529052734375, 142.1529052734375, 142.1529052734375, 142.1529052734375, 88.5501953125], "forward_backward_time_ms": 4684.999772644046}, "execution_memory": {"layer_memory_total_mb": [2102.0, 1568.10400390625, 1568.10400390625, 1568.10400390625, 1568.10400390625, 1568.10400390625, 1568.10400390625, 1568.10400390625, 1568.10400390625, 1568.10400390625, 1568.10400390625, 1568.10400390625, 1568.10400390625, 1568.10400390625, 1568.10400390625, 1568.10400390625, 1568.10400390625, 1568.10400390625, 1568.10400390625, 1568.10400390625, 1568.10400390625, 1568.10400390625, 1568.10400390625, 1568.10400390625, 1568.10400390625, 1568.10400390625, 1568.10400390625, 1568.10400390625, 1568.10400390625, 1568.10400390625, 1568.10400390625, 1568.10400390625, 1568.10400390625, 5080.0], "total_memory": 57361.328125}}