{"model": {"model_name": "GPT_2-6B", "num_layers": 34, "parameters": {"total_parameters_bytes": 11119165440, "parameters_per_layer_bytes": [524288000, 314705920, 314705920, 314705920, 314705920, 314705920, 314705920, 314705920, 314705920, 314705920, 314705920, 314705920, 314705920, 314705920, 314705920, 314705920, 314705920, 314705920, 314705920, 314705920, 314705920, 314705920, 314705920, 314705920, 314705920, 314705920, 314705920, 314705920, 314705920, 314705920, 314705920, 314705920, 314705920, 524288000]}}, "execution_time": {"batch_generator_time_ms": 0, "optimizer_time_ms": 0, "layer_compute_total_ms": [23.899136352539063, 69.54291381835938, 69.54291381835938, 69.54291381835938, 69.54291381835938, 69.54291381835938, 69.54291381835938, 69.54291381835938, 69.54291381835938, 69.54291381835938, 69.54291381835938, 69.54291381835938, 69.54291381835938, 69.54291381835938, 69.54291381835938, 69.54291381835938, 69.54291381835938, 69.54291381835938, 69.54291381835938, 69.54291381835938, 69.54291381835938, 69.54291381835938, 69.54291381835938, 69.54291381835938, 69.54291381835938, 69.54291381835938, 69.54291381835938, 69.54291381835938, 69.54291381835938, 69.54291381835938, 69.54291381835938, 69.54291381835938, 69.54291381835938, 30.28746337890625], "forward_backward_time_ms": 2279.5598419189464}, "execution_memory": {"layer_memory_total_mb": [1038.0, 512.763671875, 512.763671875, 512.763671875, 512.763671875, 512.763671875, 512.763671875, 512.763671875, 512.763671875, 512.763671875, 512.763671875, 512.763671875, 512.763671875, 512.763671875, 512.763671875, 512.763671875, 512.763671875, 512.763671875, 512.763671875, 512.763671875, 512.763671875, 512.763671875, 512.763671875, 512.763671875, 512.763671875, 512.763671875, 512.763671875, 512.763671875, 512.763671875, 512.763671875, 512.763671875, 512.763671875, 512.763671875, 1500.0], "total_memory": 18946.4375}}