{"model": {"model_name": "GPT_2-6B", "num_layers": 34, "parameters": {"total_parameters_bytes": 11119165440, "parameters_per_layer_bytes": [524288000, 314705920, 314705920, 314705920, 314705920, 314705920, 314705920, 314705920, 314705920, 314705920, 314705920, 314705920, 314705920, 314705920, 314705920, 314705920, 314705920, 314705920, 314705920, 314705920, 314705920, 314705920, 314705920, 314705920, 314705920, 314705920, 314705920, 314705920, 314705920, 314705920, 314705920, 314705920, 314705920, 524288000]}}, "execution_time": {"batch_generator_time_ms": 0, "optimizer_time_ms": 0, "layer_compute_total_ms": [4.767334461212158, 94.1502471923828, 94.1502471923828, 94.1502471923828, 94.1502471923828, 94.1502471923828, 94.1502471923828, 94.1502471923828, 94.1502471923828, 94.1502471923828, 94.1502471923828, 94.1502471923828, 94.1502471923828, 94.1502471923828, 94.1502471923828, 94.1502471923828, 94.1502471923828, 94.1502471923828, 94.1502471923828, 94.1502471923828, 94.1502471923828, 94.1502471923828, 94.1502471923828, 94.1502471923828, 94.1502471923828, 94.1502471923828, 94.1502471923828, 94.1502471923828, 94.1502471923828, 94.1502471923828, 94.1502471923828, 94.1502471923828, 94.1502471923828, 145.71724853515624], "forward_backward_time_ms": 3163.2924931526168}, "execution_memory": {"layer_memory_total_mb": [2918.0, 2435.1259765625, 2435.1259765625, 2435.1259765625, 2435.1259765625, 2435.1259765625, 2435.1259765625, 2435.1259765625, 2435.1259765625, 2435.1259765625, 2435.1259765625, 2435.1259765625, 2435.1259765625, 2435.1259765625, 2435.1259765625, 2435.1259765625, 2435.1259765625, 2435.1259765625, 2435.1259765625, 2435.1259765625, 2435.1259765625, 2435.1259765625, 2435.1259765625, 2435.1259765625, 2435.1259765625, 2435.1259765625, 2435.1259765625, 2435.1259765625, 2435.1259765625, 2435.1259765625, 2435.1259765625, 2435.1259765625, 2435.1259765625, 6000.0], "total_memory": 86842.03125}}