{
    "model": {
        "model_name": "GPT_2-6B",
        "num_layers": 34,
        "parameters": {
            "total_parameters_bytes": 11119165440,
            "parameters_per_layer_bytes": [
                524288000,
                314705920,
                314705920,
                314705920,
                314705920,
                314705920,
                314705920,
                314705920,
                314705920,
                314705920,
                314705920,
                314705920,
                314705920,
                314705920,
                314705920,
                314705920,
                314705920,
                314705920,
                314705920,
                314705920,
                314705920,
                314705920,
                314705920,
                314705920,
                314705920,
                314705920,
                314705920,
                314705920,
                314705920,
                314705920,
                314705920,
                314705920,
                314705920,
                524288000
            ]
        }
    },
    "execution_time": {
        "batch_generator_time_ms": 0,
        "optimizer_time_ms": 0,
        "layer_compute_total_ms": [
            8.559821128845215,
            110.54161987304687,
            110.54161987304687,
            110.54161987304687,
            110.54161987304687,
            110.54161987304687,
            110.54161987304687,
            110.54161987304687,
            110.54161987304687,
            110.54161987304687,
            110.54161987304687,
            110.54161987304687,
            110.54161987304687,
            110.54161987304687,
            110.54161987304687,
            110.54161987304687,
            110.54161987304687,
            110.54161987304687,
            110.54161987304687,
            110.54161987304687,
            110.54161987304687,
            110.54161987304687,
            110.54161987304687,
            110.54161987304687,
            110.54161987304687,
            110.54161987304687,
            110.54161987304687,
            110.54161987304687,
            110.54161987304687,
            110.54161987304687,
            110.54161987304687,
            110.54161987304687,
            110.54161987304687,
            179.8256591796875
        ],
        "forward_backward_time_ms": 3725.717316246031
    },
    "execution_memory": {
        "layer_memory_total_mb": [
            2918.0,
            2312.0625,
            2312.0625,
            2312.0625,
            2312.0625,
            2312.0625,
            2312.0625,
            2312.0625,
            2312.0625,
            2312.0625,
            2312.0625,
            2312.0625,
            2312.0625,
            2312.0625,
            2312.0625,
            2312.0625,
            2312.0625,
            2312.0625,
            2312.0625,
            2312.0625,
            2312.0625,
            2312.0625,
            2312.0625,
            2312.0625,
            2312.0625,
            2312.0625,
            2312.0625,
            2312.0625,
            2312.0625,
            2312.0625,
            2312.0625,
            2312.0625,
            2312.0625,
            6000.0
        ],
        "total_memory": 82904.0
    }
}