{"model": {"model_name": "GPT_2-6B", "num_layers": 34, "parameters": {"total_parameters_bytes": 11119165440, "parameters_per_layer_bytes": [524288000, 314705920, 314705920, 314705920, 314705920, 314705920, 314705920, 314705920, 314705920, 314705920, 314705920, 314705920, 314705920, 314705920, 314705920, 314705920, 314705920, 314705920, 314705920, 314705920, 314705920, 314705920, 314705920, 314705920, 314705920, 314705920, 314705920, 314705920, 314705920, 314705920, 314705920, 314705920, 314705920, 524288000]}}, "execution_time": {"batch_generator_time_ms": 0, "optimizer_time_ms": 0, "layer_compute_total_ms": [59.365786743164065, 163.14777221679688, 163.14777221679688, 163.14777221679688, 163.14777221679688, 163.14777221679688, 163.14777221679688, 163.14777221679688, 163.14777221679688, 163.14777221679688, 163.14777221679688, 163.14777221679688, 163.14777221679688, 163.14777221679688, 163.14777221679688, 163.14777221679688, 163.14777221679688, 163.14777221679688, 163.14777221679688, 163.14777221679688, 163.14777221679688, 163.14777221679688, 163.14777221679688, 163.14777221679688, 163.14777221679688, 163.14777221679688, 163.14777221679688, 163.14777221679688, 163.14777221679688, 163.14777221679688, 163.14777221679688, 163.14777221679688, 163.14777221679688, 104.97904052734376], "forward_backward_time_ms": 5385.0735382080065}, "execution_memory": {"layer_memory_total_mb": [1396.0, 698.0634765625, 698.0634765625, 698.0634765625, 698.0634765625, 698.0634765625, 698.0634765625, 698.0634765625, 698.0634765625, 698.0634765625, 698.0634765625, 698.0634765625, 698.0634765625, 698.0634765625, 698.0634765625, 698.0634765625, 698.0634765625, 698.0634765625, 698.0634765625, 698.0634765625, 698.0634765625, 698.0634765625, 698.0634765625, 698.0634765625, 698.0634765625, 698.0634765625, 698.0634765625, 698.0634765625, 698.0634765625, 698.0634765625, 698.0634765625, 698.0634765625, 698.0634765625, 2500.0], "total_memory": 26234.03125}}