{"model": {"model_name": "GPT_2-6B", "num_layers": 34, "parameters": {"total_parameters_bytes": 11119165440, "parameters_per_layer_bytes": [524288000, 314705920, 314705920, 314705920, 314705920, 314705920, 314705920, 314705920, 314705920, 314705920, 314705920, 314705920, 314705920, 314705920, 314705920, 314705920, 314705920, 314705920, 314705920, 314705920, 314705920, 314705920, 314705920, 314705920, 314705920, 314705920, 314705920, 314705920, 314705920, 314705920, 314705920, 314705920, 314705920, 524288000]}}, "execution_time": {"batch_generator_time_ms": 0, "optimizer_time_ms": 0, "layer_compute_total_ms": [22.629376220703126, 70.30492858886718, 70.30492858886718, 70.30492858886718, 70.30492858886718, 70.30492858886718, 70.30492858886718, 70.30492858886718, 70.30492858886718, 70.30492858886718, 70.30492858886718, 70.30492858886718, 70.30492858886718, 70.30492858886718, 70.30492858886718, 70.30492858886718, 70.30492858886718, 70.30492858886718, 70.30492858886718, 70.30492858886718, 70.30492858886718, 70.30492858886718, 70.30492858886718, 70.30492858886718, 70.30492858886718, 70.30492858886718, 70.30492858886718, 70.30492858886718, 70.30492858886718, 70.30492858886718, 70.30492858886718, 70.30492858886718, 70.30492858886718, 43.91444396972656], "forward_backward_time_ms": 2316.3015350341793}, "execution_memory": {"layer_memory_total_mb": [1714.0, 1019.5634765625, 1019.5634765625, 1019.5634765625, 1019.5634765625, 1019.5634765625, 1019.5634765625, 1019.5634765625, 1019.5634765625, 1019.5634765625, 1019.5634765625, 1019.5634765625, 1019.5634765625, 1019.5634765625, 1019.5634765625, 1019.5634765625, 1019.5634765625, 1019.5634765625, 1019.5634765625, 1019.5634765625, 1019.5634765625, 1019.5634765625, 1019.5634765625, 1019.5634765625, 1019.5634765625, 1019.5634765625, 1019.5634765625, 1019.5634765625, 1019.5634765625, 1019.5634765625, 1019.5634765625, 1019.5634765625, 1019.5634765625, 3000.0], "total_memory": 37340.03125}}