{"model": {"model_name": "GPT_2-6B", "num_layers": 34, "parameters": {"total_parameters_bytes": 11119165440, "parameters_per_layer_bytes": [524288000, 314705920, 314705920, 314705920, 314705920, 314705920, 314705920, 314705920, 314705920, 314705920, 314705920, 314705920, 314705920, 314705920, 314705920, 314705920, 314705920, 314705920, 314705920, 314705920, 314705920, 314705920, 314705920, 314705920, 314705920, 314705920, 314705920, 314705920, 314705920, 314705920, 314705920, 314705920, 314705920, 524288000]}}, "execution_time": {"batch_generator_time_ms": 0, "optimizer_time_ms": 0, "layer_compute_total_ms": [111.86073608398438, 361.533447265625, 361.533447265625, 361.533447265625, 361.533447265625, 361.533447265625, 361.533447265625, 361.533447265625, 361.533447265625, 361.533447265625, 361.533447265625, 361.533447265625, 361.533447265625, 361.533447265625, 361.533447265625, 361.533447265625, 361.533447265625, 361.533447265625, 361.533447265625, 361.533447265625, 361.533447265625, 361.533447265625, 361.533447265625, 361.533447265625, 361.533447265625, 361.533447265625, 361.533447265625, 361.533447265625, 361.533447265625, 361.533447265625, 361.533447265625, 361.533447265625, 361.533447265625, 115.3658935546875], "forward_backward_time_ms": 11796.296942138673}, "execution_memory": {"layer_memory_total_mb": [778.0, 279.1416015625, 279.1416015625, 279.1416015625, 279.1416015625, 279.1416015625, 279.1416015625, 279.1416015625, 279.1416015625, 279.1416015625, 279.1416015625, 279.1416015625, 279.1416015625, 279.1416015625, 279.1416015625, 279.1416015625, 279.1416015625, 279.1416015625, 279.1416015625, 279.1416015625, 279.1416015625, 279.1416015625, 279.1416015625, 279.1416015625, 279.1416015625, 279.1416015625, 279.1416015625, 279.1416015625, 279.1416015625, 279.1416015625, 279.1416015625, 279.1416015625, 279.1416015625, 790.0], "total_memory": 10500.53125}}