{"model": {"model_name": "GPT_2-6B", "num_layers": 34, "parameters": {"total_parameters_bytes": 11119165440, "parameters_per_layer_bytes": [524288000, 314705920, 314705920, 314705920, 314705920, 314705920, 314705920, 314705920, 314705920, 314705920, 314705920, 314705920, 314705920, 314705920, 314705920, 314705920, 314705920, 314705920, 314705920, 314705920, 314705920, 314705920, 314705920, 314705920, 314705920, 314705920, 314705920, 314705920, 314705920, 314705920, 314705920, 314705920, 314705920, 524288000]}}, "execution_time": {"batch_generator_time_ms": 0, "optimizer_time_ms": 0, "layer_compute_total_ms": [48.807525634765625, 138.70285034179688, 138.70285034179688, 138.70285034179688, 138.70285034179688, 138.70285034179688, 138.70285034179688, 138.70285034179688, 138.70285034179688, 138.70285034179688, 138.70285034179688, 138.70285034179688, 138.70285034179688, 138.70285034179688, 138.70285034179688, 138.70285034179688, 138.70285034179688, 138.70285034179688, 138.70285034179688, 138.70285034179688, 138.70285034179688, 138.70285034179688, 138.70285034179688, 138.70285034179688, 138.70285034179688, 138.70285034179688, 138.70285034179688, 138.70285034179688, 138.70285034179688, 138.70285034179688, 138.70285034179688, 138.70285034179688, 138.70285034179688, 60.10921020507813], "forward_backward_time_ms": 4547.407946777344}, "execution_memory": {"layer_memory_total_mb": [1396.0, 698.0634765625, 698.0634765625, 698.0634765625, 698.0634765625, 698.0634765625, 698.0634765625, 698.0634765625, 698.0634765625, 698.0634765625, 698.0634765625, 698.0634765625, 698.0634765625, 698.0634765625, 698.0634765625, 698.0634765625, 698.0634765625, 698.0634765625, 698.0634765625, 698.0634765625, 698.0634765625, 698.0634765625, 698.0634765625, 698.0634765625, 698.0634765625, 698.0634765625, 698.0634765625, 698.0634765625, 698.0634765625, 698.0634765625, 698.0634765625, 698.0634765625, 698.0634765625, 2500.0], "total_memory": 26234.03125}}