{"model": {"model_name": "GPT_2-6B", "num_layers": 34, "parameters": {"total_parameters_bytes": 11119165440, "parameters_per_layer_bytes": [524288000, 314705920, 314705920, 314705920, 314705920, 314705920, 314705920, 314705920, 314705920, 314705920, 314705920, 314705920, 314705920, 314705920, 314705920, 314705920, 314705920, 314705920, 314705920, 314705920, 314705920, 314705920, 314705920, 314705920, 314705920, 314705920, 314705920, 314705920, 314705920, 314705920, 314705920, 314705920, 314705920, 524288000]}}, "execution_time": {"batch_generator_time_ms": 0, "optimizer_time_ms": 0, "layer_compute_total_ms": [2.885177659988403, 31.66228485107422, 31.66228485107422, 31.66228485107422, 31.66228485107422, 31.66228485107422, 31.66228485107422, 31.66228485107422, 31.66228485107422, 31.66228485107422, 31.66228485107422, 31.66228485107422, 31.66228485107422, 31.66228485107422, 31.66228485107422, 31.66228485107422, 31.66228485107422, 31.66228485107422, 31.66228485107422, 31.66228485107422, 31.66228485107422, 31.66228485107422, 31.66228485107422, 31.66228485107422, 31.66228485107422, 31.66228485107422, 31.66228485107422, 31.66228485107422, 31.66228485107422, 31.66228485107422, 31.66228485107422, 31.66228485107422, 31.66228485107422, 57.48469848632813], "forward_backward_time_ms": 1073.5629913806915}, "execution_memory": {"layer_memory_total_mb": [2918.0, 2445.1259765625, 2445.1259765625, 2445.1259765625, 2445.1259765625, 2445.1259765625, 2445.1259765625, 2445.1259765625, 2445.1259765625, 2445.1259765625, 2445.1259765625, 2445.1259765625, 2445.1259765625, 2445.1259765625, 2445.1259765625, 2445.1259765625, 2445.1259765625, 2445.1259765625, 2445.1259765625, 2445.1259765625, 2445.1259765625, 2445.1259765625, 2445.1259765625, 2445.1259765625, 2445.1259765625, 2445.1259765625, 2445.1259765625, 2445.1259765625, 2445.1259765625, 2445.1259765625, 2445.1259765625, 2445.1259765625, 2445.1259765625, 6000.0], "total_memory": 87162.03125}}