{"model": {"model_name": "GPT_2-6B", "num_layers": 34, "parameters": {"total_parameters_bytes": 11119165440, "parameters_per_layer_bytes": [524288000, 314705920, 314705920, 314705920, 314705920, 314705920, 314705920, 314705920, 314705920, 314705920, 314705920, 314705920, 314705920, 314705920, 314705920, 314705920, 314705920, 314705920, 314705920, 314705920, 314705920, 314705920, 314705920, 314705920, 314705920, 314705920, 314705920, 314705920, 314705920, 314705920, 314705920, 314705920, 314705920, 524288000]}}, "execution_time": {"batch_generator_time_ms": 0, "optimizer_time_ms": 0, "layer_compute_total_ms": [148.17649536132814, 488.241162109375, 488.241162109375, 488.241162109375, 488.241162109375, 488.241162109375, 488.241162109375, 488.241162109375, 488.241162109375, 488.241162109375, 488.241162109375, 488.241162109375, 488.241162109375, 488.241162109375, 488.241162109375, 488.241162109375, 488.241162109375, 488.241162109375, 488.241162109375, 488.241162109375, 488.241162109375, 488.241162109375, 488.241162109375, 488.241162109375, 488.241162109375, 488.241162109375, 488.241162109375, 488.241162109375, 488.241162109375, 488.241162109375, 488.241162109375, 488.241162109375, 488.241162109375, 259.4723876953125], "forward_backward_time_ms": 16031.36607055663}, "execution_memory": {"layer_memory_total_mb": [2102.0, 1721.1259765625, 1721.1259765625, 1721.1259765625, 1721.1259765625, 1721.1259765625, 1721.1259765625, 1721.1259765625, 1721.1259765625, 1721.1259765625, 1721.1259765625, 1721.1259765625, 1721.1259765625, 1721.1259765625, 1721.1259765625, 1721.1259765625, 1721.1259765625, 1721.1259765625, 1721.1259765625, 1721.1259765625, 1721.1259765625, 1721.1259765625, 1721.1259765625, 1721.1259765625, 1721.1259765625, 1721.1259765625, 1721.1259765625, 1721.1259765625, 1721.1259765625, 1721.1259765625, 1721.1259765625, 1721.1259765625, 1721.1259765625, 5000.0], "total_memory": 62178.03125}}