{"model": {"model_name": "GPT_2-6B", "num_layers": 34, "parameters": {"total_parameters_bytes": 11119165440, "parameters_per_layer_bytes": [524288000, 314705920, 314705920, 314705920, 314705920, 314705920, 314705920, 314705920, 314705920, 314705920, 314705920, 314705920, 314705920, 314705920, 314705920, 314705920, 314705920, 314705920, 314705920, 314705920, 314705920, 314705920, 314705920, 314705920, 314705920, 314705920, 314705920, 314705920, 314705920, 314705920, 314705920, 314705920, 314705920, 524288000]}}, "execution_time": {"batch_generator_time_ms": 0, "optimizer_time_ms": 0, "layer_compute_total_ms": [13.394944381713866, 221.45269775390625, 221.45269775390625, 221.45269775390625, 221.45269775390625, 221.45269775390625, 221.45269775390625, 221.45269775390625, 221.45269775390625, 221.45269775390625, 221.45269775390625, 221.45269775390625, 221.45269775390625, 221.45269775390625, 221.45269775390625, 221.45269775390625, 221.45269775390625, 221.45269775390625, 221.45269775390625, 221.45269775390625, 221.45269775390625, 221.45269775390625, 221.45269775390625, 221.45269775390625, 221.45269775390625, 221.45269775390625, 221.45269775390625, 221.45269775390625, 221.45269775390625, 221.45269775390625, 221.45269775390625, 221.45269775390625, 221.45269775390625, 373.252294921875], "forward_backward_time_ms": 7473.133567428588}, "execution_memory": {"layer_memory_total_mb": [3226.0, 3732.125, 3732.125, 3732.125, 3732.125, 3732.125, 3732.125, 3732.125, 3732.125, 3732.125, 3732.125, 3732.125, 3732.125, 3732.125, 3732.125, 3732.125, 3732.125, 3732.125, 3732.125, 3732.125, 3732.125, 3732.125, 3732.125, 3732.125, 3732.125, 3732.125, 3732.125, 3732.125, 3732.125, 3732.125, 3732.125, 3732.125, 3732.125, 10000.0], "total_memory": 132654.0}}