{
    "model": {
        "model_name": "GPT_2-6B",
        "num_layers": 34,
        "parameters": {
            "total_parameters_bytes": 11119165440,
            "parameters_per_layer_bytes": [
                524288000,
                314705920,
                314705920,
                314705920,
                314705920,
                314705920,
                314705920,
                314705920,
                314705920,
                314705920,
                314705920,
                314705920,
                314705920,
                314705920,
                314705920,
                314705920,
                314705920,
                314705920,
                314705920,
                314705920,
                314705920,
                314705920,
                314705920,
                314705920,
                314705920,
                314705920,
                314705920,
                314705920,
                314705920,
                314705920,
                314705920,
                314705920,
                314705920,
                524288000
            ]
        }
    },
    "execution_time": {
        "batch_generator_time_ms": 0,
        "optimizer_time_ms": 0,
        "layer_compute_total_ms": [
            29.876019287109376,
            80.74649658203126,
            80.74649658203126,
            80.74649658203126,
            80.74649658203126,
            80.74649658203126,
            80.74649658203126,
            80.74649658203126,
            80.74649658203126,
            80.74649658203126,
            80.74649658203126,
            80.74649658203126,
            80.74649658203126,
            80.74649658203126,
            80.74649658203126,
            80.74649658203126,
            80.74649658203126,
            80.74649658203126,
            80.74649658203126,
            80.74649658203126,
            80.74649658203126,
            80.74649658203126,
            80.74649658203126,
            80.74649658203126,
            80.74649658203126,
            80.74649658203126,
            80.74649658203126,
            80.74649658203126,
            80.74649658203126,
            80.74649658203126,
            80.74649658203126,
            80.74649658203126,
            80.74649658203126,
            53.5689208984375
        ],
        "forward_backward_time_ms": 2667.3328308105483
    },
    "execution_memory": {
        "layer_memory_total_mb": [
            1038.0,
            512.763671875,
            512.763671875,
            512.763671875,
            512.763671875,
            512.763671875,
            512.763671875,
            512.763671875,
            512.763671875,
            512.763671875,
            512.763671875,
            512.763671875,
            512.763671875,
            512.763671875,
            512.763671875,
            512.763671875,
            512.763671875,
            512.763671875,
            512.763671875,
            512.763671875,
            512.763671875,
            512.763671875,
            512.763671875,
            512.763671875,
            512.763671875,
            512.763671875,
            512.763671875,
            512.763671875,
            512.763671875,
            512.763671875,
            512.763671875,
            512.763671875,
            512.763671875,
            1500.0
        ],
        "total_memory": 18946.4375
    }
}