{"model": {"model_name": "GPT_2-6B", "num_layers": 34, "parameters": {"total_parameters_bytes": 11119165440, "parameters_per_layer_bytes": [524288000, 314705920, 314705920, 314705920, 314705920, 314705920, 314705920, 314705920, 314705920, 314705920, 314705920, 314705920, 314705920, 314705920, 314705920, 314705920, 314705920, 314705920, 314705920, 314705920, 314705920, 314705920, 314705920, 314705920, 314705920, 314705920, 314705920, 314705920, 314705920, 314705920, 314705920, 314705920, 314705920, 524288000]}}, "execution_time": {"batch_generator_time_ms": 0, "optimizer_time_ms": 0, "layer_compute_total_ms": [99.5979248046875, 319.70611572265625, 319.70611572265625, 319.70611572265625, 319.70611572265625, 319.70611572265625, 319.70611572265625, 319.70611572265625, 319.70611572265625, 319.70611572265625, 319.70611572265625, 319.70611572265625, 319.70611572265625, 319.70611572265625, 319.70611572265625, 319.70611572265625, 319.70611572265625, 319.70611572265625, 319.70611572265625, 319.70611572265625, 319.70611572265625, 319.70611572265625, 319.70611572265625, 319.70611572265625, 319.70611572265625, 319.70611572265625, 319.70611572265625, 319.70611572265625, 319.70611572265625, 319.70611572265625, 319.70611572265625, 319.70611572265625, 319.70611572265625, 110.03187255859375], "forward_backward_time_ms": 10440.22550048828}, "execution_memory": {"layer_memory_total_mb": [1038.0, 511.7822265625, 511.7822265625, 511.7822265625, 511.7822265625, 511.7822265625, 511.7822265625, 511.7822265625, 511.7822265625, 511.7822265625, 511.7822265625, 511.7822265625, 511.7822265625, 511.7822265625, 511.7822265625, 511.7822265625, 511.7822265625, 511.7822265625, 511.7822265625, 511.7822265625, 511.7822265625, 511.7822265625, 511.7822265625, 511.7822265625, 511.7822265625, 511.7822265625, 511.7822265625, 511.7822265625, 511.7822265625, 511.7822265625, 511.7822265625, 511.7822265625, 511.7822265625, 1540.0], "total_memory": 18955.03125}}