{"model": {"model_name": "GPT_2-6B", "num_layers": 34, "parameters": {"total_parameters_bytes": 11119165440, "parameters_per_layer_bytes": [524288000, 314705920, 314705920, 314705920, 314705920, 314705920, 314705920, 314705920, 314705920, 314705920, 314705920, 314705920, 314705920, 314705920, 314705920, 314705920, 314705920, 314705920, 314705920, 314705920, 314705920, 314705920, 314705920, 314705920, 314705920, 314705920, 314705920, 314705920, 314705920, 314705920, 314705920, 314705920, 314705920, 524288000]}}, "execution_time": {"batch_generator_time_ms": 0, "optimizer_time_ms": 0, "layer_compute_total_ms": [74.5134063720703, 241.5530029296875, 241.5530029296875, 241.5530029296875, 241.5530029296875, 241.5530029296875, 241.5530029296875, 241.5530029296875, 241.5530029296875, 241.5530029296875, 241.5530029296875, 241.5530029296875, 241.5530029296875, 241.5530029296875, 241.5530029296875, 241.5530029296875, 241.5530029296875, 241.5530029296875, 241.5530029296875, 241.5530029296875, 241.5530029296875, 241.5530029296875, 241.5530029296875, 241.5530029296875, 241.5530029296875, 241.5530029296875, 241.5530029296875, 241.5530029296875, 241.5530029296875, 241.5530029296875, 241.5530029296875, 241.5530029296875, 241.5530029296875, 129.05472412109376], "forward_backward_time_ms": 7933.264224243168}, "execution_memory": {"layer_memory_total_mb": [1714.0, 1020.5634765625, 1020.5634765625, 1020.5634765625, 1020.5634765625, 1020.5634765625, 1020.5634765625, 1020.5634765625, 1020.5634765625, 1020.5634765625, 1020.5634765625, 1020.5634765625, 1020.5634765625, 1020.5634765625, 1020.5634765625, 1020.5634765625, 1020.5634765625, 1020.5634765625, 1020.5634765625, 1020.5634765625, 1020.5634765625, 1020.5634765625, 1020.5634765625, 1020.5634765625, 1020.5634765625, 1020.5634765625, 1020.5634765625, 1020.5634765625, 1020.5634765625, 1020.5634765625, 1020.5634765625, 1020.5634765625, 1020.5634765625, 3040.0], "total_memory": 37412.03125}}