{"model": {"model_name": "GPT_2-6B", "num_layers": 34, "parameters": {"total_parameters_bytes": 11119165440, "parameters_per_layer_bytes": [524288000, 314705920, 314705920, 314705920, 314705920, 314705920, 314705920, 314705920, 314705920, 314705920, 314705920, 314705920, 314705920, 314705920, 314705920, 314705920, 314705920, 314705920, 314705920, 314705920, 314705920, 314705920, 314705920, 314705920, 314705920, 314705920, 314705920, 314705920, 314705920, 314705920, 314705920, 314705920, 314705920, 524288000]}}, "execution_time": {"batch_generator_time_ms": 0, "optimizer_time_ms": 0, "layer_compute_total_ms": [37.27278137207031, 122.497021484375, 122.497021484375, 122.497021484375, 122.497021484375, 122.497021484375, 122.497021484375, 122.497021484375, 122.497021484375, 122.497021484375, 122.497021484375, 122.497021484375, 122.497021484375, 122.497021484375, 122.497021484375, 122.497021484375, 122.497021484375, 122.497021484375, 122.497021484375, 122.497021484375, 122.497021484375, 122.497021484375, 122.497021484375, 122.497021484375, 122.497021484375, 122.497021484375, 122.497021484375, 122.497021484375, 122.497021484375, 122.497021484375, 122.497021484375, 122.497021484375, 122.497021484375, 41.376153564453126], "forward_backward_time_ms": 3998.5536224365255}, "execution_memory": {"layer_memory_total_mb": [778.0, 258.2666015625, 258.2666015625, 258.2666015625, 258.2666015625, 258.2666015625, 258.2666015625, 258.2666015625, 258.2666015625, 258.2666015625, 258.2666015625, 258.2666015625, 258.2666015625, 258.2666015625, 258.2666015625, 258.2666015625, 258.2666015625, 258.2666015625, 258.2666015625, 258.2666015625, 258.2666015625, 258.2666015625, 258.2666015625, 258.2666015625, 258.2666015625, 258.2666015625, 258.2666015625, 258.2666015625, 258.2666015625, 258.2666015625, 258.2666015625, 258.2666015625, 258.2666015625, 650.0], "total_memory": 9692.53125}}