{"model": {"model_name": "GPT_6-7B", "num_layers": 34, "parameters": {"total_parameters_bytes": 27454341120, "parameters_per_layer_bytes": [838860800, 805519360, 805519360, 805519360, 805519360, 805519360, 805519360, 805519360, 805519360, 805519360, 805519360, 805519360, 805519360, 805519360, 805519360, 805519360, 805519360, 805519360, 805519360, 805519360, 805519360, 805519360, 805519360, 805519360, 805519360, 805519360, 805519360, 805519360, 805519360, 805519360, 805519360, 805519360, 805519360, 838860800]}}, "execution_time": {"batch_generator_time_ms": 0, "optimizer_time_ms": 0, "layer_compute_total_ms": [112.83475952148437, 40000.0, 40000.0, 40000.0, 40000.0, 40000.0, 40000.0, 40000.0, 40000.0, 40000.0, 40000.0, 40000.0, 40000.0, 40000.0, 40000.0, 40000.0, 40000.0, 40000.0, 40000.0, 40000.0, 40000.0, 40000.0, 40000.0, 40000.0, 40000.0, 40000.0, 40000.0, 40000.0, 40000.0, 40000.0, 40000.0, 40000.0, 40000.0, 20000.0], "forward_backward_time_ms": 1300112.8347595215}, "execution_memory": {"layer_memory_total_mb": [15698.0, 200000000.0, 200000000.0, 200000000.0, 200000000.0, 200000000.0, 200000000.0, 200000000.0, 200000000.0, 200000000.0, 200000000.0, 200000000.0, 200000000.0, 200000000.0, 200000000.0, 200000000.0, 200000000.0, 200000000.0, 200000000.0, 200000000.0, 200000000.0, 200000000.0, 200000000.0, 200000000.0, 200000000.0, 200000000.0, 200000000.0, 200000000.0, 200000000.0, 200000000.0, 200000000.0, 200000000.0, 200000000.0, 110000000.0], "total_memory": 6510015698.0}}