{"model": {"model_name": "GPT_6-7B", "num_layers": 34, "parameters": {"total_parameters_bytes": 27454341120, "parameters_per_layer_bytes": [838860800, 805519360, 805519360, 805519360, 805519360, 805519360, 805519360, 805519360, 805519360, 805519360, 805519360, 805519360, 805519360, 805519360, 805519360, 805519360, 805519360, 805519360, 805519360, 805519360, 805519360, 805519360, 805519360, 805519360, 805519360, 805519360, 805519360, 805519360, 805519360, 805519360, 805519360, 805519360, 805519360, 838860800]}}, "execution_time": {"batch_generator_time_ms": 0, "optimizer_time_ms": 0, "layer_compute_total_ms": [1274.404833984375, 4718.041015625, 4718.041015625, 4718.041015625, 4718.041015625, 4718.041015625, 4718.041015625, 4718.041015625, 4718.041015625, 4718.041015625, 4718.041015625, 4718.041015625, 4718.041015625, 4718.041015625, 4718.041015625, 4718.041015625, 4718.041015625, 4718.041015625, 4718.041015625, 4718.041015625, 4718.041015625, 4718.041015625, 4718.041015625, 4718.041015625, 4718.041015625, 4718.041015625, 4718.041015625, 4718.041015625, 4718.041015625, 4718.041015625, 4718.041015625, 4718.041015625, 4718.041015625, 1393.783203125], "forward_backward_time_ms": 153645.5005371094}, "execution_memory": {"layer_memory_total_mb": [7564.0, 5056.125, 5056.125, 5056.125, 5056.125, 5056.125, 5056.125, 5056.125, 5056.125, 5056.125, 5056.125, 5056.125, 5056.125, 5056.125, 5056.125, 5056.125, 5056.125, 5056.125, 5056.125, 5056.125, 5056.125, 5056.125, 5056.125, 5056.125, 5056.125, 5056.125, 5056.125, 5056.125, 5056.125, 5056.125, 5056.125, 5056.125, 5056.125, 9314.0], "total_memory": 178674.0}}