{"model": {"model_name": "GPT_6-7B", "num_layers": 34, "parameters": {"total_parameters_bytes": 27454341120, "parameters_per_layer_bytes": [838860800, 805519360, 805519360, 805519360, 805519360, 805519360, 805519360, 805519360, 805519360, 805519360, 805519360, 805519360, 805519360, 805519360, 805519360, 805519360, 805519360, 805519360, 805519360, 805519360, 805519360, 805519360, 805519360, 805519360, 805519360, 805519360, 805519360, 805519360, 805519360, 805519360, 805519360, 805519360, 805519360, 838860800]}}, "execution_time": {"batch_generator_time_ms": 0, "optimizer_time_ms": 0, "layer_compute_total_ms": [520.110693359375, 1907.53388671875, 1907.53388671875, 1907.53388671875, 1907.53388671875, 1907.53388671875, 1907.53388671875, 1907.53388671875, 1907.53388671875, 1907.53388671875, 1907.53388671875, 1907.53388671875, 1907.53388671875, 1907.53388671875, 1907.53388671875, 1907.53388671875, 1907.53388671875, 1907.53388671875, 1907.53388671875, 1907.53388671875, 1907.53388671875, 1907.53388671875, 1907.53388671875, 1907.53388671875, 1907.53388671875, 1907.53388671875, 1907.53388671875, 1907.53388671875, 1907.53388671875, 1907.53388671875, 1907.53388671875, 1907.53388671875, 1907.53388671875, 606.82626953125], "forward_backward_time_ms": 62168.02133789066}, "execution_memory": {"layer_memory_total_mb": [7740.0, 3360.0625, 3360.0625, 3360.0625, 3360.0625, 3360.0625, 3360.0625, 3360.0625, 3360.0625, 3360.0625, 3360.0625, 3360.0625, 3360.0625, 3360.0625, 3360.0625, 3360.0625, 3360.0625, 3360.0625, 3360.0625, 3360.0625, 3360.0625, 3360.0625, 3360.0625, 3360.0625, 3360.0625, 3360.0625, 3360.0625, 3360.0625, 3360.0625, 3360.0625, 3360.0625, 3360.0625, 3360.0625, 4402.0], "total_memory": 119664.0}}