{"model": {"model_name": "GPT_6-7B", "num_layers": 34, "parameters": {"total_parameters_bytes": 27454341120, "parameters_per_layer_bytes": [838860800, 805519360, 805519360, 805519360, 805519360, 805519360, 805519360, 805519360, 805519360, 805519360, 805519360, 805519360, 805519360, 805519360, 805519360, 805519360, 805519360, 805519360, 805519360, 805519360, 805519360, 805519360, 805519360, 805519360, 805519360, 805519360, 805519360, 805519360, 805519360, 805519360, 805519360, 805519360, 805519360, 838860800]}}, "execution_time": {"batch_generator_time_ms": 0, "optimizer_time_ms": 0, "layer_compute_total_ms": [2560.712109375, 24301.777734375, 24301.777734375, 24301.777734375, 24301.777734375, 24301.777734375, 24301.777734375, 24301.777734375, 24301.777734375, 24301.777734375, 24301.777734375, 24301.777734375, 24301.777734375, 24301.777734375, 24301.777734375, 24301.777734375, 24301.777734375, 24301.777734375, 24301.777734375, 24301.777734375, 24301.777734375, 24301.777734375, 24301.777734375, 24301.777734375, 24301.777734375, 24301.777734375, 24301.777734375, 24301.777734375, 24301.777734375, 24301.777734375, 24301.777734375, 24301.777734375, 24301.777734375, 20000.0], "forward_backward_time_ms": 800217.5996093745}, "execution_memory": {"layer_memory_total_mb": [11764.0, 110003200.25, 110003200.25, 110003200.25, 110003200.25, 110003200.25, 110003200.25, 110003200.25, 110003200.25, 110003200.25, 110003200.25, 110003200.25, 110003200.25, 110003200.25, 110003200.25, 110003200.25, 110003200.25, 110003200.25, 110003200.25, 110003200.25, 110003200.25, 110003200.25, 110003200.25, 110003200.25, 110003200.25, 110003200.25, 110003200.25, 110003200.25, 110003200.25, 110003200.25, 110003200.25, 110003200.25, 110003200.25, 110000000.0], "total_memory": 3630114172.0}}