{"model": {"model_name": "GPT_6-7B", "num_layers": 34, "parameters": {"total_parameters_bytes": 27454341120, "parameters_per_layer_bytes": [838860800, 805519360, 805519360, 805519360, 805519360, 805519360, 805519360, 805519360, 805519360, 805519360, 805519360, 805519360, 805519360, 805519360, 805519360, 805519360, 805519360, 805519360, 805519360, 805519360, 805519360, 805519360, 805519360, 805519360, 805519360, 805519360, 805519360, 805519360, 805519360, 805519360, 805519360, 805519360, 805519360, 838860800]}}, "execution_time": {"batch_generator_time_ms": 0, "optimizer_time_ms": 0, "layer_compute_total_ms": [472.305908203125, 1640.845654296875, 1640.845654296875, 1640.845654296875, 1640.845654296875, 1640.845654296875, 1640.845654296875, 1640.845654296875, 1640.845654296875, 1640.845654296875, 1640.845654296875, 1640.845654296875, 1640.845654296875, 1640.845654296875, 1640.845654296875, 1640.845654296875, 1640.845654296875, 1640.845654296875, 1640.845654296875, 1640.845654296875, 1640.845654296875, 1640.845654296875, 1640.845654296875, 1640.845654296875, 1640.845654296875, 1640.845654296875, 1640.845654296875, 1640.845654296875, 1640.845654296875, 1640.845654296875, 1640.845654296875, 1640.845654296875, 1640.845654296875, 507.55541992187494], "forward_backward_time_ms": 53486.92226562503}, "execution_memory": {"layer_memory_total_mb": [7740.0, 3360.0625, 3360.0625, 3360.0625, 3360.0625, 3360.0625, 3360.0625, 3360.0625, 3360.0625, 3360.0625, 3360.0625, 3360.0625, 3360.0625, 3360.0625, 3360.0625, 3360.0625, 3360.0625, 3360.0625, 3360.0625, 3360.0625, 3360.0625, 3360.0625, 3360.0625, 3360.0625, 3360.0625, 3360.0625, 3360.0625, 3360.0625, 3360.0625, 3360.0625, 3360.0625, 3360.0625, 3360.0625, 4402.0], "total_memory": 119664.0}}