{"model": {"model_name": "GPT_6-7B", "num_layers": 34, "parameters": {"total_parameters_bytes": 27454341120, "parameters_per_layer_bytes": [838860800, 805519360, 805519360, 805519360, 805519360, 805519360, 805519360, 805519360, 805519360, 805519360, 805519360, 805519360, 805519360, 805519360, 805519360, 805519360, 805519360, 805519360, 805519360, 805519360, 805519360, 805519360, 805519360, 805519360, 805519360, 805519360, 805519360, 805519360, 805519360, 805519360, 805519360, 805519360, 805519360, 838860800]}}, "execution_time": {"batch_generator_time_ms": 0, "optimizer_time_ms": 0, "layer_compute_total_ms": [289.9904541015625, 1095.93662109375, 1095.93662109375, 1095.93662109375, 1095.93662109375, 1095.93662109375, 1095.93662109375, 1095.93662109375, 1095.93662109375, 1095.93662109375, 1095.93662109375, 1095.93662109375, 1095.93662109375, 1095.93662109375, 1095.93662109375, 1095.93662109375, 1095.93662109375, 1095.93662109375, 1095.93662109375, 1095.93662109375, 1095.93662109375, 1095.93662109375, 1095.93662109375, 1095.93662109375, 1095.93662109375, 1095.93662109375, 1095.93662109375, 1095.93662109375, 1095.93662109375, 1095.93662109375, 1095.93662109375, 1095.93662109375, 1095.93662109375, 347.9193603515625], "forward_backward_time_ms": 35707.88168945314}, "execution_memory": {"layer_memory_total_mb": [8204.0, 5184.125, 5184.125, 5184.125, 5184.125, 5184.125, 5184.125, 5184.125, 5184.125, 5184.125, 5184.125, 5184.125, 5184.125, 5184.125, 5184.125, 5184.125, 5184.125, 5184.125, 5184.125, 5184.125, 5184.125, 5184.125, 5184.125, 5184.125, 5184.125, 5184.125, 5184.125, 5184.125, 5184.125, 5184.125, 5184.125, 5184.125, 5184.125, 8802.0], "total_memory": 182898.0}}