{"model": {"model_name": "GPT_6-7B", "num_layers": 34, "parameters": {"total_parameters_bytes": 27454341120, "parameters_per_layer_bytes": [838860800, 805519360, 805519360, 805519360, 805519360, 805519360, 805519360, 805519360, 805519360, 805519360, 805519360, 805519360, 805519360, 805519360, 805519360, 805519360, 805519360, 805519360, 805519360, 805519360, 805519360, 805519360, 805519360, 805519360, 805519360, 805519360, 805519360, 805519360, 805519360, 805519360, 805519360, 805519360, 805519360, 838860800]}}, "execution_time": {"batch_generator_time_ms": 0, "optimizer_time_ms": 0, "layer_compute_total_ms": [39.476017761230466, 2349.563916015625, 2349.563916015625, 2349.563916015625, 2349.563916015625, 2349.563916015625, 2349.563916015625, 2349.563916015625, 2349.563916015625, 2349.563916015625, 2349.563916015625, 2349.563916015625, 2349.563916015625, 2349.563916015625, 2349.563916015625, 2349.563916015625, 2349.563916015625, 2349.563916015625, 2349.563916015625, 2349.563916015625, 2349.563916015625, 2349.563916015625, 2349.563916015625, 2349.563916015625, 2349.563916015625, 2349.563916015625, 2349.563916015625, 2349.563916015625, 2349.563916015625, 2349.563916015625, 2349.563916015625, 2349.563916015625, 2349.563916015625, 20000.0], "forward_backward_time_ms": 95225.52133026127}, "execution_memory": {"layer_memory_total_mb": [15698.0, 35329.0, 35329.0, 35329.0, 35329.0, 35329.0, 35329.0, 35329.0, 35329.0, 35329.0, 35329.0, 35329.0, 35329.0, 35329.0, 35329.0, 35329.0, 35329.0, 35329.0, 35329.0, 35329.0, 35329.0, 35329.0, 35329.0, 35329.0, 35329.0, 35329.0, 35329.0, 35329.0, 35329.0, 35329.0, 35329.0, 35329.0, 35329.0, 110000000.0], "total_memory": 111146226.0}}