{"model": {"model_name": "GPT_6-7B", "num_layers": 34, "parameters": {"total_parameters_bytes": 27454341120, "parameters_per_layer_bytes": [838860800, 805519360, 805519360, 805519360, 805519360, 805519360, 805519360, 805519360, 805519360, 805519360, 805519360, 805519360, 805519360, 805519360, 805519360, 805519360, 805519360, 805519360, 805519360, 805519360, 805519360, 805519360, 805519360, 805519360, 805519360, 805519360, 805519360, 805519360, 805519360, 805519360, 805519360, 805519360, 805519360, 838860800]}}, "execution_time": {"batch_generator_time_ms": 0, "optimizer_time_ms": 0, "layer_compute_total_ms": [948.65078125, 3297.87275390625, 3297.87275390625, 3297.87275390625, 3297.87275390625, 3297.87275390625, 3297.87275390625, 3297.87275390625, 3297.87275390625, 3297.87275390625, 3297.87275390625, 3297.87275390625, 3297.87275390625, 3297.87275390625, 3297.87275390625, 3297.87275390625, 3297.87275390625, 3297.87275390625, 3297.87275390625, 3297.87275390625, 3297.87275390625, 3297.87275390625, 3297.87275390625, 3297.87275390625, 3297.87275390625, 3297.87275390625, 3297.87275390625, 3297.87275390625, 3297.87275390625, 3297.87275390625, 3297.87275390625, 3297.87275390625, 3297.87275390625, 1017.9580078125], "forward_backward_time_ms": 107498.53691406256}, "execution_memory": {"layer_memory_total_mb": [11364.0, 6720.125, 6720.125, 6720.125, 6720.125, 6720.125, 6720.125, 6720.125, 6720.125, 6720.125, 6720.125, 6720.125, 6720.125, 6720.125, 6720.125, 6720.125, 6720.125, 6720.125, 6720.125, 6720.125, 6720.125, 6720.125, 6720.125, 6720.125, 6720.125, 6720.125, 6720.125, 6720.125, 6720.125, 6720.125, 6720.125, 6720.125, 6720.125, 9428.0], "total_memory": 235836.0}}