{"model": {"model_name": "GPT_6-7B", "num_layers": 34, "parameters": {"total_parameters_bytes": 27454341120, "parameters_per_layer_bytes": [838860800, 805519360, 805519360, 805519360, 805519360, 805519360, 805519360, 805519360, 805519360, 805519360, 805519360, 805519360, 805519360, 805519360, 805519360, 805519360, 805519360, 805519360, 805519360, 805519360, 805519360, 805519360, 805519360, 805519360, 805519360, 805519360, 805519360, 805519360, 805519360, 805519360, 805519360, 805519360, 805519360, 838860800]}}, "execution_time": {"batch_generator_time_ms": 0, "optimizer_time_ms": 0, "layer_compute_total_ms": [18.821939086914064, 1180.903857421875, 1180.903857421875, 1180.903857421875, 1180.903857421875, 1180.903857421875, 1180.903857421875, 1180.903857421875, 1180.903857421875, 1180.903857421875, 1180.903857421875, 1180.903857421875, 1180.903857421875, 1180.903857421875, 1180.903857421875, 1180.903857421875, 1180.903857421875, 1180.903857421875, 1180.903857421875, 1180.903857421875, 1180.903857421875, 1180.903857421875, 1180.903857421875, 1180.903857421875, 1180.903857421875, 1180.903857421875, 1180.903857421875, 1180.903857421875, 1180.903857421875, 1180.903857421875, 1180.903857421875, 1180.903857421875, 1180.903857421875, 20000.0], "forward_backward_time_ms": 57807.745376586914}, "execution_memory": {"layer_memory_total_mb": [11756.0, 18688.5, 18688.5, 18688.5, 18688.5, 18688.5, 18688.5, 18688.5, 18688.5, 18688.5, 18688.5, 18688.5, 18688.5, 18688.5, 18688.5, 18688.5, 18688.5, 18688.5, 18688.5, 18688.5, 18688.5, 18688.5, 18688.5, 18688.5, 18688.5, 18688.5, 18688.5, 18688.5, 18688.5, 18688.5, 18688.5, 18688.5, 18688.5, 110000000.0], "total_memory": 110609788.0}}