{"model": {"model_name": "GPT_6-7B", "num_layers": 34, "parameters": {"total_parameters_bytes": 27454341120, "parameters_per_layer_bytes": [838860800, 805519360, 805519360, 805519360, 805519360, 805519360, 805519360, 805519360, 805519360, 805519360, 805519360, 805519360, 805519360, 805519360, 805519360, 805519360, 805519360, 805519360, 805519360, 805519360, 805519360, 805519360, 805519360, 805519360, 805519360, 805519360, 805519360, 805519360, 805519360, 805519360, 805519360, 805519360, 805519360, 838860800]}}, "execution_time": {"batch_generator_time_ms": 0, "optimizer_time_ms": 0, "layer_compute_total_ms": [593.2214111328125, 2743.858984375, 2743.858984375, 2743.858984375, 2743.858984375, 2743.858984375, 2743.858984375, 2743.858984375, 2743.858984375, 2743.858984375, 2743.858984375, 2743.858984375, 2743.858984375, 2743.858984375, 2743.858984375, 2743.858984375, 2743.858984375, 2743.858984375, 2743.858984375, 2743.858984375, 2743.858984375, 2743.858984375, 2743.858984375, 2743.858984375, 2743.858984375, 2743.858984375, 2743.858984375, 2743.858984375, 2743.858984375, 2743.858984375, 2743.858984375, 2743.858984375, 2743.858984375, 20000.0], "forward_backward_time_ms": 108396.70891113278}, "execution_memory": {"layer_memory_total_mb": [13588.0, 19712.5, 19712.5, 19712.5, 19712.5, 19712.5, 19712.5, 19712.5, 19712.5, 19712.5, 19712.5, 19712.5, 19712.5, 19712.5, 19712.5, 19712.5, 19712.5, 19712.5, 19712.5, 19712.5, 19712.5, 19712.5, 19712.5, 19712.5, 19712.5, 19712.5, 19712.5, 19712.5, 19712.5, 19712.5, 19712.5, 19712.5, 19712.5, 110000000.0], "total_memory": 110644388.0}}