{"model": {"model_name": "GPT_6-7B", "num_layers": 34, "parameters": {"total_parameters_bytes": 27454341120, "parameters_per_layer_bytes": [838860800, 805519360, 805519360, 805519360, 805519360, 805519360, 805519360, 805519360, 805519360, 805519360, 805519360, 805519360, 805519360, 805519360, 805519360, 805519360, 805519360, 805519360, 805519360, 805519360, 805519360, 805519360, 805519360, 805519360, 805519360, 805519360, 805519360, 805519360, 805519360, 805519360, 805519360, 805519360, 805519360, 838860800]}}, "execution_time": {"batch_generator_time_ms": 0, "optimizer_time_ms": 0, "layer_compute_total_ms": [376.33555908203124, 2651.83291015625, 2651.83291015625, 2651.83291015625, 2651.83291015625, 2651.83291015625, 2651.83291015625, 2651.83291015625, 2651.83291015625, 2651.83291015625, 2651.83291015625, 2651.83291015625, 2651.83291015625, 2651.83291015625, 2651.83291015625, 2651.83291015625, 2651.83291015625, 2651.83291015625, 2651.83291015625, 2651.83291015625, 2651.83291015625, 2651.83291015625, 2651.83291015625, 2651.83291015625, 2651.83291015625, 2651.83291015625, 2651.83291015625, 2651.83291015625, 2651.83291015625, 2651.83291015625, 2651.83291015625, 2651.83291015625, 2651.83291015625, 20000.0], "forward_backward_time_ms": 105234.98868408205}, "execution_memory": {"layer_memory_total_mb": [9644.0, 10112.25, 10112.25, 10112.25, 10112.25, 10112.25, 10112.25, 10112.25, 10112.25, 10112.25, 10112.25, 10112.25, 10112.25, 10112.25, 10112.25, 10112.25, 10112.25, 10112.25, 10112.25, 10112.25, 10112.25, 10112.25, 10112.25, 10112.25, 10112.25, 10112.25, 10112.25, 10112.25, 10112.25, 10112.25, 10112.25, 10112.25, 10112.25, 110000000.0], "total_memory": 110333236.0}}