{"model": {"model_name": "GPT_6-7B", "num_layers": 34, "parameters": {"total_parameters_bytes": 27454341120, "parameters_per_layer_bytes": [838860800, 805519360, 805519360, 805519360, 805519360, 805519360, 805519360, 805519360, 805519360, 805519360, 805519360, 805519360, 805519360, 805519360, 805519360, 805519360, 805519360, 805519360, 805519360, 805519360, 805519360, 805519360, 805519360, 805519360, 805519360, 805519360, 805519360, 805519360, 805519360, 805519360, 805519360, 805519360, 805519360, 838860800]}}, "execution_time": {"batch_generator_time_ms": 0, "optimizer_time_ms": 0, "layer_compute_total_ms": [697.5330322265625, 21168.703125, 21168.703125, 21168.703125, 21168.703125, 21168.703125, 21168.703125, 21168.703125, 21168.703125, 21168.703125, 21168.703125, 21168.703125, 21168.703125, 21168.703125, 21168.703125, 21168.703125, 21168.703125, 21168.703125, 21168.703125, 21168.703125, 21168.703125, 21168.703125, 21168.703125, 21168.703125, 21168.703125, 21168.703125, 21168.703125, 21168.703125, 21168.703125, 21168.703125, 21168.703125, 21168.703125, 21168.703125, 20000.0], "forward_backward_time_ms": 698096.0330322266}, "execution_memory": {"layer_memory_total_mb": [12276.0, 110003200.25, 110003200.25, 110003200.25, 110003200.25, 110003200.25, 110003200.25, 110003200.25, 110003200.25, 110003200.25, 110003200.25, 110003200.25, 110003200.25, 110003200.25, 110003200.25, 110003200.25, 110003200.25, 110003200.25, 110003200.25, 110003200.25, 110003200.25, 110003200.25, 110003200.25, 110003200.25, 110003200.25, 110003200.25, 110003200.25, 110003200.25, 110003200.25, 110003200.25, 110003200.25, 110003200.25, 110003200.25, 110000000.0], "total_memory": 3630114684.0}}