{"model": {"model_name": "GPT_6-7B", "num_layers": 34, "parameters": {"total_parameters_bytes": 27454341120, "parameters_per_layer_bytes": [838860800, 805519360, 805519360, 805519360, 805519360, 805519360, 805519360, 805519360, 805519360, 805519360, 805519360, 805519360, 805519360, 805519360, 805519360, 805519360, 805519360, 805519360, 805519360, 805519360, 805519360, 805519360, 805519360, 805519360, 805519360, 805519360, 805519360, 805519360, 805519360, 805519360, 805519360, 805519360, 805519360, 838860800]}}, "execution_time": {"batch_generator_time_ms": 0, "optimizer_time_ms": 0, "layer_compute_total_ms": [573.5612548828125, 2215.51953125, 2215.51953125, 2215.51953125, 2215.51953125, 2215.51953125, 2215.51953125, 2215.51953125, 2215.51953125, 2215.51953125, 2215.51953125, 2215.51953125, 2215.51953125, 2215.51953125, 2215.51953125, 2215.51953125, 2215.51953125, 2215.51953125, 2215.51953125, 2215.51953125, 2215.51953125, 2215.51953125, 2215.51953125, 2215.51953125, 2215.51953125, 2215.51953125, 2215.51953125, 2215.51953125, 2215.51953125, 2215.51953125, 2215.51953125, 2215.51953125, 2215.51953125, 703.254345703125], "forward_backward_time_ms": 72173.44060058593}, "execution_memory": {"layer_memory_total_mb": [12276.0, 10624.25, 10624.25, 10624.25, 10624.25, 10624.25, 10624.25, 10624.25, 10624.25, 10624.25, 10624.25, 10624.25, 10624.25, 10624.25, 10624.25, 10624.25, 10624.25, 10624.25, 10624.25, 10624.25, 10624.25, 10624.25, 10624.25, 10624.25, 10624.25, 10624.25, 10624.25, 10624.25, 10624.25, 10624.25, 10624.25, 10624.25, 10624.25, 18084.0], "total_memory": 370336.0}}