{"model": {"model_name": "GPT_6-7B", "num_layers": 34, "parameters": {"total_parameters_bytes": 27454341120, "parameters_per_layer_bytes": [838860800, 805519360, 805519360, 805519360, 805519360, 805519360, 805519360, 805519360, 805519360, 805519360, 805519360, 805519360, 805519360, 805519360, 805519360, 805519360, 805519360, 805519360, 805519360, 805519360, 805519360, 805519360, 805519360, 805519360, 805519360, 805519360, 805519360, 805519360, 805519360, 805519360, 805519360, 805519360, 805519360, 838860800]}}, "execution_time": {"batch_generator_time_ms": 0, "optimizer_time_ms": 0, "layer_compute_total_ms": [346.9148315429687, 1647.05693359375, 1647.05693359375, 1647.05693359375, 1647.05693359375, 1647.05693359375, 1647.05693359375, 1647.05693359375, 1647.05693359375, 1647.05693359375, 1647.05693359375, 1647.05693359375, 1647.05693359375, 1647.05693359375, 1647.05693359375, 1647.05693359375, 1647.05693359375, 1647.05693359375, 1647.05693359375, 1647.05693359375, 1647.05693359375, 1647.05693359375, 1647.05693359375, 1647.05693359375, 1647.05693359375, 1647.05693359375, 1647.05693359375, 1647.05693359375, 1647.05693359375, 1647.05693359375, 1647.05693359375, 1647.05693359375, 1647.05693359375, 608.10712890625], "forward_backward_time_ms": 53660.843835449195}, "execution_memory": {"layer_memory_total_mb": [8204.0, 5312.125, 5312.125, 5312.125, 5312.125, 5312.125, 5312.125, 5312.125, 5312.125, 5312.125, 5312.125, 5312.125, 5312.125, 5312.125, 5312.125, 5312.125, 5312.125, 5312.125, 5312.125, 5312.125, 5312.125, 5312.125, 5312.125, 5312.125, 5312.125, 5312.125, 5312.125, 5312.125, 5312.125, 5312.125, 5312.125, 5312.125, 5312.125, 8802.0], "total_memory": 186994.0}}