{"model": {"model_name": "GPT_6-7B", "num_layers": 34, "parameters": {"total_parameters_bytes": 27454341120, "parameters_per_layer_bytes": [838860800, 805519360, 805519360, 805519360, 805519360, 805519360, 805519360, 805519360, 805519360, 805519360, 805519360, 805519360, 805519360, 805519360, 805519360, 805519360, 805519360, 805519360, 805519360, 805519360, 805519360, 805519360, 805519360, 805519360, 805519360, 805519360, 805519360, 805519360, 805519360, 805519360, 805519360, 805519360, 805519360, 838860800]}}, "execution_time": {"batch_generator_time_ms": 0, "optimizer_time_ms": 0, "layer_compute_total_ms": [29.742489624023438, 3276.13828125, 3276.13828125, 3276.13828125, 3276.13828125, 3276.13828125, 3276.13828125, 3276.13828125, 3276.13828125, 3276.13828125, 3276.13828125, 3276.13828125, 3276.13828125, 3276.13828125, 3276.13828125, 3276.13828125, 3276.13828125, 3276.13828125, 3276.13828125, 3276.13828125, 3276.13828125, 3276.13828125, 3276.13828125, 3276.13828125, 3276.13828125, 3276.13828125, 3276.13828125, 3276.13828125, 3276.13828125, 3276.13828125, 3276.13828125, 3276.13828125, 3276.13828125, 20000.0], "forward_backward_time_ms": 124866.16748962397}, "execution_memory": {"layer_memory_total_mb": [11756.0, 17421.0009765625, 17421.0009765625, 17421.0009765625, 17421.0009765625, 17421.0009765625, 17421.0009765625, 17421.0009765625, 17421.0009765625, 17421.0009765625, 17421.0009765625, 17421.0009765625, 17421.0009765625, 17421.0009765625, 17421.0009765625, 17421.0009765625, 17421.0009765625, 17421.0009765625, 17421.0009765625, 17421.0009765625, 17421.0009765625, 17421.0009765625, 17421.0009765625, 17421.0009765625, 17421.0009765625, 17421.0009765625, 17421.0009765625, 17421.0009765625, 17421.0009765625, 17421.0009765625, 17421.0009765625, 17421.0009765625, 17421.0009765625, 110000000.0], "total_memory": 110569228.03125}}