{"model": {"model_name": "GPT_6-7B", "num_layers": 34, "parameters": {"total_parameters_bytes": 27454341120, "parameters_per_layer_bytes": [838860800, 805519360, 805519360, 805519360, 805519360, 805519360, 805519360, 805519360, 805519360, 805519360, 805519360, 805519360, 805519360, 805519360, 805519360, 805519360, 805519360, 805519360, 805519360, 805519360, 805519360, 805519360, 805519360, 805519360, 805519360, 805519360, 805519360, 805519360, 805519360, 805519360, 805519360, 805519360, 805519360, 838860800]}}, "execution_time": {"batch_generator_time_ms": 0, "optimizer_time_ms": 0, "layer_compute_total_ms": [1041.973876953125, 21669.3853515625, 21669.3853515625, 21669.3853515625, 21669.3853515625, 21669.3853515625, 21669.3853515625, 21669.3853515625, 21669.3853515625, 21669.3853515625, 21669.3853515625, 21669.3853515625, 21669.3853515625, 21669.3853515625, 21669.3853515625, 21669.3853515625, 21669.3853515625, 21669.3853515625, 21669.3853515625, 21669.3853515625, 21669.3853515625, 21669.3853515625, 21669.3853515625, 21669.3853515625, 21669.3853515625, 21669.3853515625, 21669.3853515625, 21669.3853515625, 21669.3853515625, 21669.3853515625, 21669.3853515625, 21669.3853515625, 21669.3853515625, 1214.81748046875], "forward_backward_time_ms": 695677.1226074223}, "execution_memory": {"layer_memory_total_mb": [11364.0, 110001600.125, 110001600.125, 110001600.125, 110001600.125, 110001600.125, 110001600.125, 110001600.125, 110001600.125, 110001600.125, 110001600.125, 110001600.125, 110001600.125, 110001600.125, 110001600.125, 110001600.125, 110001600.125, 110001600.125, 110001600.125, 110001600.125, 110001600.125, 110001600.125, 110001600.125, 110001600.125, 110001600.125, 110001600.125, 110001600.125, 110001600.125, 110001600.125, 110001600.125, 110001600.125, 110001600.125, 110001600.125, 9428.0], "total_memory": 3520071996.0}}