{"model": {"model_name": "GPT_6-7B", "num_layers": 34, "parameters": {"total_parameters_bytes": 27454341120, "parameters_per_layer_bytes": [838860800, 805519360, 805519360, 805519360, 805519360, 805519360, 805519360, 805519360, 805519360, 805519360, 805519360, 805519360, 805519360, 805519360, 805519360, 805519360, 805519360, 805519360, 805519360, 805519360, 805519360, 805519360, 805519360, 805519360, 805519360, 805519360, 805519360, 805519360, 805519360, 805519360, 805519360, 805519360, 805519360, 838860800]}}, "execution_time": {"batch_generator_time_ms": 0, "optimizer_time_ms": 0, "layer_compute_total_ms": [2870.64462890625, 24699.062890625, 24699.062890625, 24699.062890625, 24699.062890625, 24699.062890625, 24699.062890625, 24699.062890625, 24699.062890625, 24699.062890625, 24699.062890625, 24699.062890625, 24699.062890625, 24699.062890625, 24699.062890625, 24699.062890625, 24699.062890625, 24699.062890625, 24699.062890625, 24699.062890625, 24699.062890625, 24699.062890625, 24699.062890625, 24699.062890625, 24699.062890625, 24699.062890625, 24699.062890625, 24699.062890625, 24699.062890625, 24699.062890625, 24699.062890625, 24699.062890625, 24699.062890625, 2930.7244140625], "forward_backward_time_ms": 796171.3815429682}, "execution_memory": {"layer_memory_total_mb": [10852.0, 110001600.125, 110001600.125, 110001600.125, 110001600.125, 110001600.125, 110001600.125, 110001600.125, 110001600.125, 110001600.125, 110001600.125, 110001600.125, 110001600.125, 110001600.125, 110001600.125, 110001600.125, 110001600.125, 110001600.125, 110001600.125, 110001600.125, 110001600.125, 110001600.125, 110001600.125, 110001600.125, 110001600.125, 110001600.125, 110001600.125, 110001600.125, 110001600.125, 110001600.125, 110001600.125, 110001600.125, 110001600.125, 9428.0], "total_memory": 3520071484.0}}