{"model": {"model_name": "GPT_6-7B", "num_layers": 34, "parameters": {"total_parameters_bytes": 27454341120, "parameters_per_layer_bytes": [838860800, 805519360, 805519360, 805519360, 805519360, 805519360, 805519360, 805519360, 805519360, 805519360, 805519360, 805519360, 805519360, 805519360, 805519360, 805519360, 805519360, 805519360, 805519360, 805519360, 805519360, 805519360, 805519360, 805519360, 805519360, 805519360, 805519360, 805519360, 805519360, 805519360, 805519360, 805519360, 805519360, 838860800]}}, "execution_time": {"batch_generator_time_ms": 0, "optimizer_time_ms": 0, "layer_compute_total_ms": [1429.677880859375, 4919.3595703125, 4919.3595703125, 4919.3595703125, 4919.3595703125, 4919.3595703125, 4919.3595703125, 4919.3595703125, 4919.3595703125, 4919.3595703125, 4919.3595703125, 4919.3595703125, 4919.3595703125, 4919.3595703125, 4919.3595703125, 4919.3595703125, 4919.3595703125, 4919.3595703125, 4919.3595703125, 4919.3595703125, 4919.3595703125, 4919.3595703125, 4919.3595703125, 4919.3595703125, 4919.3595703125, 4919.3595703125, 4919.3595703125, 4919.3595703125, 4919.3595703125, 4919.3595703125, 4919.3595703125, 4919.3595703125, 4919.3595703125, 1453.15283203125], "forward_backward_time_ms": 160302.3369628906}, "execution_memory": {"layer_memory_total_mb": [7164.0, 3376.0625, 3376.0625, 3376.0625, 3376.0625, 3376.0625, 3376.0625, 3376.0625, 3376.0625, 3376.0625, 3376.0625, 3376.0625, 3376.0625, 3376.0625, 3376.0625, 3376.0625, 3376.0625, 3376.0625, 3376.0625, 3376.0625, 3376.0625, 3376.0625, 3376.0625, 3376.0625, 3376.0625, 3376.0625, 3376.0625, 3376.0625, 3376.0625, 3376.0625, 3376.0625, 3376.0625, 3376.0625, 4914.0], "total_memory": 120112.0}}