{"model": {"model_name": "GPT_1-3B", "num_layers": 26, "parameters": {"total_parameters_bytes": 8601518080, "parameters_per_layer_bytes": [524288000, 314705920, 314705920, 314705920, 314705920, 314705920, 314705920, 314705920, 314705920, 314705920, 314705920, 314705920, 314705920, 314705920, 314705920, 314705920, 314705920, 314705920, 314705920, 314705920, 314705920, 314705920, 314705920, 314705920, 314705920, 524288000]}}, "execution_time": {"batch_generator_time_ms": 0, "optimizer_time_ms": 0, "layer_compute_total_ms": [139.9609375, 419.16558837890625, 419.16558837890625, 419.16558837890625, 419.16558837890625, 419.16558837890625, 419.16558837890625, 419.16558837890625, 419.16558837890625, 419.16558837890625, 419.16558837890625, 419.16558837890625, 419.16558837890625, 419.16558837890625, 419.16558837890625, 419.16558837890625, 419.16558837890625, 419.16558837890625, 419.16558837890625, 419.16558837890625, 419.16558837890625, 419.16558837890625, 419.16558837890625, 419.16558837890625, 419.16558837890625, 173.45638427734374], "forward_backward_time_ms": 10373.391442871094}, "execution_memory": {"layer_memory_total_mb": [2036.0, 840.03125, 840.03125, 840.03125, 840.03125, 840.03125, 840.03125, 840.03125, 840.03125, 840.03125, 840.03125, 840.03125, 840.03125, 840.03125, 840.03125, 840.03125, 840.03125, 840.03125, 840.03125, 840.03125, 840.03125, 840.03125, 840.03125, 840.03125, 840.03125, 2200.0], "total_memory": 24396.75}}