{"model": {"model_name": "GPT_1-3B", "num_layers": 26, "parameters": {"total_parameters_bytes": 8601518080, "parameters_per_layer_bytes": [524288000, 314705920, 314705920, 314705920, 314705920, 314705920, 314705920, 314705920, 314705920, 314705920, 314705920, 314705920, 314705920, 314705920, 314705920, 314705920, 314705920, 314705920, 314705920, 314705920, 314705920, 314705920, 314705920, 314705920, 314705920, 524288000]}}, "execution_time": {"batch_generator_time_ms": 0, "optimizer_time_ms": 0, "layer_compute_total_ms": [252.9806396484375, 790.8761474609375, 790.8761474609375, 790.8761474609375, 790.8761474609375, 790.8761474609375, 790.8761474609375, 790.8761474609375, 790.8761474609375, 790.8761474609375, 790.8761474609375, 790.8761474609375, 790.8761474609375, 790.8761474609375, 790.8761474609375, 790.8761474609375, 790.8761474609375, 790.8761474609375, 790.8761474609375, 790.8761474609375, 790.8761474609375, 790.8761474609375, 790.8761474609375, 790.8761474609375, 790.8761474609375, 270.1279296875], "forward_backward_time_ms": 19504.136108398445}, "execution_memory": {"layer_memory_total_mb": [2944.0, 1617.0634765625, 1617.0634765625, 1617.0634765625, 1617.0634765625, 1617.0634765625, 1617.0634765625, 1617.0634765625, 1617.0634765625, 1617.0634765625, 1617.0634765625, 1617.0634765625, 1617.0634765625, 1617.0634765625, 1617.0634765625, 1617.0634765625, 1617.0634765625, 1617.0634765625, 1617.0634765625, 1617.0634765625, 1617.0634765625, 1617.0634765625, 1617.0634765625, 1617.0634765625, 1617.0634765625, 4458.0], "total_memory": 46211.5234375}}