{"model": {"model_name": "GPT_1-3B", "num_layers": 26, "parameters": {"total_parameters_bytes": 8601518080, "parameters_per_layer_bytes": [524288000, 314705920, 314705920, 314705920, 314705920, 314705920, 314705920, 314705920, 314705920, 314705920, 314705920, 314705920, 314705920, 314705920, 314705920, 314705920, 314705920, 314705920, 314705920, 314705920, 314705920, 314705920, 314705920, 314705920, 314705920, 524288000]}}, "execution_time": {"batch_generator_time_ms": 0, "optimizer_time_ms": 0, "layer_compute_total_ms": [5.360243415832519, 143.34935302734374, 143.34935302734374, 143.34935302734374, 143.34935302734374, 143.34935302734374, 143.34935302734374, 143.34935302734374, 143.34935302734374, 143.34935302734374, 143.34935302734374, 143.34935302734374, 143.34935302734374, 143.34935302734374, 143.34935302734374, 143.34935302734374, 143.34935302734374, 143.34935302734374, 143.34935302734374, 143.34935302734374, 143.34935302734374, 143.34935302734374, 143.34935302734374, 143.34935302734374, 143.34935302734374, 211.3597412109375], "forward_backward_time_ms": 3657.1044572830187}, "execution_memory": {"layer_memory_total_mb": [3740.0, 4544.25, 4544.25, 4544.25, 4544.25, 4544.25, 4544.25, 4544.25, 4544.25, 4544.25, 4544.25, 4544.25, 4544.25, 4544.25, 4544.25, 4544.25, 4544.25, 4544.25, 4544.25, 4544.25, 4544.25, 4544.25, 4544.25, 4544.25, 4544.25, 17600.0], "total_memory": 130402.0}}