{"model": {"model_name": "GPT_1-3B", "num_layers": 26, "parameters": {"total_parameters_bytes": 8601518080, "parameters_per_layer_bytes": [524288000, 314705920, 314705920, 314705920, 314705920, 314705920, 314705920, 314705920, 314705920, 314705920, 314705920, 314705920, 314705920, 314705920, 314705920, 314705920, 314705920, 314705920, 314705920, 314705920, 314705920, 314705920, 314705920, 314705920, 314705920, 524288000]}}, "execution_time": {"batch_generator_time_ms": 0, "optimizer_time_ms": 0, "layer_compute_total_ms": [236.03988037109374, 858.61630859375, 858.61630859375, 858.61630859375, 858.61630859375, 858.61630859375, 858.61630859375, 858.61630859375, 858.61630859375, 858.61630859375, 858.61630859375, 858.61630859375, 858.61630859375, 858.61630859375, 858.61630859375, 858.61630859375, 858.61630859375, 858.61630859375, 858.61630859375, 858.61630859375, 858.61630859375, 858.61630859375, 858.61630859375, 858.61630859375, 858.61630859375, 446.87197265625], "forward_backward_time_ms": 21289.703259277347}, "execution_memory": {"layer_memory_total_mb": [2684.0, 1526.2509765625, 1526.2509765625, 1526.2509765625, 1526.2509765625, 1526.2509765625, 1526.2509765625, 1526.2509765625, 1526.2509765625, 1526.2509765625, 1526.2509765625, 1526.2509765625, 1526.2509765625, 1526.2509765625, 1526.2509765625, 1526.2509765625, 1526.2509765625, 1526.2509765625, 1526.2509765625, 1526.2509765625, 1526.2509765625, 1526.2509765625, 1526.2509765625, 1526.2509765625, 1526.2509765625, 8800.0], "total_memory": 48114.0234375}}