{"model": {"model_name": "GPT_1-3B", "num_layers": 26, "parameters": {"total_parameters_bytes": 8601518080, "parameters_per_layer_bytes": [524288000, 314705920, 314705920, 314705920, 314705920, 314705920, 314705920, 314705920, 314705920, 314705920, 314705920, 314705920, 314705920, 314705920, 314705920, 314705920, 314705920, 314705920, 314705920, 314705920, 314705920, 314705920, 314705920, 314705920, 314705920, 524288000]}}, "execution_time": {"batch_generator_time_ms": 0, "optimizer_time_ms": 0, "layer_compute_total_ms": [474.6523681640625, 1764.64716796875, 1764.64716796875, 1764.64716796875, 1764.64716796875, 1764.64716796875, 1764.64716796875, 1764.64716796875, 1764.64716796875, 1764.64716796875, 1764.64716796875, 1764.64716796875, 1764.64716796875, 1764.64716796875, 1764.64716796875, 1764.64716796875, 1764.64716796875, 1764.64716796875, 1764.64716796875, 1764.64716796875, 1764.64716796875, 1764.64716796875, 1764.64716796875, 1764.64716796875, 1764.64716796875, 20000.0], "forward_backward_time_ms": 62826.18439941407}, "execution_memory": {"layer_memory_total_mb": [3928.0, 3450.5009765625, 3450.5009765625, 3450.5009765625, 3450.5009765625, 3450.5009765625, 3450.5009765625, 3450.5009765625, 3450.5009765625, 3450.5009765625, 3450.5009765625, 3450.5009765625, 3450.5009765625, 3450.5009765625, 3450.5009765625, 3450.5009765625, 3450.5009765625, 3450.5009765625, 3450.5009765625, 3450.5009765625, 3450.5009765625, 3450.5009765625, 3450.5009765625, 3450.5009765625, 3450.5009765625, 110000000.0], "total_memory": 110086740.0234375}}