{"model": {"model_name": "GPT_1-3B", "num_layers": 26, "parameters": {"total_parameters_bytes": 8601518080, "parameters_per_layer_bytes": [524288000, 314705920, 314705920, 314705920, 314705920, 314705920, 314705920, 314705920, 314705920, 314705920, 314705920, 314705920, 314705920, 314705920, 314705920, 314705920, 314705920, 314705920, 314705920, 314705920, 314705920, 314705920, 314705920, 314705920, 314705920, 524288000]}}, "execution_time": {"batch_generator_time_ms": 0, "optimizer_time_ms": 0, "layer_compute_total_ms": [82.17046813964843, 239.05771484375, 239.05771484375, 239.05771484375, 239.05771484375, 239.05771484375, 239.05771484375, 239.05771484375, 239.05771484375, 239.05771484375, 239.05771484375, 239.05771484375, 239.05771484375, 239.05771484375, 239.05771484375, 239.05771484375, 239.05771484375, 239.05771484375, 239.05771484375, 239.05771484375, 239.05771484375, 239.05771484375, 239.05771484375, 239.05771484375, 239.05771484375, 104.216162109375], "forward_backward_time_ms": 5923.771786499022}, "execution_memory": {"layer_memory_total_mb": [2220.0, 761.1259765625, 761.1259765625, 761.1259765625, 761.1259765625, 761.1259765625, 761.1259765625, 761.1259765625, 761.1259765625, 761.1259765625, 761.1259765625, 761.1259765625, 761.1259765625, 761.1259765625, 761.1259765625, 761.1259765625, 761.1259765625, 761.1259765625, 761.1259765625, 761.1259765625, 761.1259765625, 761.1259765625, 761.1259765625, 761.1259765625, 761.1259765625, 4400.0], "total_memory": 24887.0234375}}