{"model": {"model_name": "GPT_1-3B", "num_layers": 26, "parameters": {"total_parameters_bytes": 8601518080, "parameters_per_layer_bytes": [524288000, 314705920, 314705920, 314705920, 314705920, 314705920, 314705920, 314705920, 314705920, 314705920, 314705920, 314705920, 314705920, 314705920, 314705920, 314705920, 314705920, 314705920, 314705920, 314705920, 314705920, 314705920, 314705920, 314705920, 314705920, 524288000]}}, "execution_time": {"batch_generator_time_ms": 0, "optimizer_time_ms": 0, "layer_compute_total_ms": [313.86798095703125, 1069.321728515625, 1069.321728515625, 1069.321728515625, 1069.321728515625, 1069.321728515625, 1069.321728515625, 1069.321728515625, 1069.321728515625, 1069.321728515625, 1069.321728515625, 1069.321728515625, 1069.321728515625, 1069.321728515625, 1069.321728515625, 1069.321728515625, 1069.321728515625, 1069.321728515625, 1069.321728515625, 1069.321728515625, 1069.321728515625, 1069.321728515625, 1069.321728515625, 1069.321728515625, 1069.321728515625, 362.819384765625], "forward_backward_time_ms": 26340.408850097647}, "execution_memory": {"layer_memory_total_mb": [2092.0, 1115.1259765625, 1115.1259765625, 1115.1259765625, 1115.1259765625, 1115.1259765625, 1115.1259765625, 1115.1259765625, 1115.1259765625, 1115.1259765625, 1115.1259765625, 1115.1259765625, 1115.1259765625, 1115.1259765625, 1115.1259765625, 1115.1259765625, 1115.1259765625, 1115.1259765625, 1115.1259765625, 1115.1259765625, 1115.1259765625, 1115.1259765625, 1115.1259765625, 1115.1259765625, 1115.1259765625, 4400.0], "total_memory": 33255.0234375}}