{"model": {"model_name": "GPT_1-3B", "num_layers": 26, "parameters": {"total_parameters_bytes": 8601518080, "parameters_per_layer_bytes": [524288000, 314705920, 314705920, 314705920, 314705920, 314705920, 314705920, 314705920, 314705920, 314705920, 314705920, 314705920, 314705920, 314705920, 314705920, 314705920, 314705920, 314705920, 314705920, 314705920, 314705920, 314705920, 314705920, 314705920, 314705920, 524288000]}}, "execution_time": {"batch_generator_time_ms": 0, "optimizer_time_ms": 0, "layer_compute_total_ms": [103.70580444335937, 414.7652587890625, 414.7652587890625, 414.7652587890625, 414.7652587890625, 414.7652587890625, 414.7652587890625, 414.7652587890625, 414.7652587890625, 414.7652587890625, 414.7652587890625, 414.7652587890625, 414.7652587890625, 414.7652587890625, 414.7652587890625, 414.7652587890625, 414.7652587890625, 414.7652587890625, 414.7652587890625, 414.7652587890625, 414.7652587890625, 414.7652587890625, 414.7652587890625, 414.7652587890625, 414.7652587890625, 352.7182373046875], "forward_backward_time_ms": 10410.790252685547}, "execution_memory": {"layer_memory_total_mb": [2876.0, 2464.125, 2464.125, 2464.125, 2464.125, 2464.125, 2464.125, 2464.125, 2464.125, 2464.125, 2464.125, 2464.125, 2464.125, 2464.125, 2464.125, 2464.125, 2464.125, 2464.125, 2464.125, 2464.125, 2464.125, 2464.125, 2464.125, 2464.125, 2464.125, 8800.0], "total_memory": 70815.0}}