{"model": {"model_name": "GPT_1-3B", "num_layers": 26, "parameters": {"total_parameters_bytes": 8601518080, "parameters_per_layer_bytes": [524288000, 314705920, 314705920, 314705920, 314705920, 314705920, 314705920, 314705920, 314705920, 314705920, 314705920, 314705920, 314705920, 314705920, 314705920, 314705920, 314705920, 314705920, 314705920, 314705920, 314705920, 314705920, 314705920, 314705920, 314705920, 524288000]}}, "execution_time": {"batch_generator_time_ms": 0, "optimizer_time_ms": 0, "layer_compute_total_ms": [717.5002197265625, 2347.34384765625, 2347.34384765625, 2347.34384765625, 2347.34384765625, 2347.34384765625, 2347.34384765625, 2347.34384765625, 2347.34384765625, 2347.34384765625, 2347.34384765625, 2347.34384765625, 2347.34384765625, 2347.34384765625, 2347.34384765625, 2347.34384765625, 2347.34384765625, 2347.34384765625, 2347.34384765625, 2347.34384765625, 2347.34384765625, 2347.34384765625, 2347.34384765625, 2347.34384765625, 2347.34384765625, 744.92998046875], "forward_backward_time_ms": 57798.68254394533}, "execution_memory": {"layer_memory_total_mb": [2816.0, 1559.1259765625, 1559.1259765625, 1559.1259765625, 1559.1259765625, 1559.1259765625, 1559.1259765625, 1559.1259765625, 1559.1259765625, 1559.1259765625, 1559.1259765625, 1559.1259765625, 1559.1259765625, 1559.1259765625, 1559.1259765625, 1559.1259765625, 1559.1259765625, 1559.1259765625, 1559.1259765625, 1559.1259765625, 1559.1259765625, 1559.1259765625, 1559.1259765625, 1559.1259765625, 1559.1259765625, 4458.0], "total_memory": 44693.0234375}}