{"model": {"model_name": "GPT_1-3B", "num_layers": 26, "parameters": {"total_parameters_bytes": 8601518080, "parameters_per_layer_bytes": [524288000, 314705920, 314705920, 314705920, 314705920, 314705920, 314705920, 314705920, 314705920, 314705920, 314705920, 314705920, 314705920, 314705920, 314705920, 314705920, 314705920, 314705920, 314705920, 314705920, 314705920, 314705920, 314705920, 314705920, 314705920, 524288000]}}, "execution_time": {"batch_generator_time_ms": 0, "optimizer_time_ms": 0, "layer_compute_total_ms": [166.06722412109374, 483.12236328125, 483.12236328125, 483.12236328125, 483.12236328125, 483.12236328125, 483.12236328125, 483.12236328125, 483.12236328125, 483.12236328125, 483.12236328125, 483.12236328125, 483.12236328125, 483.12236328125, 483.12236328125, 483.12236328125, 483.12236328125, 483.12236328125, 483.12236328125, 483.12236328125, 483.12236328125, 483.12236328125, 483.12236328125, 483.12236328125, 483.12236328125, 208.04997558593746], "forward_backward_time_ms": 11969.053918457035}, "execution_memory": {"layer_memory_total_mb": [3144.0, 1966.2509765625, 1966.2509765625, 1966.2509765625, 1966.2509765625, 1966.2509765625, 1966.2509765625, 1966.2509765625, 1966.2509765625, 1966.2509765625, 1966.2509765625, 1966.2509765625, 1966.2509765625, 1966.2509765625, 1966.2509765625, 1966.2509765625, 1966.2509765625, 1966.2509765625, 1966.2509765625, 1966.2509765625, 1966.2509765625, 1966.2509765625, 1966.2509765625, 1966.2509765625, 1966.2509765625, 8722.0], "total_memory": 59056.0234375}}