{"model": {"model_name": "GPT_1-3B", "num_layers": 26, "parameters": {"total_parameters_bytes": 8601518080, "parameters_per_layer_bytes": [524288000, 314705920, 314705920, 314705920, 314705920, 314705920, 314705920, 314705920, 314705920, 314705920, 314705920, 314705920, 314705920, 314705920, 314705920, 314705920, 314705920, 314705920, 314705920, 314705920, 314705920, 314705920, 314705920, 314705920, 314705920, 524288000]}}, "execution_time": {"batch_generator_time_ms": 0, "optimizer_time_ms": 0, "layer_compute_total_ms": [357.8544189453125, 1173.64150390625, 1173.64150390625, 1173.64150390625, 1173.64150390625, 1173.64150390625, 1173.64150390625, 1173.64150390625, 1173.64150390625, 1173.64150390625, 1173.64150390625, 1173.64150390625, 1173.64150390625, 1173.64150390625, 1173.64150390625, 1173.64150390625, 1173.64150390625, 1173.64150390625, 1173.64150390625, 1173.64150390625, 1173.64150390625, 1173.64150390625, 1173.64150390625, 1173.64150390625, 1173.64150390625, 372.787109375], "forward_backward_time_ms": 28898.0376220703}, "execution_memory": {"layer_memory_total_mb": [1892.0, 578.5322265625, 578.5322265625, 578.5322265625, 578.5322265625, 578.5322265625, 578.5322265625, 578.5322265625, 578.5322265625, 578.5322265625, 578.5322265625, 578.5322265625, 578.5322265625, 578.5322265625, 578.5322265625, 578.5322265625, 578.5322265625, 578.5322265625, 578.5322265625, 578.5322265625, 578.5322265625, 578.5322265625, 578.5322265625, 578.5322265625, 578.5322265625, 2200.0], "total_memory": 17976.7734375}}