{"model": {"model_name": "GPT_1-3B", "num_layers": 26, "parameters": {"total_parameters_bytes": 8601518080, "parameters_per_layer_bytes": [524288000, 314705920, 314705920, 314705920, 314705920, 314705920, 314705920, 314705920, 314705920, 314705920, 314705920, 314705920, 314705920, 314705920, 314705920, 314705920, 314705920, 314705920, 314705920, 314705920, 314705920, 314705920, 314705920, 314705920, 314705920, 524288000]}}, "execution_time": {"batch_generator_time_ms": 0, "optimizer_time_ms": 0, "layer_compute_total_ms": [168.61550903320312, 559.3409423828125, 559.3409423828125, 559.3409423828125, 559.3409423828125, 559.3409423828125, 559.3409423828125, 559.3409423828125, 559.3409423828125, 559.3409423828125, 559.3409423828125, 559.3409423828125, 559.3409423828125, 559.3409423828125, 559.3409423828125, 559.3409423828125, 559.3409423828125, 559.3409423828125, 559.3409423828125, 559.3409423828125, 559.3409423828125, 559.3409423828125, 559.3409423828125, 559.3409423828125, 559.3409423828125, 305.7504150390625], "forward_backward_time_ms": 13898.548541259766}, "execution_memory": {"layer_memory_total_mb": [3928.0, 4100.5009765625, 4100.5009765625, 4100.5009765625, 4100.5009765625, 4100.5009765625, 4100.5009765625, 4100.5009765625, 4100.5009765625, 4100.5009765625, 4100.5009765625, 4100.5009765625, 4100.5009765625, 4100.5009765625, 4100.5009765625, 4100.5009765625, 4100.5009765625, 4100.5009765625, 4100.5009765625, 4100.5009765625, 4100.5009765625, 4100.5009765625, 4100.5009765625, 4100.5009765625, 4100.5009765625, 16802.0], "total_memory": 119142.0234375}}