{"model": {"model_name": "GPT_1-3B", "num_layers": 26, "parameters": {"total_parameters_bytes": 8601518080, "parameters_per_layer_bytes": [524288000, 314705920, 314705920, 314705920, 314705920, 314705920, 314705920, 314705920, 314705920, 314705920, 314705920, 314705920, 314705920, 314705920, 314705920, 314705920, 314705920, 314705920, 314705920, 314705920, 314705920, 314705920, 314705920, 314705920, 314705920, 524288000]}}, "execution_time": {"batch_generator_time_ms": 0, "optimizer_time_ms": 0, "layer_compute_total_ms": [208.0657470703125, 826.635693359375, 826.635693359375, 826.635693359375, 826.635693359375, 826.635693359375, 826.635693359375, 826.635693359375, 826.635693359375, 826.635693359375, 826.635693359375, 826.635693359375, 826.635693359375, 826.635693359375, 826.635693359375, 826.635693359375, 826.635693359375, 826.635693359375, 826.635693359375, 826.635693359375, 826.635693359375, 826.635693359375, 826.635693359375, 826.635693359375, 826.635693359375, 20000.0], "forward_backward_time_ms": 40047.322387695305}, "execution_memory": {"layer_memory_total_mb": [3928.0, 4800.25, 4800.25, 4800.25, 4800.25, 4800.25, 4800.25, 4800.25, 4800.25, 4800.25, 4800.25, 4800.25, 4800.25, 4800.25, 4800.25, 4800.25, 4800.25, 4800.25, 4800.25, 4800.25, 4800.25, 4800.25, 4800.25, 4800.25, 4800.25, 110000000.0], "total_memory": 110119134.0}}