{"model": {"model_name": "GPT_1-3B", "num_layers": 26, "parameters": {"total_parameters_bytes": 8601518080, "parameters_per_layer_bytes": [524288000, 314705920, 314705920, 314705920, 314705920, 314705920, 314705920, 314705920, 314705920, 314705920, 314705920, 314705920, 314705920, 314705920, 314705920, 314705920, 314705920, 314705920, 314705920, 314705920, 314705920, 314705920, 314705920, 314705920, 314705920, 524288000]}}, "execution_time": {"batch_generator_time_ms": 0, "optimizer_time_ms": 0, "layer_compute_total_ms": [646.2020751953125, 2167.3525390625, 2167.3525390625, 2167.3525390625, 2167.3525390625, 2167.3525390625, 2167.3525390625, 2167.3525390625, 2167.3525390625, 2167.3525390625, 2167.3525390625, 2167.3525390625, 2167.3525390625, 2167.3525390625, 2167.3525390625, 2167.3525390625, 2167.3525390625, 2167.3525390625, 2167.3525390625, 2167.3525390625, 2167.3525390625, 2167.3525390625, 2167.3525390625, 2167.3525390625, 2167.3525390625, 734.5560546875], "forward_backward_time_ms": 53397.21906738281}, "execution_memory": {"layer_memory_total_mb": [3144.0, 2072.1259765625, 2072.1259765625, 2072.1259765625, 2072.1259765625, 2072.1259765625, 2072.1259765625, 2072.1259765625, 2072.1259765625, 2072.1259765625, 2072.1259765625, 2072.1259765625, 2072.1259765625, 2072.1259765625, 2072.1259765625, 2072.1259765625, 2072.1259765625, 2072.1259765625, 2072.1259765625, 2072.1259765625, 2072.1259765625, 2072.1259765625, 2072.1259765625, 2072.1259765625, 2072.1259765625, 8658.0], "total_memory": 61533.0234375}}