{"model": {"model_name": "GPT_1-3B", "num_layers": 26, "parameters": {"total_parameters_bytes": 8601518080, "parameters_per_layer_bytes": [524288000, 314705920, 314705920, 314705920, 314705920, 314705920, 314705920, 314705920, 314705920, 314705920, 314705920, 314705920, 314705920, 314705920, 314705920, 314705920, 314705920, 314705920, 314705920, 314705920, 314705920, 314705920, 314705920, 314705920, 314705920, 524288000]}}, "execution_time": {"batch_generator_time_ms": 0, "optimizer_time_ms": 0, "layer_compute_total_ms": [18.113741302490233, 875.528076171875, 875.528076171875, 875.528076171875, 875.528076171875, 875.528076171875, 875.528076171875, 875.528076171875, 875.528076171875, 875.528076171875, 875.528076171875, 875.528076171875, 875.528076171875, 875.528076171875, 875.528076171875, 875.528076171875, 875.528076171875, 875.528076171875, 875.528076171875, 875.528076171875, 875.528076171875, 875.528076171875, 875.528076171875, 875.528076171875, 875.528076171875, 20000.0], "forward_backward_time_ms": 41030.78756942749}, "execution_memory": {"layer_memory_total_mb": [4726.0, 8574.5009765625, 8574.5009765625, 8574.5009765625, 8574.5009765625, 8574.5009765625, 8574.5009765625, 8574.5009765625, 8574.5009765625, 8574.5009765625, 8574.5009765625, 8574.5009765625, 8574.5009765625, 8574.5009765625, 8574.5009765625, 8574.5009765625, 8574.5009765625, 8574.5009765625, 8574.5009765625, 8574.5009765625, 8574.5009765625, 8574.5009765625, 8574.5009765625, 8574.5009765625, 8574.5009765625, 110000000.0], "total_memory": 110210514.0234375}}