{"model": {"model_name": "GPT_1-3B", "num_layers": 26, "parameters": {"total_parameters_bytes": 8601518080, "parameters_per_layer_bytes": [524288000, 314705920, 314705920, 314705920, 314705920, 314705920, 314705920, 314705920, 314705920, 314705920, 314705920, 314705920, 314705920, 314705920, 314705920, 314705920, 314705920, 314705920, 314705920, 314705920, 314705920, 314705920, 314705920, 314705920, 314705920, 524288000]}}, "execution_time": {"batch_generator_time_ms": 0, "optimizer_time_ms": 0, "layer_compute_total_ms": [195.9446594238281, 608.4487060546875, 608.4487060546875, 608.4487060546875, 608.4487060546875, 608.4487060546875, 608.4487060546875, 608.4487060546875, 608.4487060546875, 608.4487060546875, 608.4487060546875, 608.4487060546875, 608.4487060546875, 608.4487060546875, 608.4487060546875, 608.4487060546875, 608.4487060546875, 608.4487060546875, 608.4487060546875, 608.4487060546875, 608.4487060546875, 608.4487060546875, 608.4487060546875, 608.4487060546875, 608.4487060546875, 374.5038330078125], "forward_backward_time_ms": 15173.217437744135}, "execution_memory": {"layer_memory_total_mb": [3144.0, 2208.125, 2208.125, 2208.125, 2208.125, 2208.125, 2208.125, 2208.125, 2208.125, 2208.125, 2208.125, 2208.125, 2208.125, 2208.125, 2208.125, 2208.125, 2208.125, 2208.125, 2208.125, 2208.125, 2208.125, 2208.125, 2208.125, 2208.125, 2208.125, 8658.0], "total_memory": 64797.0}}