{"model": {"model_name": "GPT_1-3B", "num_layers": 26, "parameters": {"total_parameters_bytes": 8601518080, "parameters_per_layer_bytes": [524288000, 314705920, 314705920, 314705920, 314705920, 314705920, 314705920, 314705920, 314705920, 314705920, 314705920, 314705920, 314705920, 314705920, 314705920, 314705920, 314705920, 314705920, 314705920, 314705920, 314705920, 314705920, 314705920, 314705920, 314705920, 524288000]}}, "execution_time": {"batch_generator_time_ms": 0, "optimizer_time_ms": 0, "layer_compute_total_ms": [127.16482543945312, 393.82220458984375, 393.82220458984375, 393.82220458984375, 393.82220458984375, 393.82220458984375, 393.82220458984375, 393.82220458984375, 393.82220458984375, 393.82220458984375, 393.82220458984375, 393.82220458984375, 393.82220458984375, 393.82220458984375, 393.82220458984375, 393.82220458984375, 393.82220458984375, 393.82220458984375, 393.82220458984375, 393.82220458984375, 393.82220458984375, 393.82220458984375, 393.82220458984375, 393.82220458984375, 393.82220458984375, 135.998876953125], "forward_backward_time_ms": 9714.896612548828}, "execution_memory": {"layer_memory_total_mb": [2036.0, 714.5322265625, 714.5322265625, 714.5322265625, 714.5322265625, 714.5322265625, 714.5322265625, 714.5322265625, 714.5322265625, 714.5322265625, 714.5322265625, 714.5322265625, 714.5322265625, 714.5322265625, 714.5322265625, 714.5322265625, 714.5322265625, 714.5322265625, 714.5322265625, 714.5322265625, 714.5322265625, 714.5322265625, 714.5322265625, 714.5322265625, 714.5322265625, 2200.0], "total_memory": 21384.7734375}}