{"model": {"model_name": "GPT_1-3B", "num_layers": 26, "parameters": {"total_parameters_bytes": 8601518080, "parameters_per_layer_bytes": [524288000, 314705920, 314705920, 314705920, 314705920, 314705920, 314705920, 314705920, 314705920, 314705920, 314705920, 314705920, 314705920, 314705920, 314705920, 314705920, 314705920, 314705920, 314705920, 314705920, 314705920, 314705920, 314705920, 314705920, 314705920, 524288000]}}, "execution_time": {"batch_generator_time_ms": 0, "optimizer_time_ms": 0, "layer_compute_total_ms": [10.422886276245118, 279.8587951660156, 279.8587951660156, 279.8587951660156, 279.8587951660156, 279.8587951660156, 279.8587951660156, 279.8587951660156, 279.8587951660156, 279.8587951660156, 279.8587951660156, 279.8587951660156, 279.8587951660156, 279.8587951660156, 279.8587951660156, 279.8587951660156, 279.8587951660156, 279.8587951660156, 279.8587951660156, 279.8587951660156, 279.8587951660156, 279.8587951660156, 279.8587951660156, 279.8587951660156, 279.8587951660156, 20000.0], "forward_backward_time_ms": 26727.03397026062}, "execution_memory": {"layer_memory_total_mb": [4726.0, 8832.5, 8832.5, 8832.5, 8832.5, 8832.5, 8832.5, 8832.5, 8832.5, 8832.5, 8832.5, 8832.5, 8832.5, 8832.5, 8832.5, 8832.5, 8832.5, 8832.5, 8832.5, 8832.5, 8832.5, 8832.5, 8832.5, 8832.5, 8832.5, 110000000.0], "total_memory": 110216706.0}}