{"model": {"model_name": "GPT_1-3B", "num_layers": 26, "parameters": {"total_parameters_bytes": 8601518080, "parameters_per_layer_bytes": [524288000, 314705920, 314705920, 314705920, 314705920, 314705920, 314705920, 314705920, 314705920, 314705920, 314705920, 314705920, 314705920, 314705920, 314705920, 314705920, 314705920, 314705920, 314705920, 314705920, 314705920, 314705920, 314705920, 314705920, 314705920, 524288000]}}, "execution_time": {"batch_generator_time_ms": 0, "optimizer_time_ms": 0, "layer_compute_total_ms": [97.78895568847656, 301.3357299804687, 301.3357299804687, 301.3357299804687, 301.3357299804687, 301.3357299804687, 301.3357299804687, 301.3357299804687, 301.3357299804687, 301.3357299804687, 301.3357299804687, 301.3357299804687, 301.3357299804687, 301.3357299804687, 301.3357299804687, 301.3357299804687, 301.3357299804687, 301.3357299804687, 301.3357299804687, 301.3357299804687, 301.3357299804687, 301.3357299804687, 301.3357299804687, 301.3357299804687, 301.3357299804687, 185.60655517578124], "forward_backward_time_ms": 7515.453030395504}, "execution_memory": {"layer_memory_total_mb": [2220.0, 1057.1259765625, 1057.1259765625, 1057.1259765625, 1057.1259765625, 1057.1259765625, 1057.1259765625, 1057.1259765625, 1057.1259765625, 1057.1259765625, 1057.1259765625, 1057.1259765625, 1057.1259765625, 1057.1259765625, 1057.1259765625, 1057.1259765625, 1057.1259765625, 1057.1259765625, 1057.1259765625, 1057.1259765625, 1057.1259765625, 1057.1259765625, 1057.1259765625, 1057.1259765625, 1057.1259765625, 4400.0], "total_memory": 31991.0234375}}