{"model": {"model_name": "GPT_1-3B", "num_layers": 26, "parameters": {"total_parameters_bytes": 8601518080, "parameters_per_layer_bytes": [524288000, 314705920, 314705920, 314705920, 314705920, 314705920, 314705920, 314705920, 314705920, 314705920, 314705920, 314705920, 314705920, 314705920, 314705920, 314705920, 314705920, 314705920, 314705920, 314705920, 314705920, 314705920, 314705920, 314705920, 314705920, 524288000]}}, "execution_time": {"batch_generator_time_ms": 0, "optimizer_time_ms": 0, "layer_compute_total_ms": [82.89550170898437, 268.244580078125, 268.244580078125, 268.244580078125, 268.244580078125, 268.244580078125, 268.244580078125, 268.244580078125, 268.244580078125, 268.244580078125, 268.244580078125, 268.244580078125, 268.244580078125, 268.244580078125, 268.244580078125, 268.244580078125, 268.244580078125, 268.244580078125, 268.244580078125, 268.244580078125, 268.244580078125, 268.244580078125, 268.244580078125, 268.244580078125, 268.244580078125, 159.32293701171875], "forward_backward_time_ms": 6680.088360595706}, "execution_memory": {"layer_memory_total_mb": [2876.0, 1730.2509765625, 1730.2509765625, 1730.2509765625, 1730.2509765625, 1730.2509765625, 1730.2509765625, 1730.2509765625, 1730.2509765625, 1730.2509765625, 1730.2509765625, 1730.2509765625, 1730.2509765625, 1730.2509765625, 1730.2509765625, 1730.2509765625, 1730.2509765625, 1730.2509765625, 1730.2509765625, 1730.2509765625, 1730.2509765625, 1730.2509765625, 1730.2509765625, 1730.2509765625, 1730.2509765625, 8800.0], "total_memory": 53202.0234375}}