{"model": {"model_name": "GPT_350M", "num_layers": 26, "parameters": {"total_parameters_bytes": 407166976, "parameters_per_layer_bytes": [52428800, 12596224, 12596224, 12596224, 12596224, 12596224, 12596224, 12596224, 12596224, 12596224, 12596224, 12596224, 12596224, 12596224, 12596224, 12596224, 12596224, 12596224, 12596224, 12596224, 12596224, 12596224, 12596224, 12596224, 12596224, 52428800]}}, "execution_time": {"batch_generator_time_ms": 0, "optimizer_time_ms": 0, "layer_compute_total_ms": [10.072678375244141, 27.518182373046876, 27.518182373046876, 27.518182373046876, 27.518182373046876, 27.518182373046876, 27.518182373046876, 27.518182373046876, 27.518182373046876, 27.518182373046876, 27.518182373046876, 27.518182373046876, 27.518182373046876, 27.518182373046876, 27.518182373046876, 27.518182373046876, 27.518182373046876, 27.518182373046876, 27.518182373046876, 27.518182373046876, 27.518182373046876, 27.518182373046876, 27.518182373046876, 27.518182373046876, 27.518182373046876, 28.293734741210937], "forward_backward_time_ms": 698.8027900695804}, "execution_memory": {"layer_memory_total_mb": [682.0, 445.1796875, 445.1796875, 445.1796875, 445.1796875, 445.1796875, 445.1796875, 445.1796875, 445.1796875, 445.1796875, 445.1796875, 445.1796875, 445.1796875, 445.1796875, 445.1796875, 445.1796875, 445.1796875, 445.1796875, 445.1796875, 445.1796875, 445.1796875, 445.1796875, 445.1796875, 445.1796875, 445.1796875, 2400.0], "total_memory": 13766.3125}}