{"model": {"model_name": "GPT_350M", "num_layers": 26, "parameters": {"total_parameters_bytes": 407166976, "parameters_per_layer_bytes": [52428800, 12596224, 12596224, 12596224, 12596224, 12596224, 12596224, 12596224, 12596224, 12596224, 12596224, 12596224, 12596224, 12596224, 12596224, 12596224, 12596224, 12596224, 12596224, 12596224, 12596224, 12596224, 12596224, 12596224, 12596224, 52428800]}}, "execution_time": {"batch_generator_time_ms": 0, "optimizer_time_ms": 0, "layer_compute_total_ms": [27.965235900878906, 59.394622802734375, 59.394622802734375, 59.394622802734375, 59.394622802734375, 59.394622802734375, 59.394622802734375, 59.394622802734375, 59.394622802734375, 59.394622802734375, 59.394622802734375, 59.394622802734375, 59.394622802734375, 59.394622802734375, 59.394622802734375, 59.394622802734375, 59.394622802734375, 59.394622802734375, 59.394622802734375, 59.394622802734375, 59.394622802734375, 59.394622802734375, 59.394622802734375, 59.394622802734375, 59.394622802734375, 69.90786743164062], "forward_backward_time_ms": 1523.3440505981446}, "execution_memory": {"layer_memory_total_mb": [560.0, 664.2822265625, 664.2822265625, 664.2822265625, 664.2822265625, 664.2822265625, 664.2822265625, 664.2822265625, 664.2822265625, 664.2822265625, 664.2822265625, 664.2822265625, 664.2822265625, 664.2822265625, 664.2822265625, 664.2822265625, 664.2822265625, 664.2822265625, 664.2822265625, 664.2822265625, 664.2822265625, 664.2822265625, 664.2822265625, 664.2822265625, 664.2822265625, 2252.0], "total_memory": 18754.7734375}}