{"model": {"model_name": "GPT_350M", "num_layers": 26, "parameters": {"total_parameters_bytes": 407166976, "parameters_per_layer_bytes": [52428800, 12596224, 12596224, 12596224, 12596224, 12596224, 12596224, 12596224, 12596224, 12596224, 12596224, 12596224, 12596224, 12596224, 12596224, 12596224, 12596224, 12596224, 12596224, 12596224, 12596224, 12596224, 12596224, 12596224, 12596224, 52428800]}}, "execution_time": {"batch_generator_time_ms": 0, "optimizer_time_ms": 0, "layer_compute_total_ms": [18.016255950927736, 49.92163848876953, 49.92163848876953, 49.92163848876953, 49.92163848876953, 49.92163848876953, 49.92163848876953, 49.92163848876953, 49.92163848876953, 49.92163848876953, 49.92163848876953, 49.92163848876953, 49.92163848876953, 49.92163848876953, 49.92163848876953, 49.92163848876953, 49.92163848876953, 49.92163848876953, 49.92163848876953, 49.92163848876953, 49.92163848876953, 49.92163848876953, 49.92163848876953, 49.92163848876953, 49.92163848876953, 28.077056884765625], "forward_backward_time_ms": 1244.212636566162}, "execution_memory": {"layer_memory_total_mb": [312.0, 535.0712890625, 535.0712890625, 535.0712890625, 535.0712890625, 535.0712890625, 535.0712890625, 535.0712890625, 535.0712890625, 535.0712890625, 535.0712890625, 535.0712890625, 535.0712890625, 535.0712890625, 535.0712890625, 535.0712890625, 535.0712890625, 535.0712890625, 535.0712890625, 535.0712890625, 535.0712890625, 535.0712890625, 535.0712890625, 535.0712890625, 535.0712890625, 600.0], "total_memory": 13753.7109375}}