{"model": {"model_name": "GPT_350M", "num_layers": 26, "parameters": {"total_parameters_bytes": 407166976, "parameters_per_layer_bytes": [52428800, 12596224, 12596224, 12596224, 12596224, 12596224, 12596224, 12596224, 12596224, 12596224, 12596224, 12596224, 12596224, 12596224, 12596224, 12596224, 12596224, 12596224, 12596224, 12596224, 12596224, 12596224, 12596224, 12596224, 12596224, 52428800]}}, "execution_time": {"batch_generator_time_ms": 0, "optimizer_time_ms": 0, "layer_compute_total_ms": [21.985894775390626, 54.412289428710935, 54.412289428710935, 54.412289428710935, 54.412289428710935, 54.412289428710935, 54.412289428710935, 54.412289428710935, 54.412289428710935, 54.412289428710935, 54.412289428710935, 54.412289428710935, 54.412289428710935, 54.412289428710935, 54.412289428710935, 54.412289428710935, 54.412289428710935, 54.412289428710935, 54.412289428710935, 54.412289428710935, 54.412289428710935, 54.412289428710935, 54.412289428710935, 54.412289428710935, 54.412289428710935, 55.6521484375], "forward_backward_time_ms": 1383.5329895019527}, "execution_memory": {"layer_memory_total_mb": [842.0, 700.6259765625, 700.6259765625, 700.6259765625, 700.6259765625, 700.6259765625, 700.6259765625, 700.6259765625, 700.6259765625, 700.6259765625, 700.6259765625, 700.6259765625, 700.6259765625, 700.6259765625, 700.6259765625, 700.6259765625, 700.6259765625, 700.6259765625, 700.6259765625, 700.6259765625, 700.6259765625, 700.6259765625, 700.6259765625, 700.6259765625, 700.6259765625, 4400.0], "total_memory": 22057.0234375}}