{"model": {"model_name": "GPT_350M", "num_layers": 26, "parameters": {"total_parameters_bytes": 407166976, "parameters_per_layer_bytes": [52428800, 12596224, 12596224, 12596224, 12596224, 12596224, 12596224, 12596224, 12596224, 12596224, 12596224, 12596224, 12596224, 12596224, 12596224, 12596224, 12596224, 12596224, 12596224, 12596224, 12596224, 12596224, 12596224, 12596224, 12596224, 52428800]}}, "execution_time": {"batch_generator_time_ms": 0, "optimizer_time_ms": 0, "layer_compute_total_ms": [12.792384338378906, 29.857177734375, 29.857177734375, 29.857177734375, 29.857177734375, 29.857177734375, 29.857177734375, 29.857177734375, 29.857177734375, 29.857177734375, 29.857177734375, 29.857177734375, 29.857177734375, 29.857177734375, 29.857177734375, 29.857177734375, 29.857177734375, 29.857177734375, 29.857177734375, 29.857177734375, 29.857177734375, 29.857177734375, 29.857177734375, 29.857177734375, 29.857177734375, 35.60079345703125], "forward_backward_time_ms": 764.9654434204102}, "execution_memory": {"layer_memory_total_mb": [432.0, 586.1416015625, 586.1416015625, 586.1416015625, 586.1416015625, 586.1416015625, 586.1416015625, 586.1416015625, 586.1416015625, 586.1416015625, 586.1416015625, 586.1416015625, 586.1416015625, 586.1416015625, 586.1416015625, 586.1416015625, 586.1416015625, 586.1416015625, 586.1416015625, 586.1416015625, 586.1416015625, 586.1416015625, 586.1416015625, 586.1416015625, 586.1416015625, 1220.0], "total_memory": 15719.3984375}}