{"model": {"model_name": "GPT_350M", "num_layers": 26, "parameters": {"total_parameters_bytes": 407166976, "parameters_per_layer_bytes": [52428800, 12596224, 12596224, 12596224, 12596224, 12596224, 12596224, 12596224, 12596224, 12596224, 12596224, 12596224, 12596224, 12596224, 12596224, 12596224, 12596224, 12596224, 12596224, 12596224, 12596224, 12596224, 12596224, 12596224, 12596224, 52428800]}}, "execution_time": {"batch_generator_time_ms": 0, "optimizer_time_ms": 0, "layer_compute_total_ms": [38.061465454101565, 97.59109191894531, 97.59109191894531, 97.59109191894531, 97.59109191894531, 97.59109191894531, 97.59109191894531, 97.59109191894531, 97.59109191894531, 97.59109191894531, 97.59109191894531, 97.59109191894531, 97.59109191894531, 97.59109191894531, 97.59109191894531, 97.59109191894531, 97.59109191894531, 97.59109191894531, 97.59109191894531, 97.59109191894531, 97.59109191894531, 97.59109191894531, 97.59109191894531, 97.59109191894531, 97.59109191894531, 55.31016845703125], "forward_backward_time_ms": 2435.55783996582}, "execution_memory": {"layer_memory_total_mb": [428.0, 623.5126953125, 623.5126953125, 623.5126953125, 623.5126953125, 623.5126953125, 623.5126953125, 623.5126953125, 623.5126953125, 623.5126953125, 623.5126953125, 623.5126953125, 623.5126953125, 623.5126953125, 623.5126953125, 623.5126953125, 623.5126953125, 623.5126953125, 623.5126953125, 623.5126953125, 623.5126953125, 623.5126953125, 623.5126953125, 623.5126953125, 623.5126953125, 1132.0], "total_memory": 16524.3046875}}