{"model": {"model_name": "GPT_350M", "num_layers": 26, "parameters": {"total_parameters_bytes": 407166976, "parameters_per_layer_bytes": [52428800, 12596224, 12596224, 12596224, 12596224, 12596224, 12596224, 12596224, 12596224, 12596224, 12596224, 12596224, 12596224, 12596224, 12596224, 12596224, 12596224, 12596224, 12596224, 12596224, 12596224, 12596224, 12596224, 12596224, 12596224, 52428800]}}, "execution_time": {"batch_generator_time_ms": 0, "optimizer_time_ms": 0, "layer_compute_total_ms": [10.131865692138671, 26.913772583007812, 26.913772583007812, 26.913772583007812, 26.913772583007812, 26.913772583007812, 26.913772583007812, 26.913772583007812, 26.913772583007812, 26.913772583007812, 26.913772583007812, 26.913772583007812, 26.913772583007812, 26.913772583007812, 26.913772583007812, 26.913772583007812, 26.913772583007812, 26.913772583007812, 26.913772583007812, 26.913772583007812, 26.913772583007812, 26.913772583007812, 26.913772583007812, 26.913772583007812, 26.913772583007812, 17.580441284179688], "forward_backward_time_ms": 673.6428489685059}, "execution_memory": {"layer_memory_total_mb": [432.0, 236.1572265625, 236.1572265625, 236.1572265625, 236.1572265625, 236.1572265625, 236.1572265625, 236.1572265625, 236.1572265625, 236.1572265625, 236.1572265625, 236.1572265625, 236.1572265625, 236.1572265625, 236.1572265625, 236.1572265625, 236.1572265625, 236.1572265625, 236.1572265625, 236.1572265625, 236.1572265625, 236.1572265625, 236.1572265625, 236.1572265625, 236.1572265625, 1220.0], "total_memory": 7319.7734375}}