{"model": {"model_name": "GPT_350M", "num_layers": 26, "parameters": {"total_parameters_bytes": 407166976, "parameters_per_layer_bytes": [52428800, 12596224, 12596224, 12596224, 12596224, 12596224, 12596224, 12596224, 12596224, 12596224, 12596224, 12596224, 12596224, 12596224, 12596224, 12596224, 12596224, 12596224, 12596224, 12596224, 12596224, 12596224, 12596224, 12596224, 12596224, 52428800]}}, "execution_time": {"batch_generator_time_ms": 0, "optimizer_time_ms": 0, "layer_compute_total_ms": [1.1394816279411315, 7.1092222213745115, 7.1092222213745115, 7.1092222213745115, 7.1092222213745115, 7.1092222213745115, 7.1092222213745115, 7.1092222213745115, 7.1092222213745115, 7.1092222213745115, 7.1092222213745115, 7.1092222213745115, 7.1092222213745115, 7.1092222213745115, 7.1092222213745115, 7.1092222213745115, 7.1092222213745115, 7.1092222213745115, 7.1092222213745115, 7.1092222213745115, 7.1092222213745115, 7.1092222213745115, 7.1092222213745115, 7.1092222213745115, 7.1092222213745115, 44.070501708984374], "forward_backward_time_ms": 215.83131664991384}, "execution_memory": {"layer_memory_total_mb": [1180.0, 772.6259765625, 772.6259765625, 772.6259765625, 772.6259765625, 772.6259765625, 772.6259765625, 772.6259765625, 772.6259765625, 772.6259765625, 772.6259765625, 772.6259765625, 772.6259765625, 772.6259765625, 772.6259765625, 772.6259765625, 772.6259765625, 772.6259765625, 772.6259765625, 772.6259765625, 772.6259765625, 772.6259765625, 772.6259765625, 772.6259765625, 772.6259765625, 4800.0], "total_memory": 24523.0234375}}