{"model": {"model_name": "GPT_350M", "num_layers": 26, "parameters": {"total_parameters_bytes": 407166976, "parameters_per_layer_bytes": [52428800, 12596224, 12596224, 12596224, 12596224, 12596224, 12596224, 12596224, 12596224, 12596224, 12596224, 12596224, 12596224, 12596224, 12596224, 12596224, 12596224, 12596224, 12596224, 12596224, 12596224, 12596224, 12596224, 12596224, 12596224, 52428800]}}, "execution_time": {"batch_generator_time_ms": 0, "optimizer_time_ms": 0, "layer_compute_total_ms": [47.78598327636718, 143.66821899414063, 143.66821899414063, 143.66821899414063, 143.66821899414063, 143.66821899414063, 143.66821899414063, 143.66821899414063, 143.66821899414063, 143.66821899414063, 143.66821899414063, 143.66821899414063, 143.66821899414063, 143.66821899414063, 143.66821899414063, 143.66821899414063, 143.66821899414063, 143.66821899414063, 143.66821899414063, 143.66821899414063, 143.66821899414063, 143.66821899414063, 143.66821899414063, 143.66821899414063, 143.66821899414063, 50.059469604492186], "forward_backward_time_ms": 3545.882708740236}, "execution_memory": {"layer_memory_total_mb": [312.0, 116.0791015625, 116.0791015625, 116.0791015625, 116.0791015625, 116.0791015625, 116.0791015625, 116.0791015625, 116.0791015625, 116.0791015625, 116.0791015625, 116.0791015625, 116.0791015625, 116.0791015625, 116.0791015625, 116.0791015625, 116.0791015625, 116.0791015625, 116.0791015625, 116.0791015625, 116.0791015625, 116.0791015625, 116.0791015625, 116.0791015625, 116.0791015625, 600.0], "total_memory": 3697.8984375}}