{"model": {"model_name": "GPT_350M", "num_layers": 26, "parameters": {"total_parameters_bytes": 407166976, "parameters_per_layer_bytes": [52428800, 12596224, 12596224, 12596224, 12596224, 12596224, 12596224, 12596224, 12596224, 12596224, 12596224, 12596224, 12596224, 12596224, 12596224, 12596224, 12596224, 12596224, 12596224, 12596224, 12596224, 12596224, 12596224, 12596224, 12596224, 52428800]}}, "execution_time": {"batch_generator_time_ms": 0, "optimizer_time_ms": 0, "layer_compute_total_ms": [3.1080448627471924, 25.559040069580078, 25.559040069580078, 25.559040069580078, 25.559040069580078, 25.559040069580078, 25.559040069580078, 25.559040069580078, 25.559040069580078, 25.559040069580078, 25.559040069580078, 25.559040069580078, 25.559040069580078, 25.559040069580078, 25.559040069580078, 25.559040069580078, 25.559040069580078, 25.559040069580078, 25.559040069580078, 25.559040069580078, 25.559040069580078, 25.559040069580078, 25.559040069580078, 25.559040069580078, 25.559040069580078, 120.6244873046875], "forward_backward_time_ms": 737.1494938373565}, "execution_memory": {"layer_memory_total_mb": [1180.0, 856.5634765625, 856.5634765625, 856.5634765625, 856.5634765625, 856.5634765625, 856.5634765625, 856.5634765625, 856.5634765625, 856.5634765625, 856.5634765625, 856.5634765625, 856.5634765625, 856.5634765625, 856.5634765625, 856.5634765625, 856.5634765625, 856.5634765625, 856.5634765625, 856.5634765625, 856.5634765625, 856.5634765625, 856.5634765625, 856.5634765625, 856.5634765625, 4800.0], "total_memory": 26537.5234375}}