{"model": {"model_name": "GPT_350M", "num_layers": 26, "parameters": {"total_parameters_bytes": 407166976, "parameters_per_layer_bytes": [52428800, 12596224, 12596224, 12596224, 12596224, 12596224, 12596224, 12596224, 12596224, 12596224, 12596224, 12596224, 12596224, 12596224, 12596224, 12596224, 12596224, 12596224, 12596224, 12596224, 12596224, 12596224, 12596224, 12596224, 12596224, 52428800]}}, "execution_time": {"batch_generator_time_ms": 0, "optimizer_time_ms": 0, "layer_compute_total_ms": [64.02662353515625, 178.06970825195313, 178.06970825195313, 178.06970825195313, 178.06970825195313, 178.06970825195313, 178.06970825195313, 178.06970825195313, 178.06970825195313, 178.06970825195313, 178.06970825195313, 178.06970825195313, 178.06970825195313, 178.06970825195313, 178.06970825195313, 178.06970825195313, 178.06970825195313, 178.06970825195313, 178.06970825195313, 178.06970825195313, 178.06970825195313, 178.06970825195313, 178.06970825195313, 178.06970825195313, 178.06970825195313, 128.9934814453125], "forward_backward_time_ms": 4466.6931030273445}, "execution_memory": {"layer_memory_total_mb": [842.0, 772.5634765625, 772.5634765625, 772.5634765625, 772.5634765625, 772.5634765625, 772.5634765625, 772.5634765625, 772.5634765625, 772.5634765625, 772.5634765625, 772.5634765625, 772.5634765625, 772.5634765625, 772.5634765625, 772.5634765625, 772.5634765625, 772.5634765625, 772.5634765625, 772.5634765625, 772.5634765625, 772.5634765625, 772.5634765625, 772.5634765625, 772.5634765625, 4402.0], "total_memory": 23785.5234375}}