{"model": {"model_name": "GPT_350M", "num_layers": 26, "parameters": {"total_parameters_bytes": 407166976, "parameters_per_layer_bytes": [52428800, 12596224, 12596224, 12596224, 12596224, 12596224, 12596224, 12596224, 12596224, 12596224, 12596224, 12596224, 12596224, 12596224, 12596224, 12596224, 12596224, 12596224, 12596224, 12596224, 12596224, 12596224, 12596224, 12596224, 12596224, 52428800]}}, "execution_time": {"batch_generator_time_ms": 0, "optimizer_time_ms": 0, "layer_compute_total_ms": [2.0135936737060547, 23.195442962646485, 23.195442962646485, 23.195442962646485, 23.195442962646485, 23.195442962646485, 23.195442962646485, 23.195442962646485, 23.195442962646485, 23.195442962646485, 23.195442962646485, 23.195442962646485, 23.195442962646485, 23.195442962646485, 23.195442962646485, 23.195442962646485, 23.195442962646485, 23.195442962646485, 23.195442962646485, 23.195442962646485, 23.195442962646485, 23.195442962646485, 23.195442962646485, 23.195442962646485, 23.195442962646485, 83.38452758789063], "forward_backward_time_ms": 642.0887523651123}, "execution_memory": {"layer_memory_total_mb": [1180.0, 724.6259765625, 724.6259765625, 724.6259765625, 724.6259765625, 724.6259765625, 724.6259765625, 724.6259765625, 724.6259765625, 724.6259765625, 724.6259765625, 724.6259765625, 724.6259765625, 724.6259765625, 724.6259765625, 724.6259765625, 724.6259765625, 724.6259765625, 724.6259765625, 724.6259765625, 724.6259765625, 724.6259765625, 724.6259765625, 724.6259765625, 724.6259765625, 4800.0], "total_memory": 23371.0234375}}