{"model": {"model_name": "GPT_350M", "num_layers": 26, "parameters": {"total_parameters_bytes": 407166976, "parameters_per_layer_bytes": [52428800, 12596224, 12596224, 12596224, 12596224, 12596224, 12596224, 12596224, 12596224, 12596224, 12596224, 12596224, 12596224, 12596224, 12596224, 12596224, 12596224, 12596224, 12596224, 12596224, 12596224, 12596224, 12596224, 12596224, 12596224, 52428800]}}, "execution_time": {"batch_generator_time_ms": 0, "optimizer_time_ms": 0, "layer_compute_total_ms": [42.67622375488281, 125.011767578125, 125.011767578125, 125.011767578125, 125.011767578125, 125.011767578125, 125.011767578125, 125.011767578125, 125.011767578125, 125.011767578125, 125.011767578125, 125.011767578125, 125.011767578125, 125.011767578125, 125.011767578125, 125.011767578125, 125.011767578125, 125.011767578125, 125.011767578125, 125.011767578125, 125.011767578125, 125.011767578125, 125.011767578125, 125.011767578125, 125.011767578125, 51.65443115234375], "forward_backward_time_ms": 3094.613076782226}, "execution_memory": {"layer_memory_total_mb": [432.0, 232.1572265625, 232.1572265625, 232.1572265625, 232.1572265625, 232.1572265625, 232.1572265625, 232.1572265625, 232.1572265625, 232.1572265625, 232.1572265625, 232.1572265625, 232.1572265625, 232.1572265625, 232.1572265625, 232.1572265625, 232.1572265625, 232.1572265625, 232.1572265625, 232.1572265625, 232.1572265625, 232.1572265625, 232.1572265625, 232.1572265625, 232.1572265625, 1220.0], "total_memory": 7223.7734375}}