{"model": {"model_name": "GPT_350M", "num_layers": 26, "parameters": {"total_parameters_bytes": 407166976, "parameters_per_layer_bytes": [52428800, 12596224, 12596224, 12596224, 12596224, 12596224, 12596224, 12596224, 12596224, 12596224, 12596224, 12596224, 12596224, 12596224, 12596224, 12596224, 12596224, 12596224, 12596224, 12596224, 12596224, 12596224, 12596224, 12596224, 12596224, 52428800]}}, "execution_time": {"batch_generator_time_ms": 0, "optimizer_time_ms": 0, "layer_compute_total_ms": [30.962893676757812, 89.2424072265625, 89.2424072265625, 89.2424072265625, 89.2424072265625, 89.2424072265625, 89.2424072265625, 89.2424072265625, 89.2424072265625, 89.2424072265625, 89.2424072265625, 89.2424072265625, 89.2424072265625, 89.2424072265625, 89.2424072265625, 89.2424072265625, 89.2424072265625, 89.2424072265625, 89.2424072265625, 89.2424072265625, 89.2424072265625, 89.2424072265625, 89.2424072265625, 89.2424072265625, 89.2424072265625, 64.81305541992188], "forward_backward_time_ms": 2237.5937225341804}, "execution_memory": {"layer_memory_total_mb": [682.0, 397.1796875, 397.1796875, 397.1796875, 397.1796875, 397.1796875, 397.1796875, 397.1796875, 397.1796875, 397.1796875, 397.1796875, 397.1796875, 397.1796875, 397.1796875, 397.1796875, 397.1796875, 397.1796875, 397.1796875, 397.1796875, 397.1796875, 397.1796875, 397.1796875, 397.1796875, 397.1796875, 397.1796875, 2400.0], "total_memory": 12614.3125}}