{"model": {"model_name": "GPT_350M", "num_layers": 26, "parameters": {"total_parameters_bytes": 407166976, "parameters_per_layer_bytes": [52428800, 12596224, 12596224, 12596224, 12596224, 12596224, 12596224, 12596224, 12596224, 12596224, 12596224, 12596224, 12596224, 12596224, 12596224, 12596224, 12596224, 12596224, 12596224, 12596224, 12596224, 12596224, 12596224, 12596224, 12596224, 52428800]}}, "execution_time": {"batch_generator_time_ms": 0, "optimizer_time_ms": 0, "layer_compute_total_ms": [1.5257792234420777, 14.526259231567384, 14.526259231567384, 14.526259231567384, 14.526259231567384, 14.526259231567384, 14.526259231567384, 14.526259231567384, 14.526259231567384, 14.526259231567384, 14.526259231567384, 14.526259231567384, 14.526259231567384, 14.526259231567384, 14.526259231567384, 14.526259231567384, 14.526259231567384, 14.526259231567384, 14.526259231567384, 14.526259231567384, 14.526259231567384, 14.526259231567384, 14.526259231567384, 14.526259231567384, 14.526259231567384, 85.31619873046876], "forward_backward_time_ms": 435.4721995115282}, "execution_memory": {"layer_memory_total_mb": [1292.0, 1229.2509765625, 1229.2509765625, 1229.2509765625, 1229.2509765625, 1229.2509765625, 1229.2509765625, 1229.2509765625, 1229.2509765625, 1229.2509765625, 1229.2509765625, 1229.2509765625, 1229.2509765625, 1229.2509765625, 1229.2509765625, 1229.2509765625, 1229.2509765625, 1229.2509765625, 1229.2509765625, 1229.2509765625, 1229.2509765625, 1229.2509765625, 1229.2509765625, 1229.2509765625, 1229.2509765625, 8800.0], "total_memory": 39594.0234375}}