{"model": {"model_name": "GPT_350M", "num_layers": 26, "parameters": {"total_parameters_bytes": 407166976, "parameters_per_layer_bytes": [52428800, 12596224, 12596224, 12596224, 12596224, 12596224, 12596224, 12596224, 12596224, 12596224, 12596224, 12596224, 12596224, 12596224, 12596224, 12596224, 12596224, 12596224, 12596224, 12596224, 12596224, 12596224, 12596224, 12596224, 12596224, 52428800]}}, "execution_time": {"batch_generator_time_ms": 0, "optimizer_time_ms": 0, "layer_compute_total_ms": [4.998918437957764, 50.83504638671875, 50.83504638671875, 50.83504638671875, 50.83504638671875, 50.83504638671875, 50.83504638671875, 50.83504638671875, 50.83504638671875, 50.83504638671875, 50.83504638671875, 50.83504638671875, 50.83504638671875, 50.83504638671875, 50.83504638671875, 50.83504638671875, 50.83504638671875, 50.83504638671875, 50.83504638671875, 50.83504638671875, 50.83504638671875, 50.83504638671875, 50.83504638671875, 50.83504638671875, 50.83504638671875, 242.0703125], "forward_backward_time_ms": 1467.1103442192077}, "execution_memory": {"layer_memory_total_mb": [1292.0, 1309.1259765625, 1309.1259765625, 1309.1259765625, 1309.1259765625, 1309.1259765625, 1309.1259765625, 1309.1259765625, 1309.1259765625, 1309.1259765625, 1309.1259765625, 1309.1259765625, 1309.1259765625, 1309.1259765625, 1309.1259765625, 1309.1259765625, 1309.1259765625, 1309.1259765625, 1309.1259765625, 1309.1259765625, 1309.1259765625, 1309.1259765625, 1309.1259765625, 1309.1259765625, 1309.1259765625, 8800.0], "total_memory": 41511.0234375}}