{"model": {"model_name": "GPT_350M", "num_layers": 26, "parameters": {"total_parameters_bytes": 407166976, "parameters_per_layer_bytes": [52428800, 12596224, 12596224, 12596224, 12596224, 12596224, 12596224, 12596224, 12596224, 12596224, 12596224, 12596224, 12596224, 12596224, 12596224, 12596224, 12596224, 12596224, 12596224, 12596224, 12596224, 12596224, 12596224, 12596224, 12596224, 52428800]}}, "execution_time": {"batch_generator_time_ms": 0, "optimizer_time_ms": 0, "layer_compute_total_ms": [20.75320358276367, 53.986508178710935, 53.986508178710935, 53.986508178710935, 53.986508178710935, 53.986508178710935, 53.986508178710935, 53.986508178710935, 53.986508178710935, 53.986508178710935, 53.986508178710935, 53.986508178710935, 53.986508178710935, 53.986508178710935, 53.986508178710935, 53.986508178710935, 53.986508178710935, 53.986508178710935, 53.986508178710935, 53.986508178710935, 53.986508178710935, 53.986508178710935, 53.986508178710935, 53.986508178710935, 53.986508178710935, 34.429541015625], "forward_backward_time_ms": 1350.8589408874507}, "execution_memory": {"layer_memory_total_mb": [560.0, 376.2822265625, 376.2822265625, 376.2822265625, 376.2822265625, 376.2822265625, 376.2822265625, 376.2822265625, 376.2822265625, 376.2822265625, 376.2822265625, 376.2822265625, 376.2822265625, 376.2822265625, 376.2822265625, 376.2822265625, 376.2822265625, 376.2822265625, 376.2822265625, 376.2822265625, 376.2822265625, 376.2822265625, 376.2822265625, 376.2822265625, 376.2822265625, 2252.0], "total_memory": 11842.7734375}}