{"model": {"model_name": "GPT_350M", "num_layers": 26, "parameters": {"total_parameters_bytes": 407166976, "parameters_per_layer_bytes": [52428800, 12596224, 12596224, 12596224, 12596224, 12596224, 12596224, 12596224, 12596224, 12596224, 12596224, 12596224, 12596224, 12596224, 12596224, 12596224, 12596224, 12596224, 12596224, 12596224, 12596224, 12596224, 12596224, 12596224, 12596224, 52428800]}}, "execution_time": {"batch_generator_time_ms": 0, "optimizer_time_ms": 0, "layer_compute_total_ms": [3.0674942970275882, 44.331007385253905, 44.331007385253905, 44.331007385253905, 44.331007385253905, 44.331007385253905, 44.331007385253905, 44.331007385253905, 44.331007385253905, 44.331007385253905, 44.331007385253905, 44.331007385253905, 44.331007385253905, 44.331007385253905, 44.331007385253905, 44.331007385253905, 44.331007385253905, 44.331007385253905, 44.331007385253905, 44.331007385253905, 44.331007385253905, 44.331007385253905, 44.331007385253905, 44.331007385253905, 44.331007385253905, 165.57650146484374], "forward_backward_time_ms": 1232.5881730079648}, "execution_memory": {"layer_memory_total_mb": [1292.0, 1309.1259765625, 1309.1259765625, 1309.1259765625, 1309.1259765625, 1309.1259765625, 1309.1259765625, 1309.1259765625, 1309.1259765625, 1309.1259765625, 1309.1259765625, 1309.1259765625, 1309.1259765625, 1309.1259765625, 1309.1259765625, 1309.1259765625, 1309.1259765625, 1309.1259765625, 1309.1259765625, 1309.1259765625, 1309.1259765625, 1309.1259765625, 1309.1259765625, 1309.1259765625, 1309.1259765625, 8802.0], "total_memory": 41513.0234375}}