{"model": {"model_name": "GPT_350M", "num_layers": 26, "parameters": {"total_parameters_bytes": 407166976, "parameters_per_layer_bytes": [52428800, 12596224, 12596224, 12596224, 12596224, 12596224, 12596224, 12596224, 12596224, 12596224, 12596224, 12596224, 12596224, 12596224, 12596224, 12596224, 12596224, 12596224, 12596224, 12596224, 12596224, 12596224, 12596224, 12596224, 12596224, 52428800]}}, "execution_time": {"batch_generator_time_ms": 0, "optimizer_time_ms": 0, "layer_compute_total_ms": [14.02900505065918, 33.428070068359375, 33.428070068359375, 33.428070068359375, 33.428070068359375, 33.428070068359375, 33.428070068359375, 33.428070068359375, 33.428070068359375, 33.428070068359375, 33.428070068359375, 33.428070068359375, 33.428070068359375, 33.428070068359375, 33.428070068359375, 33.428070068359375, 33.428070068359375, 33.428070068359375, 33.428070068359375, 33.428070068359375, 33.428070068359375, 33.428070068359375, 33.428070068359375, 33.428070068359375, 33.428070068359375, 67.82811279296875], "forward_backward_time_ms": 884.130799484253}, "execution_memory": {"layer_memory_total_mb": [682.0, 583.1796875, 583.1796875, 583.1796875, 583.1796875, 583.1796875, 583.1796875, 583.1796875, 583.1796875, 583.1796875, 583.1796875, 583.1796875, 583.1796875, 583.1796875, 583.1796875, 583.1796875, 583.1796875, 583.1796875, 583.1796875, 583.1796875, 583.1796875, 583.1796875, 583.1796875, 583.1796875, 583.1796875, 2400.0], "total_memory": 17078.3125}}