{"model": {"model_name": "GPT_350M", "num_layers": 26, "parameters": {"total_parameters_bytes": 407166976, "parameters_per_layer_bytes": [52428800, 12596224, 12596224, 12596224, 12596224, 12596224, 12596224, 12596224, 12596224, 12596224, 12596224, 12596224, 12596224, 12596224, 12596224, 12596224, 12596224, 12596224, 12596224, 12596224, 12596224, 12596224, 12596224, 12596224, 12596224, 52428800]}}, "execution_time": {"batch_generator_time_ms": 0, "optimizer_time_ms": 0, "layer_compute_total_ms": [84.200244140625, 248.86025390625, 248.86025390625, 248.86025390625, 248.86025390625, 248.86025390625, 248.86025390625, 248.86025390625, 248.86025390625, 248.86025390625, 248.86025390625, 248.86025390625, 248.86025390625, 248.86025390625, 248.86025390625, 248.86025390625, 248.86025390625, 248.86025390625, 248.86025390625, 248.86025390625, 248.86025390625, 248.86025390625, 248.86025390625, 248.86025390625, 248.86025390625, 102.1296630859375], "forward_backward_time_ms": 6158.976000976564}, "execution_memory": {"layer_memory_total_mb": [560.0, 664.2822265625, 664.2822265625, 664.2822265625, 664.2822265625, 664.2822265625, 664.2822265625, 664.2822265625, 664.2822265625, 664.2822265625, 664.2822265625, 664.2822265625, 664.2822265625, 664.2822265625, 664.2822265625, 664.2822265625, 664.2822265625, 664.2822265625, 664.2822265625, 664.2822265625, 664.2822265625, 664.2822265625, 664.2822265625, 664.2822265625, 664.2822265625, 2254.0], "total_memory": 18756.7734375}}