{"model": {"model_name": "GPT_350M", "num_layers": 26, "parameters": {"total_parameters_bytes": 407166976, "parameters_per_layer_bytes": [52428800, 12596224, 12596224, 12596224, 12596224, 12596224, 12596224, 12596224, 12596224, 12596224, 12596224, 12596224, 12596224, 12596224, 12596224, 12596224, 12596224, 12596224, 12596224, 12596224, 12596224, 12596224, 12596224, 12596224, 12596224, 52428800]}}, "execution_time": {"batch_generator_time_ms": 0, "optimizer_time_ms": 0, "layer_compute_total_ms": [28.620185852050778, 66.739404296875, 66.739404296875, 66.739404296875, 66.739404296875, 66.739404296875, 66.739404296875, 66.739404296875, 66.739404296875, 66.739404296875, 66.739404296875, 66.739404296875, 66.739404296875, 66.739404296875, 66.739404296875, 66.739404296875, 66.739404296875, 66.739404296875, 66.739404296875, 66.739404296875, 66.739404296875, 66.739404296875, 66.739404296875, 66.739404296875, 66.739404296875, 131.5000732421875], "forward_backward_time_ms": 1761.8659622192376}, "execution_memory": {"layer_memory_total_mb": [842.0, 772.5634765625, 772.5634765625, 772.5634765625, 772.5634765625, 772.5634765625, 772.5634765625, 772.5634765625, 772.5634765625, 772.5634765625, 772.5634765625, 772.5634765625, 772.5634765625, 772.5634765625, 772.5634765625, 772.5634765625, 772.5634765625, 772.5634765625, 772.5634765625, 772.5634765625, 772.5634765625, 772.5634765625, 772.5634765625, 772.5634765625, 772.5634765625, 4400.0], "total_memory": 23783.5234375}}