{"model": {"model_name": "GPT_350M", "num_layers": 26, "parameters": {"total_parameters_bytes": 407166976, "parameters_per_layer_bytes": [52428800, 12596224, 12596224, 12596224, 12596224, 12596224, 12596224, 12596224, 12596224, 12596224, 12596224, 12596224, 12596224, 12596224, 12596224, 12596224, 12596224, 12596224, 12596224, 12596224, 12596224, 12596224, 12596224, 12596224, 12596224, 52428800]}}, "execution_time": {"batch_generator_time_ms": 0, "optimizer_time_ms": 0, "layer_compute_total_ms": [94.1875213623047, 285.00828857421874, 285.00828857421874, 285.00828857421874, 285.00828857421874, 285.00828857421874, 285.00828857421874, 285.00828857421874, 285.00828857421874, 285.00828857421874, 285.00828857421874, 285.00828857421874, 285.00828857421874, 285.00828857421874, 285.00828857421874, 285.00828857421874, 285.00828857421874, 285.00828857421874, 285.00828857421874, 285.00828857421874, 285.00828857421874, 285.00828857421874, 285.00828857421874, 285.00828857421874, 285.00828857421874, 98.68800048828125], "forward_backward_time_ms": 7033.074447631833}, "execution_memory": {"layer_memory_total_mb": [428.0, 623.5126953125, 623.5126953125, 623.5126953125, 623.5126953125, 623.5126953125, 623.5126953125, 623.5126953125, 623.5126953125, 623.5126953125, 623.5126953125, 623.5126953125, 623.5126953125, 623.5126953125, 623.5126953125, 623.5126953125, 623.5126953125, 623.5126953125, 623.5126953125, 623.5126953125, 623.5126953125, 623.5126953125, 623.5126953125, 623.5126953125, 623.5126953125, 1134.0], "total_memory": 16526.3046875}}